// Auto-generated VLW font: inter_20
// Size: 80211 bytes (78.3 KB)
#pragma once
#include <pgmspace.h>

const uint8_t inter_20[] PROGMEM = {
    0x00, 0x00, 0x01, 0x42, 0x00, 0x00, 0x00, 0x06, 0x00, 0x00, 0x00, 0x18, 0x00, 0x00, 0x00, 0x00,
    0x00, 0x00, 0x00, 0x18, 0x00, 0x00, 0x00, 0x06, 0x00, 0x00, 0x00, 0x20, 0x00, 0x00, 0x00, 0x00,
    0x00, 0x00, 0x00, 0x00, 0x00, 0x00, 0x00, 0x07, 0x00, 0x00, 0x00, 0x00, 0x00, 0x00, 0x00, 0x00,
    0x00, 0x00, 0x00, 0x00, 0x00, 0x00, 0x00, 0x21, 0x00, 0x00, 0x00, 0x11, 0x00, 0x00, 0x00, 0x05,
    0x00, 0x00, 0x00, 0x07, 0x00, 0x00, 0x00, 0x11, 0x00, 0x00, 0x00, 0x01, 0x00, 0x00, 0x00, 0x00,
    0x00, 0x00, 0x00, 0x22, 0x00, 0x00, 0x00, 0x06, 0x00, 0x00, 0x00, 0x07, 0x00, 0x00, 0x00, 0x0B,
    0x00, 0x00, 0x00, 0x11, 0x00, 0x00, 0x00, 0x02, 0x00, 0x00, 0x00, 0x00, 0x00, 0x00, 0x00, 0x23,
    0x00, 0x00, 0x00, 0x11, 0x00, 0x00, 0x00, 0x0F, 0x00, 0x00, 0x00, 0x0F, 0x00, 0x00, 0x00, 0x11,
    0x00, 0x00, 0x00, 0x00, 0x00, 0x00, 0x00, 0x00, 0x00, 0x00, 0x00, 0x24, 0x00, 0x00, 0x00, 0x17,
    0x00, 0x00, 0x00, 0x0E, 0x00, 0x00, 0x00, 0x0F, 0x00, 0x00, 0x00, 0x14, 0x00, 0x00, 0x00, 0x01,
    0x00, 0x00, 0x00, 0x00, 0x00, 0x00, 0x00, 0x25, 0x00, 0x00, 0x00, 0x11, 0x00, 0x00, 0x00, 0x13,
    0x00, 0x00, 0x00, 0x18, 0x00, 0x00, 0x00, 0x11, 0x00, 0x00, 0x00, 0x02, 0x00, 0x00, 0x00, 0x00,
    0x00, 0x00, 0x00, 0x26, 0x00, 0x00, 0x00, 0x11, 0x00, 0x00, 0x00, 0x0F, 0x00, 0x00, 0x00, 0x0F,
    0x00, 0x00, 0x00, 0x11, 0x00, 0x00, 0x00, 0x01, 0x00, 0x00, 0x00, 0x00, 0x00, 0x00, 0x00, 0x27,
    0x00, 0x00, 0x00, 0x06, 0x00, 0x00, 0x00, 0x03, 0x00, 0x00, 0x00, 0x07, 0x00, 0x00, 0x00, 0x11,
    0x00, 0x00, 0x00, 0x02, 0x00, 0x00, 0x00, 0x00, 0x00, 0x00, 0x00, 0x28, 0x00, 0x00, 0x00, 0x16,
    0x00, 0x00, 0x00, 0x06, 0x00, 0x00, 0x00, 0x09, 0x00, 0x00, 0x00, 0x13, 0x00, 0x00, 0x00, 0x02,
    0x00, 0x00, 0x00, 0x00, 0x00, 0x00, 0x00, 0x29, 0x00, 0x00, 0x00, 0x16, 0x00, 0x00, 0x00, 0x06,
    0x00, 0x00, 0x00, 0x09, 0x00, 0x00, 0x00, 0x13, 0x00, 0x00, 0x00, 0x01, 0x00, 0x00, 0x00, 0x00,
    0x00, 0x00, 0x00, 0x2A, 0x00, 0x00, 0x00, 0x0A, 0x00, 0x00, 0x00, 0x0A, 0x00, 0x00, 0x00, 0x0C,
    0x00, 0x00, 0x00, 0x11, 0x00, 0x00, 0x00, 0x01, 0x00, 0x00, 0x00, 0x00, 0x00, 0x00, 0x00, 0x2B,
    0x00, 0x00, 0x00, 0x0B, 0x00, 0x00, 0x00, 0x0C, 0x00, 0x00, 0x00, 0x10, 0x00, 0x00, 0x00, 0x0C,
    0x00, 0x00, 0x00, 0x02, 0x00, 0x00, 0x00, 0x00, 0x00, 0x00, 0x00, 0x2C, 0x00, 0x00, 0x00, 0x07,
    0x00, 0x00, 0x00, 0x04, 0x00, 0x00, 0x00, 0x07, 0x00, 0x00, 0x00, 0x03, 0x00, 0x00, 0x00, 0x01,
    0x00, 0x00, 0x00, 0x00, 0x00, 0x00, 0x00, 0x2D, 0x00, 0x00, 0x00, 0x02, 0x00, 0x00, 0x00, 0x09,
    0x00, 0x00, 0x00, 0x0B, 0x00, 0x00, 0x00, 0x08, 0x00, 0x00, 0x00, 0x01, 0x00, 0x00, 0x00, 0x00,
    0x00, 0x00, 0x00, 0x2E, 0x00, 0x00, 0x00, 0x03, 0x00, 0x00, 0x00, 0x05, 0x00, 0x00, 0x00, 0x07,
    0x00, 0x00, 0x00, 0x03, 0x00, 0x00, 0x00, 0x01, 0x00, 0x00, 0x00, 0x00, 0x00, 0x00, 0x00, 0x2F,
    0x00, 0x00, 0x00, 0x15, 0x00, 0x00, 0x00, 0x09, 0x00, 0x00, 0x00, 0x09, 0x00, 0x00, 0x00, 0x12,
    0x00, 0x00, 0x00, 0x00, 0x00, 0x00, 0x00, 0x00, 0x00, 0x00, 0x00, 0x30, 0x00, 0x00, 0x00, 0x11,
    0x00, 0x00, 0x00, 0x0D, 0x00, 0x00, 0x00, 0x0F, 0x00, 0x00, 0x00, 0x11, 0x00, 0x00, 0x00, 0x01,
    0x00, 0x00, 0x00, 0x00, 0x00, 0x00, 0x00, 0x31, 0x00, 0x00, 0x00, 0x11, 0x00, 0x00, 0x00, 0x07,
    0x00, 0x00, 0x00, 0x0A, 0x00, 0x00, 0x00, 0x11, 0x00, 0x00, 0x00, 0x01, 0x00, 0x00, 0x00, 0x00,
    0x00, 0x00, 0x00, 0x32, 0x00, 0x00, 0x00, 0x11, 0x00, 0x00, 0x00, 0x0C, 0x00, 0x00, 0x00, 0x0F,
    0x00, 0x00, 0x00, 0x11, 0x00, 0x00, 0x00, 0x01, 0x00, 0x00, 0x00, 0x00, 0x00, 0x00, 0x00, 0x33,
    0x00, 0x00, 0x00, 0x11, 0x00, 0x00, 0x00, 0x0D, 0x00, 0x00, 0x00, 0x0F, 0x00, 0x00, 0x00, 0x11,
    0x00, 0x00, 0x00, 0x01, 0x00, 0x00, 0x00, 0x00, 0x00, 0x00, 0x00, 0x34, 0x00, 0x00, 0x00, 0x11,
    0x00, 0x00, 0x00, 0x0E, 0x00, 0x00, 0x00, 0x10, 0x00, 0x00, 0x00, 0x11, 0x00, 0x00, 0x00, 0x01,
    0x00, 0x00, 0x00, 0x00, 0x00, 0x00, 0x00, 0x35, 0x00, 0x00, 0x00, 0x11, 0x00, 0x00, 0x00, 0x0C,
    0x00, 0x00, 0x00, 0x0E, 0x00, 0x00, 0x00, 0x11, 0x00, 0x00, 0x00, 0x01, 0x00, 0x00, 0x00, 0x00,
    0x00, 0x00, 0x00, 0x36, 0x00, 0x00, 0x00, 0x11, 0x00, 0x00, 0x00, 0x0D, 0x00, 0x00, 0x00, 0x0F,
    0x00, 0x00, 0x00, 0x11, 0x00, 0x00, 0x00, 0x01, 0x00, 0x00, 0x00, 0x00, 0x00, 0x00, 0x00, 0x37,
    0x00, 0x00, 0x00, 0x11, 0x00, 0x00, 0x00, 0x0C, 0x00, 0x00, 0x00, 0x0E, 0x00, 0x00, 0x00, 0x11,
    0x00, 0x00, 0x00, 0x01, 0x00, 0x00, 0x00, 0x00, 0x00, 0x00, 0x00, 0x38, 0x00, 0x00, 0x00, 0x11,
    0x00, 0x00, 0x00, 0x0D, 0x00, 0x00, 0x00, 0x0F, 0x00, 0x00, 0x00, 0x11, 0x00, 0x00, 0x00, 0x01,
    0x00, 0x00, 0x00, 0x00, 0x00, 0x00, 0x00, 0x39, 0x00, 0x00, 0x00, 0x11, 0x00, 0x00, 0x00, 0x0D,
    0x00, 0x00, 0x00, 0x0F, 0x00, 0x00, 0x00, 0x11, 0x00, 0x00, 0x00, 0x01, 0x00, 0x00, 0x00, 0x00,
    0x00, 0x00, 0x00, 0x3A, 0x00, 0x00, 0x00, 0x0C, 0x00, 0x00, 0x00, 0x05, 0x00, 0x00, 0x00, 0x07,
    0x00, 0x00, 0x00, 0x0C, 0x00, 0x00, 0x00, 0x01, 0x00, 0x00, 0x00, 0x00, 0x00, 0x00, 0x00, 0x3B,
    0x00, 0x00, 0x00, 0x10, 0x00, 0x00, 0x00, 0x05, 0x00, 0x00, 0x00, 0x07, 0x00, 0x00, 0x00, 0x0C,
    0x00, 0x00, 0x00, 0x01, 0x00, 0x00, 0x00, 0x00, 0x00, 0x00, 0x00, 0x3C, 0x00, 0x00, 0x00, 0x0E,
    0x00, 0x00, 0x00, 0x0C, 0x00, 0x00, 0x00, 0x10, 0x00, 0x00, 0x00, 0x0E, 0x00, 0x00, 0x00, 0x02,
    0x00, 0x00, 0x00, 0x00, 0x00, 0x00, 0x00, 0x3D, 0x00, 0x00, 0x00, 0x07, 0x00, 0x00, 0x00, 0x0C,
    0x00, 0x00, 0x00, 0x10, 0x00, 0x00, 0x00, 0x0A, 0x00, 0x00, 0x00, 0x02, 0x00, 0x00, 0x00, 0x00,
    0x00, 0x00, 0x00, 0x3E, 0x00, 0x00, 0x00, 0x0E, 0x00, 0x00, 0x00, 0x0C, 0x00, 0x00, 0x00, 0x10,
    0x00, 0x00, 0x00, 0x0E, 0x00, 0x00, 0x00, 0x02, 0x00, 0x00, 0x00, 0x00, 0x00, 0x00, 0x00, 0x3F,
    0x00, 0x00, 0x00, 0x11, 0x00, 0x00, 0x00, 0x0C, 0x00, 0x00, 0x00, 0x0C, 0x00, 0x00, 0x00, 0x11,
    0x00, 0x00, 0x00, 0x00, 0x00, 0x00, 0x00, 0x00, 0x00, 0x00, 0x00, 0x40, 0x00, 0x00, 0x00, 0x15,
    0x00, 0x00, 0x00, 0x15, 0x00, 0x00, 0x00, 0x17, 0x00, 0x00, 0x00, 0x10, 0x00, 0x00, 0x00, 0x01,
    0x00, 0x00, 0x00, 0x00, 0x00, 0x00, 0x00, 0x41, 0x00, 0x00, 0x00, 0x11, 0x00, 0x00, 0x00, 0x10,
    0x00, 0x00, 0x00, 0x11, 0x00, 0x00, 0x00, 0x11, 0x00, 0x00, 0x00, 0x00, 0x00, 0x00, 0x00, 0x00,
    0x00, 0x00, 0x00, 0x42, 0x00, 0x00, 0x00, 0x11, 0x00, 0x00, 0x00, 0x0D, 0x00, 0x00, 0x00, 0x10,
    0x00, 0x00, 0x00, 0x11, 0x00, 0x00, 0x00, 0x02, 0x00, 0x00, 0x00, 0x00, 0x00, 0x00, 0x00, 0x43,
    0x00, 0x00, 0x00, 0x11, 0x00, 0x00, 0x00, 0x10, 0x00, 0x00, 0x00, 0x12, 0x00, 0x00, 0x00, 0x11,
    0x00, 0x00, 0x00, 0x01, 0x00, 0x00, 0x00, 0x00, 0x00, 0x00, 0x00, 0x44, 0x00, 0x00, 0x00, 0x11,
    0x00, 0x00, 0x00, 0x0E, 0x00, 0x00, 0x00, 0x11, 0x00, 0x00, 0x00, 0x11, 0x00, 0x00, 0x00, 0x02,
    0x00, 0x00, 0x00, 0x00, 0x00, 0x00, 0x00, 0x45, 0x00, 0x00, 0x00, 0x11, 0x00, 0x00, 0x00, 0x0B,
    0x00, 0x00, 0x00, 0x0E, 0x00, 0x00, 0x00, 0x11, 0x00, 0x00, 0x00, 0x02, 0x00, 0x00, 0x00, 0x00,
    0x00, 0x00, 0x00, 0x46, 0x00, 0x00, 0x00, 0x11, 0x00, 0x00, 0x00, 0x0B, 0x00, 0x00, 0x00, 0x0E,
    0x00, 0x00, 0x00, 0x11, 0x00, 0x00, 0x00, 0x02, 0x00, 0x00, 0x00, 0x00, 0x00, 0x00, 0x00, 0x47,
    0x00, 0x00, 0x00, 0x11, 0x00, 0x00, 0x00, 0x10, 0x00, 0x00, 0x00, 0x12, 0x00, 0x00, 0x00, 0x11,
    0x00, 0x00, 0x00, 0x01, 0x00, 0x00, 0x00, 0x00, 0x00, 0x00, 0x00, 0x48, 0x00, 0x00, 0x00, 0x11,
    0x00, 0x00, 0x00, 0x0E, 0x00, 0x00, 0x00, 0x12, 0x00, 0x00, 0x00, 0x11, 0x00, 0x00, 0x00, 0x02,
    0x00, 0x00, 0x00, 0x00, 0x00, 0x00, 0x00, 0x49, 0x00, 0x00, 0x00, 0x11, 0x00, 0x00, 0x00, 0x03,
    0x00, 0x00, 0x00, 0x06, 0x00, 0x00, 0x00, 0x11, 0x00, 0x00, 0x00, 0x02, 0x00, 0x00, 0x00, 0x00,
    0x00, 0x00, 0x00, 0x4A, 0x00, 0x00, 0x00, 0x11, 0x00, 0x00, 0x00, 0x0B, 0x00, 0x00, 0x00, 0x0E,
    0x00, 0x00, 0x00, 0x11, 0x00, 0x00, 0x00, 0x01, 0x00, 0x00, 0x00, 0x00, 0x00, 0x00, 0x00, 0x4B,
    0x00, 0x00, 0x00, 0x11, 0x00, 0x00, 0x00, 0x0E, 0x00, 0x00, 0x00, 0x10, 0x00, 0x00, 0x00, 0x11,
    0x00, 0x00, 0x00, 0x02, 0x00, 0x00, 0x00, 0x00, 0x00, 0x00, 0x00, 0x4C, 0x00, 0x00, 0x00, 0x11,
    0x00, 0x00, 0x00, 0x0B, 0x00, 0x00, 0x00, 0x0E, 0x00, 0x00, 0x00, 0x11, 0x00, 0x00, 0x00, 0x02,
    0x00, 0x00, 0x00, 0x00, 0x00, 0x00, 0x00, 0x4D, 0x00, 0x00, 0x00, 0x11, 0x00, 0x00, 0x00, 0x12,
    0x00, 0x00, 0x00, 0x16, 0x00, 0x00, 0x00, 0x11, 0x00, 0x00, 0x00, 0x02, 0x00, 0x00, 0x00, 0x00,
    0x00, 0x00, 0x00, 0x4E, 0x00, 0x00, 0x00, 0x11, 0x00, 0x00, 0x00, 0x0E, 0x00, 0x00, 0x00, 0x12,
    0x00, 0x00, 0x00, 0x11, 0x00, 0x00, 0x00, 0x02, 0x00, 0x00, 0x00, 0x00, 0x00, 0x00, 0x00, 0x4F,
    0x00, 0x00, 0x00, 0x11, 0x00, 0x00, 0x00, 0x10, 0x00, 0x00, 0x00, 0x12, 0x00, 0x00, 0x00, 0x11,
    0x00, 0x00, 0x00, 0x01, 0x00, 0x00, 0x00, 0x00, 0x00, 0x00, 0x00, 0x50, 0x00, 0x00, 0x00, 0x11,
    0x00, 0x00, 0x00, 0x0D, 0x00, 0x00, 0x00, 0x0F, 0x00, 0x00, 0x00, 0x11, 0x00, 0x00, 0x00, 0x02,
    0x00, 0x00, 0x00, 0x00, 0x00, 0x00, 0x00, 0x51, 0x00, 0x00, 0x00, 0x13, 0x00, 0x00, 0x00, 0x10,
    0x00, 0x00, 0x00, 0x12, 0x00, 0x00, 0x00, 0x11, 0x00, 0x00, 0x00, 0x01, 0x00, 0x00, 0x00, 0x00,
    0x00, 0x00, 0x00, 0x52, 0x00, 0x00, 0x00, 0x11, 0x00, 0x00, 0x00, 0x0D, 0x00, 0x00, 0x00, 0x0F,
    0x00, 0x00, 0x00, 0x11, 0x00, 0x00, 0x00, 0x02, 0x00, 0x00, 0x00, 0x00, 0x00, 0x00, 0x00, 0x53,
    0x00, 0x00, 0x00, 0x11, 0x00, 0x00, 0x00, 0x0E, 0x00, 0x00, 0x00, 0x0F, 0x00, 0x00, 0x00, 0x11,
    0x00, 0x00, 0x00, 0x01, 0x00, 0x00, 0x00, 0x00, 0x00, 0x00, 0x00, 0x54, 0x00, 0x00, 0x00, 0x11,
    0x00, 0x00, 0x00, 0x0E, 0x00, 0x00, 0x00, 0x10, 0x00, 0x00, 0x00, 0x11, 0x00, 0x00, 0x00, 0x01,
    0x00, 0x00, 0x00, 0x00, 0x00, 0x00, 0x00, 0x55, 0x00, 0x00, 0x00, 0x11, 0x00, 0x00, 0x00, 0x0E,
    0x00, 0x00, 0x00, 0x12, 0x00, 0x00, 0x00, 0x11, 0x00, 0x00, 0x00, 0x02, 0x00, 0x00, 0x00, 0x00,
    0x00, 0x00, 0x00, 0x56, 0x00, 0x00, 0x00, 0x11, 0x00, 0x00, 0x00, 0x10, 0x00, 0x00, 0x00, 0x11,
    0x00, 0x00, 0x00, 0x11, 0x00, 0x00, 0x00, 0x00, 0x00, 0x00, 0x00, 0x00, 0x00, 0x00, 0x00, 0x57,
    0x00, 0x00, 0x00, 0x11, 0x00, 0x00, 0x00, 0x18, 0x00, 0x00, 0x00, 0x18, 0x00, 0x00, 0x00, 0x11,
    0x00, 0x00, 0x00, 0x00, 0x00, 0x00, 0x00, 0x00, 0x00, 0x00, 0x00, 0x58, 0x00, 0x00, 0x00, 0x11,
    0x00, 0x00, 0x00, 0x10, 0x00, 0x00, 0x00, 0x10, 0x00, 0x00, 0x00, 0x11, 0x00, 0x00, 0x00, 0x00,
    0x00, 0x00, 0x00, 0x00, 0x00, 0x00, 0x00, 0x59, 0x00, 0x00, 0x00, 0x11, 0x00, 0x00, 0x00, 0x10,
    0x00, 0x00, 0x00, 0x10, 0x00, 0x00, 0x00, 0x11, 0x00, 0x00, 0x00, 0x00, 0x00, 0x00, 0x00, 0x00,
    0x00, 0x00, 0x00, 0x5A, 0x00, 0x00, 0x00, 0x11, 0x00, 0x00, 0x00, 0x0D, 0x00, 0x00, 0x00, 0x0F,
    0x00, 0x00, 0x00, 0x11, 0x00, 0x00, 0x00, 0x01, 0x00, 0x00, 0x00, 0x00, 0x00, 0x00, 0x00, 0x5B,
    0x00, 0x00, 0x00, 0x15, 0x00, 0x00, 0x00, 0x06, 0x00, 0x00, 0x00, 0x09, 0x00, 0x00, 0x00, 0x12,
    0x00, 0x00, 0x00, 0x02, 0x00, 0x00, 0x00, 0x00, 0x00, 0x00, 0x00, 0x5C, 0x00, 0x00, 0x00, 0x15,
    0x00, 0x00, 0x00, 0x09, 0x00, 0x00, 0x00, 0x09, 0x00, 0x00, 0x00, 0x12, 0x00, 0x00, 0x00, 0x00,
    0x00, 0x00, 0x00, 0x00, 0x00, 0x00, 0x00, 0x5D, 0x00, 0x00, 0x00, 0x15, 0x00, 0x00, 0x00, 0x06,
    0x00, 0x00, 0x00, 0x09, 0x00, 0x00, 0x00, 0x12, 0x00, 0x00, 0x00, 0x01, 0x00, 0x00, 0x00, 0x00,
    0x00, 0x00, 0x00, 0x5E, 0x00, 0x00, 0x00, 0x07, 0x00, 0x00, 0x00, 0x0B, 0x00, 0x00, 0x00, 0x0B,
    0x00, 0x00, 0x00, 0x10, 0x00, 0x00, 0x00, 0x00, 0x00, 0x00, 0x00, 0x00, 0x00, 0x00, 0x00, 0x5F,
    0x00, 0x00, 0x00, 0x02, 0x00, 0x00, 0x00, 0x0B, 0x00, 0x00, 0x00, 0x0B, 0x00, 0x00, 0x00, 0x00,
    0x00, 0x00, 0x00, 0x00, 0x00, 0x00, 0x00, 0x00, 0x00, 0x00, 0x00, 0x60, 0x00, 0x00, 0x00, 0x03,
    0x00, 0x00, 0x00, 0x05, 0x00, 0x00, 0x00, 0x08, 0x00, 0x00, 0x00, 0x12, 0x00, 0x00, 0x00, 0x01,
    0x00, 0x00, 0x00, 0x00, 0x00, 0x00, 0x00, 0x61, 0x00, 0x00, 0x00, 0x0D, 0x00, 0x00, 0x00, 0x0B,
    0x00, 0x00, 0x00, 0x0D, 0x00, 0x00, 0x00, 0x0D, 0x00, 0x00, 0x00, 0x01, 0x00, 0x00, 0x00, 0x00,
    0x00, 0x00, 0x00, 0x62, 0x00, 0x00, 0x00, 0x11, 0x00, 0x00, 0x00, 0x0D, 0x00, 0x00, 0x00, 0x0F,
    0x00, 0x00, 0x00, 0x11, 0x00, 0x00, 0x00, 0x01, 0x00, 0x00, 0x00, 0x00, 0x00, 0x00, 0x00, 0x63,
    0x00, 0x00, 0x00, 0x0D, 0x00, 0x00, 0x00, 0x0C, 0x00, 0x00, 0x00, 0x0E, 0x00, 0x00, 0x00, 0x0D,
    0x00, 0x00, 0x00, 0x01, 0x00, 0x00, 0x00, 0x00, 0x00, 0x00, 0x00, 0x64, 0x00, 0x00, 0x00, 0x11,
    0x00, 0x00, 0x00, 0x0C, 0x00, 0x00, 0x00, 0x0F, 0x00, 0x00, 0x00, 0x11, 0x00, 0x00, 0x00, 0x01,
    0x00, 0x00, 0x00, 0x00, 0x00, 0x00, 0x00, 0x65, 0x00, 0x00, 0x00, 0x0D, 0x00, 0x00, 0x00, 0x0C,
    0x00, 0x00, 0x00, 0x0E, 0x00, 0x00, 0x00, 0x0D, 0x00, 0x00, 0x00, 0x01, 0x00, 0x00, 0x00, 0x00,
    0x00, 0x00, 0x00, 0x66, 0x00, 0x00, 0x00, 0x12, 0x00, 0x00, 0x00, 0x09, 0x00, 0x00, 0x00, 0x09,
    0x00, 0x00, 0x00, 0x12, 0x00, 0x00, 0x00, 0x00, 0x00, 0x00, 0x00, 0x00, 0x00, 0x00, 0x00, 0x67,
    0x00, 0x00, 0x00, 0x12, 0x00, 0x00, 0x00, 0x0C, 0x00, 0x00, 0x00, 0x0F, 0x00, 0x00, 0x00, 0x0D,
    0x00, 0x00, 0x00, 0x01, 0x00, 0x00, 0x00, 0x00, 0x00, 0x00, 0x00, 0x68, 0x00, 0x00, 0x00, 0x11,
    0x00, 0x00, 0x00, 0x0C, 0x00, 0x00, 0x00, 0x0E, 0x00, 0x00, 0x00, 0x11, 0x00, 0x00, 0x00, 0x01,
    0x00, 0x00, 0x00, 0x00, 0x00, 0x00, 0x00, 0x69, 0x00, 0x00, 0x00, 0x12, 0x00, 0x00, 0x00, 0x04,
    0x00, 0x00, 0x00, 0x06, 0x00, 0x00, 0x00, 0x12, 0x00, 0x00, 0x00, 0x01, 0x00, 0x00, 0x00, 0x00,
    0x00, 0x00, 0x00, 0x6A, 0x00, 0x00, 0x00, 0x17, 0x00, 0x00, 0x00, 0x06, 0x00, 0x00, 0x00, 0x06,
    0x00, 0x00, 0x00, 0x12, 0xFF, 0xFF, 0xFF, 0xFF, 0x00, 0x00, 0x00, 0x00, 0x00, 0x00, 0x00, 0x6B,
    0x00, 0x00, 0x00, 0x11, 0x00, 0x00, 0x00, 0x0C, 0x00, 0x00, 0x00, 0x0D, 0x00, 0x00, 0x00, 0x11,
    0x00, 0x00, 0x00, 0x01, 0x00, 0x00, 0x00, 0x00, 0x00, 0x00, 0x00, 0x6C, 0x00, 0x00, 0x00, 0x11,
    0x00, 0x00, 0x00, 0x03, 0x00, 0x00, 0x00, 0x06, 0x00, 0x00, 0x00, 0x11, 0x00, 0x00, 0x00, 0x01,
    0x00, 0x00, 0x00, 0x00, 0x00, 0x00, 0x00, 0x6D, 0x00, 0x00, 0x00, 0x0D, 0x00, 0x00, 0x00, 0x13,
    0x00, 0x00, 0x00, 0x15, 0x00, 0x00, 0x00, 0x0D, 0x00, 0x00, 0x00, 0x01, 0x00, 0x00, 0x00, 0x00,
    0x00, 0x00, 0x00, 0x6E, 0x00, 0x00, 0x00, 0x0D, 0x00, 0x00, 0x00, 0x0C, 0x00, 0x00, 0x00, 0x0E,
    0x00, 0x00, 0x00, 0x0D, 0x00, 0x00, 0x00, 0x01, 0x00, 0x00, 0x00, 0x00, 0x00, 0x00, 0x00, 0x6F,
    0x00, 0x00, 0x00, 0x0D, 0x00, 0x00, 0x00, 0x0D, 0x00, 0x00, 0x00, 0x0E, 0x00, 0x00, 0x00, 0x0D,
    0x00, 0x00, 0x00, 0x01, 0x00, 0x00, 0x00, 0x00, 0x00, 0x00, 0x00, 0x70, 0x00, 0x00, 0x00, 0x12,
    0x00, 0x00, 0x00, 0x0D, 0x00, 0x00, 0x00, 0x0F, 0x00, 0x00, 0x00, 0x0D, 0x00, 0x00, 0x00, 0x01,
    0x00, 0x00, 0x00, 0x00, 0x00, 0x00, 0x00, 0x71, 0x00, 0x00, 0x00, 0x12, 0x00, 0x00, 0x00, 0x0C,
    0x00, 0x00, 0x00, 0x0F, 0x00, 0x00, 0x00, 0x0D, 0x00, 0x00, 0x00, 0x01, 0x00, 0x00, 0x00, 0x00,
    0x00, 0x00, 0x00, 0x72, 0x00, 0x00, 0x00, 0x0D, 0x00, 0x00, 0x00, 0x08, 0x00, 0x00, 0x00, 0x09,
    0x00, 0x00, 0x00, 0x0D, 0x00, 0x00, 0x00, 0x01, 0x00, 0x00, 0x00, 0x00, 0x00, 0x00, 0x00, 0x73,
    0x00, 0x00, 0x00, 0x0D, 0x00, 0x00, 0x00, 0x0B, 0x00, 0x00, 0x00, 0x0D, 0x00, 0x00, 0x00, 0x0D,
    0x00, 0x00, 0x00, 0x01, 0x00, 0x00, 0x00, 0x00, 0x00, 0x00, 0x00, 0x74, 0x00, 0x00, 0x00, 0x10,
    0x00, 0x00, 0x00, 0x08, 0x00, 0x00, 0x00, 0x08, 0x00, 0x00, 0x00, 0x10, 0x00, 0x00, 0x00, 0x00,
    0x00, 0x00, 0x00, 0x00, 0x00, 0x00, 0x00, 0x75, 0x00, 0x00, 0x00, 0x0D, 0x00, 0x00, 0x00, 0x0C,
    0x00, 0x00, 0x00, 0x0E, 0x00, 0x00, 0x00, 0x0D, 0x00, 0x00, 0x00, 0x01, 0x00, 0x00, 0x00, 0x00,
    0x00, 0x00, 0x00, 0x76, 0x00, 0x00, 0x00, 0x0D, 0x00, 0x00, 0x00, 0x0D, 0x00, 0x00, 0x00, 0x0D,
    0x00, 0x00, 0x00, 0x0D, 0x00, 0x00, 0x00, 0x00, 0x00, 0x00, 0x00, 0x00, 0x00, 0x00, 0x00, 0x77,
    0x00, 0x00, 0x00, 0x0D, 0x00, 0x00, 0x00, 0x13, 0x00, 0x00, 0x00, 0x14, 0x00, 0x00, 0x00, 0x0D,
    0x00, 0x00, 0x00, 0x00, 0x00, 0x00, 0x00, 0x00, 0x00, 0x00, 0x00, 0x78, 0x00, 0x00, 0x00, 0x0D,
    0x00, 0x00, 0x00, 0x0D, 0x00, 0x00, 0x00, 0x0D, 0x00, 0x00, 0x00, 0x0D, 0x00, 0x00, 0x00, 0x00,
    0x00, 0x00, 0x00, 0x00, 0x00, 0x00, 0x00, 0x79, 0x00, 0x00, 0x00, 0x12, 0x00, 0x00, 0x00, 0x0D,
    0x00, 0x00, 0x00, 0x0D, 0x00, 0x00, 0x00, 0x0D, 0x00, 0x00, 0x00, 0x00, 0x00, 0x00, 0x00, 0x00,
    0x00, 0x00, 0x00, 0x7A, 0x00, 0x00, 0x00, 0x0D, 0x00, 0x00, 0x00, 0x0B, 0x00, 0x00, 0x00, 0x0D,
    0x00, 0x00, 0x00, 0x0D, 0x00, 0x00, 0x00, 0x01, 0x00, 0x00, 0x00, 0x00, 0x00, 0x00, 0x00, 0x7B,
    0x00, 0x00, 0x00, 0x16, 0x00, 0x00, 0x00, 0x08, 0x00, 0x00, 0x00, 0x0A, 0x00, 0x00, 0x00, 0x12,
    0x00, 0x00, 0x00, 0x01, 0x00, 0x00, 0x00, 0x00, 0x00, 0x00, 0x00, 0x7C, 0x00, 0x00, 0x00, 0x1C,
    0x00, 0x00, 0x00, 0x02, 0x00, 0x00, 0x00, 0x08, 0x00, 0x00, 0x00, 0x17, 0x00, 0x00, 0x00, 0x03,
    0x00, 0x00, 0x00, 0x00, 0x00, 0x00, 0x00, 0x7D, 0x00, 0x00, 0x00, 0x16, 0x00, 0x00, 0x00, 0x08,
    0x00, 0x00, 0x00, 0x0A, 0x00, 0x00, 0x00, 0x12, 0x00, 0x00, 0x00, 0x01, 0x00, 0x00, 0x00, 0x00,
    0x00, 0x00, 0x00, 0x7E, 0x00, 0x00, 0x00, 0x04, 0x00, 0x00, 0x00, 0x0D, 0x00, 0x00, 0x00, 0x10,
    0x00, 0x00, 0x00, 0x09, 0x00, 0x00, 0x00, 0x01, 0x00, 0x00, 0x00, 0x00, 0x00, 0x00, 0x00, 0xA0,
    0x00, 0x00, 0x00, 0x00, 0x00, 0x00, 0x00, 0x00, 0x00, 0x00, 0x00, 0x07, 0x00, 0x00, 0x00, 0x00,
    0x00, 0x00, 0x00, 0x00, 0x00, 0x00, 0x00, 0x00, 0x00, 0x00, 0x00, 0xA1, 0x00, 0x00, 0x00, 0x11,
    0x00, 0x00, 0x00, 0x05, 0x00, 0x00, 0x00, 0x07, 0x00, 0x00, 0x00, 0x0D, 0x00, 0x00, 0x00, 0x01,
    0x00, 0x00, 0x00, 0x00, 0x00, 0x00, 0x00, 0xA2, 0x00, 0x00, 0x00, 0x11, 0x00, 0x00, 0x00, 0x0C,
    0x00, 0x00, 0x00, 0x0E, 0x00, 0x00, 0x00, 0x11, 0x00, 0x00, 0x00, 0x01, 0x00, 0x00, 0x00, 0x00,
    0x00, 0x00, 0x00, 0xA3, 0x00, 0x00, 0x00, 0x11, 0x00, 0x00, 0x00, 0x0D, 0x00, 0x00, 0x00, 0x0F,
    0x00, 0x00, 0x00, 0x11, 0x00, 0x00, 0x00, 0x01, 0x00, 0x00, 0x00, 0x00, 0x00, 0x00, 0x00, 0xA4,
    0x00, 0x00, 0x00, 0x0F, 0x00, 0x00, 0x00, 0x10, 0x00, 0x00, 0x00, 0x11, 0x00, 0x00, 0x00, 0x0F,
    0x00, 0x00, 0x00, 0x01, 0x00, 0x00, 0x00, 0x00, 0x00, 0x00, 0x00, 0xA5, 0x00, 0x00, 0x00, 0x11,
    0x00, 0x00, 0x00, 0x0D, 0x00, 0x00, 0x00, 0x0D, 0x00, 0x00, 0x00, 0x11, 0x00, 0x00, 0x00, 0x00,
    0x00, 0x00, 0x00, 0x00, 0x00, 0x00, 0x00, 0xA6, 0x00, 0x00, 0x00, 0x15, 0x00, 0x00, 0x00, 0x03,
    0x00, 0x00, 0x00, 0x06, 0x00, 0x00, 0x00, 0x11, 0x00, 0x00, 0x00, 0x02, 0x00, 0x00, 0x00, 0x00,
    0x00, 0x00, 0x00, 0xA7, 0x00, 0x00, 0x00, 0x15, 0x00, 0x00, 0x00, 0x0C, 0x00, 0x00, 0x00, 0x0E,
    0x00, 0x00, 0x00, 0x11, 0x00, 0x00, 0x00, 0x01, 0x00, 0x00, 0x00, 0x00, 0x00, 0x00, 0x00, 0xA8,
    0x00, 0x00, 0x00, 0x03, 0x00, 0x00, 0x00, 0x08, 0x00, 0x00, 0x00, 0x0E, 0x00, 0x00, 0x00, 0x12,
    0x00, 0x00, 0x00, 0x03, 0x00, 0x00, 0x00, 0x00, 0x00, 0x00, 0x00, 0xA9, 0x00, 0x00, 0x00, 0x12,
    0x00, 0x00, 0x00, 0x13, 0x00, 0x00, 0x00, 0x16, 0x00, 0x00, 0x00, 0x12, 0x00, 0x00, 0x00, 0x01,
    0x00, 0x00, 0x00, 0x00, 0x00, 0x00, 0x00, 0xAA, 0x00, 0x00, 0x00, 0x0A, 0x00, 0x00, 0x00, 0x0A,
    0x00, 0x00, 0x00, 0x0B, 0x00, 0x00, 0x00, 0x12, 0x00, 0x00, 0x00, 0x00, 0x00, 0x00, 0x00, 0x00,
    0x00, 0x00, 0x00, 0xAB, 0x00, 0x00, 0x00, 0x0B, 0x00, 0x00, 0x00, 0x0D, 0x00, 0x00, 0x00, 0x0E,
    0x00, 0x00, 0x00, 0x0D, 0x00, 0x00, 0x00, 0x01, 0x00, 0x00, 0x00, 0x00, 0x00, 0x00, 0x00, 0xAC,
    0x00, 0x00, 0x00, 0x05, 0x00, 0x00, 0x00, 0x0B, 0x00, 0x00, 0x00, 0x10, 0x00, 0x00, 0x00, 0x09,
    0x00, 0x00, 0x00, 0x02, 0x00, 0x00, 0x00, 0x00, 0x00, 0x00, 0x00, 0xAE, 0x00, 0x00, 0x00, 0x0E,
    0x00, 0x00, 0x00, 0x0E, 0x00, 0x00, 0x00, 0x10, 0x00, 0x00, 0x00, 0x12, 0x00, 0x00, 0x00, 0x01,
    0x00, 0x00, 0x00, 0x00, 0x00, 0x00, 0x00, 0xAF, 0x00, 0x00, 0x00, 0x02, 0x00, 0x00, 0x00, 0x07,
    0x00, 0x00, 0x00, 0x0B, 0x00, 0x00, 0x00, 0x12, 0x00, 0x00, 0x00, 0x02, 0x00, 0x00, 0x00, 0x00,
    0x00, 0x00, 0x00, 0xB0, 0x00, 0x00, 0x00, 0x08, 0x00, 0x00, 0x00, 0x09, 0x00, 0x00, 0x00, 0x0B,
    0x00, 0x00, 0x00, 0x12, 0x00, 0x00, 0x00, 0x01, 0x00, 0x00, 0x00, 0x00, 0x00, 0x00, 0x00, 0xB1,
    0x00, 0x00, 0x00, 0x0C, 0x00, 0x00, 0x00, 0x0C, 0x00, 0x00, 0x00, 0x10, 0x00, 0x00, 0x00, 0x0D,
    0x00, 0x00, 0x00, 0x02, 0x00, 0x00, 0x00, 0x00, 0x00, 0x00, 0x00, 0xB2, 0x00, 0x00, 0x00, 0x09,
    0x00, 0x00, 0x00, 0x09, 0x00, 0x00, 0x00, 0x0B, 0x00, 0x00, 0x00, 0x14, 0x00, 0x00, 0x00, 0x01,
    0x00, 0x00, 0x00, 0x00, 0x00, 0x00, 0x00, 0xB3, 0x00, 0x00, 0x00, 0x09, 0x00, 0x00, 0x00, 0x09,
    0x00, 0x00, 0x00, 0x0B, 0x00, 0x00, 0x00, 0x14, 0x00, 0x00, 0x00, 0x01, 0x00, 0x00, 0x00, 0x00,
    0x00, 0x00, 0x00, 0xB4, 0x00, 0x00, 0x00, 0x04, 0x00, 0x00, 0x00, 0x05, 0x00, 0x00, 0x00, 0x08,
    0x00, 0x00, 0x00, 0x13, 0x00, 0x00, 0x00, 0x01, 0x00, 0x00, 0x00, 0x00, 0x00, 0x00, 0x00, 0xB5,
    0x00, 0x00, 0x00, 0x12, 0x00, 0x00, 0x00, 0x0D, 0x00, 0x00, 0x00, 0x0E, 0x00, 0x00, 0x00, 0x0D,
    0x00, 0x00, 0x00, 0x01, 0x00, 0x00, 0x00, 0x00, 0x00, 0x00, 0x00, 0xB6, 0x00, 0x00, 0x00, 0x11,
    0x00, 0x00, 0x00, 0x0C, 0x00, 0x00, 0x00, 0x0E, 0x00, 0x00, 0x00, 0x11, 0x00, 0x00, 0x00, 0x01,
    0x00, 0x00, 0x00, 0x00, 0x00, 0x00, 0x00, 0xB7, 0x00, 0x00, 0x00, 0x03, 0x00, 0x00, 0x00, 0x05,
    0x00, 0x00, 0x00, 0x07, 0x00, 0x00, 0x00, 0x0A, 0x00, 0x00, 0x00, 0x01, 0x00, 0x00, 0x00, 0x00,
    0x00, 0x00, 0x00, 0xB8, 0x00, 0x00, 0x00, 0x06, 0x00, 0x00, 0x00, 0x05, 0x00, 0x00, 0x00, 0x06,
    0x00, 0x00, 0x00, 0x00, 0x00, 0x00, 0x00, 0x01, 0x00, 0x00, 0x00, 0x00, 0x00, 0x00, 0x00, 0xB9,
    0x00, 0x00, 0x00, 0x09, 0x00, 0x00, 0x00, 0x05, 0x00, 0x00, 0x00, 0x07, 0x00, 0x00, 0x00, 0x14,
    0x00, 0x00, 0x00, 0x01, 0x00, 0x00, 0x00, 0x00, 0x00, 0x00, 0x00, 0xBA, 0x00, 0x00, 0x00, 0x0A,
    0x00, 0x00, 0x00, 0x0B, 0x00, 0x00, 0x00, 0x0C, 0x00, 0x00, 0x00, 0x12, 0x00, 0x00, 0x00, 0x00,
    0x00, 0x00, 0x00, 0x00, 0x00, 0x00, 0x00, 0xBB, 0x00, 0x00, 0x00, 0x0B, 0x00, 0x00, 0x00, 0x0D,
    0x00, 0x00, 0x00, 0x0E, 0x00, 0x00, 0x00, 0x0D, 0x00, 0x00, 0x00, 0x00, 0x00, 0x00, 0x00, 0x00,
    0x00, 0x00, 0x00, 0xBC, 0x00, 0x00, 0x00, 0x11, 0x00, 0x00, 0x00, 0x13, 0x00, 0x00, 0x00, 0x13,
    0x00, 0x00, 0x00, 0x11, 0x00, 0x00, 0x00, 0x00, 0x00, 0x00, 0x00, 0x00, 0x00, 0x00, 0x00, 0xBD,
    0x00, 0x00, 0x00, 0x11, 0x00, 0x00, 0x00, 0x14, 0x00, 0x00, 0x00, 0x14, 0x00, 0x00, 0x00, 0x11,
    0x00, 0x00, 0x00, 0x00, 0x00, 0x00, 0x00, 0x00, 0x00, 0x00, 0x00, 0xBE, 0x00, 0x00, 0x00, 0x12,
    0x00, 0x00, 0x00, 0x14, 0x00, 0x00, 0x00, 0x15, 0x00, 0x00, 0x00, 0x12, 0x00, 0x00, 0x00, 0x01,
    0x00, 0x00, 0x00, 0x00, 0x00, 0x00, 0x00, 0xBF, 0x00, 0x00, 0x00, 0x12, 0x00, 0x00, 0x00, 0x0B,
    0x00, 0x00, 0x00, 0x0C, 0x00, 0x00, 0x00, 0x0D, 0x00, 0x00, 0x00, 0x01, 0x00, 0x00, 0x00, 0x00,
    0x00, 0x00, 0x00, 0xC0, 0x00, 0x00, 0x00, 0x16, 0x00, 0x00, 0x00, 0x10, 0x00, 0x00, 0x00, 0x11,
    0x00, 0x00, 0x00, 0x16, 0x00, 0x00, 0x00, 0x00, 0x00, 0x00, 0x00, 0x00, 0x00, 0x00, 0x00, 0xC1,
    0x00, 0x00, 0x00, 0x17, 0x00, 0x00, 0x00, 0x10, 0x00, 0x00, 0x00, 0x11, 0x00, 0x00, 0x00, 0x17,
    0x00, 0x00, 0x00, 0x00, 0x00, 0x00, 0x00, 0x00, 0x00, 0x00, 0x00, 0xC2, 0x00, 0x00, 0x00, 0x16,
    0x00, 0x00, 0x00, 0x10, 0x00, 0x00, 0x00, 0x11, 0x00, 0x00, 0x00, 0x16, 0x00, 0x00, 0x00, 0x00,
    0x00, 0x00, 0x00, 0x00, 0x00, 0x00, 0x00, 0xC3, 0x00, 0x00, 0x00, 0x16, 0x00, 0x00, 0x00, 0x10,
    0x00, 0x00, 0x00, 0x11, 0x00, 0x00, 0x00, 0x16, 0x00, 0x00, 0x00, 0x00, 0x00, 0x00, 0x00, 0x00,
    0x00, 0x00, 0x00, 0xC4, 0x00, 0x00, 0x00, 0x16, 0x00, 0x00, 0x00, 0x10, 0x00, 0x00, 0x00, 0x11,
    0x00, 0x00, 0x00, 0x16, 0x00, 0x00, 0x00, 0x00, 0x00, 0x00, 0x00, 0x00, 0x00, 0x00, 0x00, 0xC5,
    0x00, 0x00, 0x00, 0x18, 0x00, 0x00, 0x00, 0x10, 0x00, 0x00, 0x00, 0x11, 0x00, 0x00, 0x00, 0x18,
    0x00, 0x00, 0x00, 0x00, 0x00, 0x00, 0x00, 0x00, 0x00, 0x00, 0x00, 0xC6, 0x00, 0x00, 0x00, 0x11,
    0x00, 0x00, 0x00, 0x17, 0x00, 0x00, 0x00, 0x18, 0x00, 0x00, 0x00, 0x11, 0x00, 0x00, 0x00, 0x00,
    0x00, 0x00, 0x00, 0x00, 0x00, 0x00, 0x00, 0xC7, 0x00, 0x00, 0x00, 0x17, 0x00, 0x00, 0x00, 0x10,
    0x00, 0x00, 0x00, 0x12, 0x00, 0x00, 0x00, 0x11, 0x00, 0x00, 0x00, 0x01, 0x00, 0x00, 0x00, 0x00,
    0x00, 0x00, 0x00, 0xC8, 0x00, 0x00, 0x00, 0x16, 0x00, 0x00, 0x00, 0x0B, 0x00, 0x00, 0x00, 0x0E,
    0x00, 0x00, 0x00, 0x16, 0x00, 0x00, 0x00, 0x02, 0x00, 0x00, 0x00, 0x00, 0x00, 0x00, 0x00, 0xC9,
    0x00, 0x00, 0x00, 0x17, 0x00, 0x00, 0x00, 0x0B, 0x00, 0x00, 0x00, 0x0E, 0x00, 0x00, 0x00, 0x17,
    0x00, 0x00, 0x00, 0x02, 0x00, 0x00, 0x00, 0x00, 0x00, 0x00, 0x00, 0xCA, 0x00, 0x00, 0x00, 0x16,
    0x00, 0x00, 0x00, 0x0B, 0x00, 0x00, 0x00, 0x0E, 0x00, 0x00, 0x00, 0x16, 0x00, 0x00, 0x00, 0x02,
    0x00, 0x00, 0x00, 0x00, 0x00, 0x00, 0x00, 0xCB, 0x00, 0x00, 0x00, 0x16, 0x00, 0x00, 0x00, 0x0B,
    0x00, 0x00, 0x00, 0x0E, 0x00, 0x00, 0x00, 0x16, 0x00, 0x00, 0x00, 0x02, 0x00, 0x00, 0x00, 0x00,
    0x00, 0x00, 0x00, 0xCC, 0x00, 0x00, 0x00, 0x16, 0x00, 0x00, 0x00, 0x05, 0x00, 0x00, 0x00, 0x06,
    0x00, 0x00, 0x00, 0x16, 0x00, 0x00, 0x00, 0x00, 0x00, 0x00, 0x00, 0x00, 0x00, 0x00, 0x00, 0xCD,
    0x00, 0x00, 0x00, 0x17, 0x00, 0x00, 0x00, 0x05, 0x00, 0x00, 0x00, 0x06, 0x00, 0x00, 0x00, 0x17,
    0x00, 0x00, 0x00, 0x02, 0x00, 0x00, 0x00, 0x00, 0x00, 0x00, 0x00, 0xCE, 0x00, 0x00, 0x00, 0x16,
    0x00, 0x00, 0x00, 0x08, 0x00, 0x00, 0x00, 0x06, 0x00, 0x00, 0x00, 0x16, 0xFF, 0xFF, 0xFF, 0xFF,
    0x00, 0x00, 0x00, 0x00, 0x00, 0x00, 0x00, 0xCF, 0x00, 0x00, 0x00, 0x16, 0x00, 0x00, 0x00, 0x09,
    0x00, 0x00, 0x00, 0x06, 0x00, 0x00, 0x00, 0x16, 0xFF, 0xFF, 0xFF, 0xFF, 0x00, 0x00, 0x00, 0x00,
    0x00, 0x00, 0x00, 0xD0, 0x00, 0x00, 0x00, 0x11, 0x00, 0x00, 0x00, 0x11, 0x00, 0x00, 0x00, 0x12,
    0x00, 0x00, 0x00, 0x11, 0x00, 0x00, 0x00, 0x00, 0x00, 0x00, 0x00, 0x00, 0x00, 0x00, 0x00, 0xD1,
    0x00, 0x00, 0x00, 0x16, 0x00, 0x00, 0x00, 0x0E, 0x00, 0x00, 0x00, 0x12, 0x00, 0x00, 0x00, 0x16,
    0x00, 0x00, 0x00, 0x02, 0x00, 0x00, 0x00, 0x00, 0x00, 0x00, 0x00, 0xD2, 0x00, 0x00, 0x00, 0x16,
    0x00, 0x00, 0x00, 0x10, 0x00, 0x00, 0x00, 0x12, 0x00, 0x00, 0x00, 0x16, 0x00, 0x00, 0x00, 0x01,
    0x00, 0x00, 0x00, 0x00, 0x00, 0x00, 0x00, 0xD3, 0x00, 0x00, 0x00, 0x17, 0x00, 0x00, 0x00, 0x10,
    0x00, 0x00, 0x00, 0x12, 0x00, 0x00, 0x00, 0x17, 0x00, 0x00, 0x00, 0x01, 0x00, 0x00, 0x00, 0x00,
    0x00, 0x00, 0x00, 0xD4, 0x00, 0x00, 0x00, 0x16, 0x00, 0x00, 0x00, 0x10, 0x00, 0x00, 0x00, 0x12,
    0x00, 0x00, 0x00, 0x16, 0x00, 0x00, 0x00, 0x01, 0x00, 0x00, 0x00, 0x00, 0x00, 0x00, 0x00, 0xD5,
    0x00, 0x00, 0x00, 0x16, 0x00, 0x00, 0x00, 0x10, 0x00, 0x00, 0x00, 0x12, 0x00, 0x00, 0x00, 0x16,
    0x00, 0x00, 0x00, 0x01, 0x00, 0x00, 0x00, 0x00, 0x00, 0x00, 0x00, 0xD6, 0x00, 0x00, 0x00, 0x16,
    0x00, 0x00, 0x00, 0x10, 0x00, 0x00, 0x00, 0x12, 0x00, 0x00, 0x00, 0x16, 0x00, 0x00, 0x00, 0x01,
    0x00, 0x00, 0x00, 0x00, 0x00, 0x00, 0x00, 0xD7, 0x00, 0x00, 0x00, 0x0C, 0x00, 0x00, 0x00, 0x0C,
    0x00, 0x00, 0x00, 0x10, 0x00, 0x00, 0x00, 0x0D, 0x00, 0x00, 0x00, 0x02, 0x00, 0x00, 0x00, 0x00,
    0x00, 0x00, 0x00, 0xD8, 0x00, 0x00, 0x00, 0x13, 0x00, 0x00, 0x00, 0x10, 0x00, 0x00, 0x00, 0x12,
    0x00, 0x00, 0x00, 0x12, 0x00, 0x00, 0x00, 0x01, 0x00, 0x00, 0x00, 0x00, 0x00, 0x00, 0x00, 0xD9,
    0x00, 0x00, 0x00, 0x16, 0x00, 0x00, 0x00, 0x0E, 0x00, 0x00, 0x00, 0x12, 0x00, 0x00, 0x00, 0x16,
    0x00, 0x00, 0x00, 0x02, 0x00, 0x00, 0x00, 0x00, 0x00, 0x00, 0x00, 0xDA, 0x00, 0x00, 0x00, 0x17,
    0x00, 0x00, 0x00, 0x0E, 0x00, 0x00, 0x00, 0x12, 0x00, 0x00, 0x00, 0x17, 0x00, 0x00, 0x00, 0x02,
    0x00, 0x00, 0x00, 0x00, 0x00, 0x00, 0x00, 0xDB, 0x00, 0x00, 0x00, 0x16, 0x00, 0x00, 0x00, 0x0E,
    0x00, 0x00, 0x00, 0x12, 0x00, 0x00, 0x00, 0x16, 0x00, 0x00, 0x00, 0x02, 0x00, 0x00, 0x00, 0x00,
    0x00, 0x00, 0x00, 0xDC, 0x00, 0x00, 0x00, 0x16, 0x00, 0x00, 0x00, 0x0E, 0x00, 0x00, 0x00, 0x12,
    0x00, 0x00, 0x00, 0x16, 0x00, 0x00, 0x00, 0x02, 0x00, 0x00, 0x00, 0x00, 0x00, 0x00, 0x00, 0xDD,
    0x00, 0x00, 0x00, 0x17, 0x00, 0x00, 0x00, 0x10, 0x00, 0x00, 0x00, 0x10, 0x00, 0x00, 0x00, 0x17,
    0x00, 0x00, 0x00, 0x00, 0x00, 0x00, 0x00, 0x00, 0x00, 0x00, 0x00, 0xDE, 0x00, 0x00, 0x00, 0x11,
    0x00, 0x00, 0x00, 0x0D, 0x00, 0x00, 0x00, 0x0F, 0x00, 0x00, 0x00, 0x11, 0x00, 0x00, 0x00, 0x01,
    0x00, 0x00, 0x00, 0x00, 0x00, 0x00, 0x00, 0xDF, 0x00, 0x00, 0x00, 0x11, 0x00, 0x00, 0x00, 0x0C,
    0x00, 0x00, 0x00, 0x0F, 0x00, 0x00, 0x00, 0x11, 0x00, 0x00, 0x00, 0x02, 0x00, 0x00, 0x00, 0x00,
    0x00, 0x00, 0x00, 0xE0, 0x00, 0x00, 0x00, 0x12, 0x00, 0x00, 0x00, 0x0B, 0x00, 0x00, 0x00, 0x0D,
    0x00, 0x00, 0x00, 0x12, 0x00, 0x00, 0x00, 0x01, 0x00, 0x00, 0x00, 0x00, 0x00, 0x00, 0x00, 0xE1,
    0x00, 0x00, 0x00, 0x13, 0x00, 0x00, 0x00, 0x0B, 0x00, 0x00, 0x00, 0x0D, 0x00, 0x00, 0x00, 0x13,
    0x00, 0x00, 0x00, 0x01, 0x00, 0x00, 0x00, 0x00, 0x00, 0x00, 0x00, 0xE2, 0x00, 0x00, 0x00, 0x12,
    0x00, 0x00, 0x00, 0x0B, 0x00, 0x00, 0x00, 0x0D, 0x00, 0x00, 0x00, 0x12, 0x00, 0x00, 0x00, 0x01,
    0x00, 0x00, 0x00, 0x00, 0x00, 0x00, 0x00, 0xE3, 0x00, 0x00, 0x00, 0x12, 0x00, 0x00, 0x00, 0x0B,
    0x00, 0x00, 0x00, 0x0D, 0x00, 0x00, 0x00, 0x12, 0x00, 0x00, 0x00, 0x01, 0x00, 0x00, 0x00, 0x00,
    0x00, 0x00, 0x00, 0xE4, 0x00, 0x00, 0x00, 0x12, 0x00, 0x00, 0x00, 0x0B, 0x00, 0x00, 0x00, 0x0D,
    0x00, 0x00, 0x00, 0x12, 0x00, 0x00, 0x00, 0x01, 0x00, 0x00, 0x00, 0x00, 0x00, 0x00, 0x00, 0xE5,
    0x00, 0x00, 0x00, 0x14, 0x00, 0x00, 0x00, 0x0B, 0x00, 0x00, 0x00, 0x0D, 0x00, 0x00, 0x00, 0x14,
    0x00, 0x00, 0x00, 0x01, 0x00, 0x00, 0x00, 0x00, 0x00, 0x00, 0x00, 0xE6, 0x00, 0x00, 0x00, 0x0D,
    0x00, 0x00, 0x00, 0x14, 0x00, 0x00, 0x00, 0x16, 0x00, 0x00, 0x00, 0x0D, 0x00, 0x00, 0x00, 0x01,
    0x00, 0x00, 0x00, 0x00, 0x00, 0x00, 0x00, 0xE7, 0x00, 0x00, 0x00, 0x13, 0x00, 0x00, 0x00, 0x0C,
    0x00, 0x00, 0x00, 0x0E, 0x00, 0x00, 0x00, 0x0D, 0x00, 0x00, 0x00, 0x01, 0x00, 0x00, 0x00, 0x00,
    0x00, 0x00, 0x00, 0xE8, 0x00, 0x00, 0x00, 0x12, 0x00, 0x00, 0x00, 0x0C, 0x00, 0x00, 0x00, 0x0E,
    0x00, 0x00, 0x00, 0x12, 0x00, 0x00, 0x00, 0x01, 0x00, 0x00, 0x00, 0x00, 0x00, 0x00, 0x00, 0xE9,
    0x00, 0x00, 0x00, 0x13, 0x00, 0x00, 0x00, 0x0C, 0x00, 0x00, 0x00, 0x0E, 0x00, 0x00, 0x00, 0x13,
    0x00, 0x00, 0x00, 0x01, 0x00, 0x00, 0x00, 0x00, 0x00, 0x00, 0x00, 0xEA, 0x00, 0x00, 0x00, 0x12,
    0x00, 0x00, 0x00, 0x0C, 0x00, 0x00, 0x00, 0x0E, 0x00, 0x00, 0x00, 0x12, 0x00, 0x00, 0x00, 0x01,
    0x00, 0x00, 0x00, 0x00, 0x00, 0x00, 0x00, 0xEB, 0x00, 0x00, 0x00, 0x12, 0x00, 0x00, 0x00, 0x0C,
    0x00, 0x00, 0x00, 0x0E, 0x00, 0x00, 0x00, 0x12, 0x00, 0x00, 0x00, 0x01, 0x00, 0x00, 0x00, 0x00,
    0x00, 0x00, 0x00, 0xEC, 0x00, 0x00, 0x00, 0x12, 0x00, 0x00, 0x00, 0x05, 0x00, 0x00, 0x00, 0x06,
    0x00, 0x00, 0x00, 0x12, 0xFF, 0xFF, 0xFF, 0xFF, 0x00, 0x00, 0x00, 0x00, 0x00, 0x00, 0x00, 0xED,
    0x00, 0x00, 0x00, 0x13, 0x00, 0x00, 0x00, 0x05, 0x00, 0x00, 0x00, 0x06, 0x00, 0x00, 0x00, 0x13,
    0x00, 0x00, 0x00, 0x01, 0x00, 0x00, 0x00, 0x00, 0x00, 0x00, 0x00, 0xEE, 0x00, 0x00, 0x00, 0x12,
    0x00, 0x00, 0x00, 0x08, 0x00, 0x00, 0x00, 0x06, 0x00, 0x00, 0x00, 0x12, 0xFF, 0xFF, 0xFF, 0xFF,
    0x00, 0x00, 0x00, 0x00, 0x00, 0x00, 0x00, 0xEF, 0x00, 0x00, 0x00, 0x12, 0x00, 0x00, 0x00, 0x08,
    0x00, 0x00, 0x00, 0x06, 0x00, 0x00, 0x00, 0x12, 0xFF, 0xFF, 0xFF, 0xFF, 0x00, 0x00, 0x00, 0x00,
    0x00, 0x00, 0x00, 0xF0, 0x00, 0x00, 0x00, 0x13, 0x00, 0x00, 0x00, 0x0C, 0x00, 0x00, 0x00, 0x0E,
    0x00, 0x00, 0x00, 0x13, 0x00, 0x00, 0x00, 0x01, 0x00, 0x00, 0x00, 0x00, 0x00, 0x00, 0x00, 0xF1,
    0x00, 0x00, 0x00, 0x12, 0x00, 0x00, 0x00, 0x0C, 0x00, 0x00, 0x00, 0x0E, 0x00, 0x00, 0x00, 0x12,
    0x00, 0x00, 0x00, 0x01, 0x00, 0x00, 0x00, 0x00, 0x00, 0x00, 0x00, 0xF2, 0x00, 0x00, 0x00, 0x12,
    0x00, 0x00, 0x00, 0x0D, 0x00, 0x00, 0x00, 0x0E, 0x00, 0x00, 0x00, 0x12, 0x00, 0x00, 0x00, 0x01,
    0x00, 0x00, 0x00, 0x00, 0x00, 0x00, 0x00, 0xF3, 0x00, 0x00, 0x00, 0x13, 0x00, 0x00, 0x00, 0x0D,
    0x00, 0x00, 0x00, 0x0E, 0x00, 0x00, 0x00, 0x13, 0x00, 0x00, 0x00, 0x01, 0x00, 0x00, 0x00, 0x00,
    0x00, 0x00, 0x00, 0xF4, 0x00, 0x00, 0x00, 0x12, 0x00, 0x00, 0x00, 0x0D, 0x00, 0x00, 0x00, 0x0E,
    0x00, 0x00, 0x00, 0x12, 0x00, 0x00, 0x00, 0x01, 0x00, 0x00, 0x00, 0x00, 0x00, 0x00, 0x00, 0xF5,
    0x00, 0x00, 0x00, 0x12, 0x00, 0x00, 0x00, 0x0D, 0x00, 0x00, 0x00, 0x0E, 0x00, 0x00, 0x00, 0x12,
    0x00, 0x00, 0x00, 0x01, 0x00, 0x00, 0x00, 0x00, 0x00, 0x00, 0x00, 0xF6, 0x00, 0x00, 0x00, 0x12,
    0x00, 0x00, 0x00, 0x0D, 0x00, 0x00, 0x00, 0x0E, 0x00, 0x00, 0x00, 0x12, 0x00, 0x00, 0x00, 0x01,
    0x00, 0x00, 0x00, 0x00, 0x00, 0x00, 0x00, 0xF7, 0x00, 0x00, 0x00, 0x0C, 0x00, 0x00, 0x00, 0x0C,
    0x00, 0x00, 0x00, 0x10, 0x00, 0x00, 0x00, 0x0D, 0x00, 0x00, 0x00, 0x02, 0x00, 0x00, 0x00, 0x00,
    0x00, 0x00, 0x00, 0xF8, 0x00, 0x00, 0x00, 0x0F, 0x00, 0x00, 0x00, 0x0E, 0x00, 0x00, 0x00, 0x0E,
    0x00, 0x00, 0x00, 0x0E, 0x00, 0x00, 0x00, 0x00, 0x00, 0x00, 0x00, 0x00, 0x00, 0x00, 0x00, 0xF9,
    0x00, 0x00, 0x00, 0x12, 0x00, 0x00, 0x00, 0x0C, 0x00, 0x00, 0x00, 0x0E, 0x00, 0x00, 0x00, 0x12,
    0x00, 0x00, 0x00, 0x01, 0x00, 0x00, 0x00, 0x00, 0x00, 0x00, 0x00, 0xFA, 0x00, 0x00, 0x00, 0x13,
    0x00, 0x00, 0x00, 0x0C, 0x00, 0x00, 0x00, 0x0E, 0x00, 0x00, 0x00, 0x13, 0x00, 0x00, 0x00, 0x01,
    0x00, 0x00, 0x00, 0x00, 0x00, 0x00, 0x00, 0xFB, 0x00, 0x00, 0x00, 0x12, 0x00, 0x00, 0x00, 0x0C,
    0x00, 0x00, 0x00, 0x0E, 0x00, 0x00, 0x00, 0x12, 0x00, 0x00, 0x00, 0x01, 0x00, 0x00, 0x00, 0x00,
    0x00, 0x00, 0x00, 0xFC, 0x00, 0x00, 0x00, 0x12, 0x00, 0x00, 0x00, 0x0C, 0x00, 0x00, 0x00, 0x0E,
    0x00, 0x00, 0x00, 0x12, 0x00, 0x00, 0x00, 0x01, 0x00, 0x00, 0x00, 0x00, 0x00, 0x00, 0x00, 0xFD,
    0x00, 0x00, 0x00, 0x18, 0x00, 0x00, 0x00, 0x0D, 0x00, 0x00, 0x00, 0x0D, 0x00, 0x00, 0x00, 0x13,
    0x00, 0x00, 0x00, 0x00, 0x00, 0x00, 0x00, 0x00, 0x00, 0x00, 0x00, 0xFE, 0x00, 0x00, 0x00, 0x16,
    0x00, 0x00, 0x00, 0x0D, 0x00, 0x00, 0x00, 0x0F, 0x00, 0x00, 0x00, 0x11, 0x00, 0x00, 0x00, 0x01,
    0x00, 0x00, 0x00, 0x00, 0x00, 0x00, 0x00, 0xFF, 0x00, 0x00, 0x00, 0x17, 0x00, 0x00, 0x00, 0x0D,
    0x00, 0x00, 0x00, 0x0D, 0x00, 0x00, 0x00, 0x12, 0x00, 0x00, 0x00, 0x00, 0x00, 0x00, 0x00, 0x00,
    0x00, 0x00, 0x01, 0x00, 0x00, 0x00, 0x00, 0x16, 0x00, 0x00, 0x00, 0x10, 0x00, 0x00, 0x00, 0x11,
    0x00, 0x00, 0x00, 0x16, 0x00, 0x00, 0x00, 0x00, 0x00, 0x00, 0x00, 0x00, 0x00, 0x00, 0x01, 0x01,
    0x00, 0x00, 0x00, 0x12, 0x00, 0x00, 0x00, 0x0B, 0x00, 0x00, 0x00, 0x0D, 0x00, 0x00, 0x00, 0x12,
    0x00, 0x00, 0x00, 0x01, 0x00, 0x00, 0x00, 0x00, 0x00, 0x00, 0x01, 0x02, 0x00, 0x00, 0x00, 0x17,
    0x00, 0x00, 0x00, 0x10, 0x00, 0x00, 0x00, 0x11, 0x00, 0x00, 0x00, 0x17, 0x00, 0x00, 0x00, 0x00,
    0x00, 0x00, 0x00, 0x00, 0x00, 0x00, 0x01, 0x03, 0x00, 0x00, 0x00, 0x13, 0x00, 0x00, 0x00, 0x0B,
    0x00, 0x00, 0x00, 0x0D, 0x00, 0x00, 0x00, 0x13, 0x00, 0x00, 0x00, 0x01, 0x00, 0x00, 0x00, 0x00,
    0x00, 0x00, 0x01, 0x04, 0x00, 0x00, 0x00, 0x16, 0x00, 0x00, 0x00, 0x11, 0x00, 0x00, 0x00, 0x11,
    0x00, 0x00, 0x00, 0x11, 0x00, 0x00, 0x00, 0x00, 0x00, 0x00, 0x00, 0x00, 0x00, 0x00, 0x01, 0x05,
    0x00, 0x00, 0x00, 0x12, 0x00, 0x00, 0x00, 0x0C, 0x00, 0x00, 0x00, 0x0D, 0x00, 0x00, 0x00, 0x0D,
    0x00, 0x00, 0x00, 0x01, 0x00, 0x00, 0x00, 0x00, 0x00, 0x00, 0x01, 0x06, 0x00, 0x00, 0x00, 0x17,
    0x00, 0x00, 0x00, 0x10, 0x00, 0x00, 0x00, 0x12, 0x00, 0x00, 0x00, 0x17, 0x00, 0x00, 0x00, 0x01,
    0x00, 0x00, 0x00, 0x00, 0x00, 0x00, 0x01, 0x07, 0x00, 0x00, 0x00, 0x13, 0x00, 0x00, 0x00, 0x0C,
    0x00, 0x00, 0x00, 0x0E, 0x00, 0x00, 0x00, 0x13, 0x00, 0x00, 0x00, 0x01, 0x00, 0x00, 0x00, 0x00,
    0x00, 0x00, 0x01, 0x08, 0x00, 0x00, 0x00, 0x16, 0x00, 0x00, 0x00, 0x10, 0x00, 0x00, 0x00, 0x12,
    0x00, 0x00, 0x00, 0x16, 0x00, 0x00, 0x00, 0x01, 0x00, 0x00, 0x00, 0x00, 0x00, 0x00, 0x01, 0x09,
    0x00, 0x00, 0x00, 0x12, 0x00, 0x00, 0x00, 0x0C, 0x00, 0x00, 0x00, 0x0E, 0x00, 0x00, 0x00, 0x12,
    0x00, 0x00, 0x00, 0x01, 0x00, 0x00, 0x00, 0x00, 0x00, 0x00, 0x01, 0x0A, 0x00, 0x00, 0x00, 0x16,
    0x00, 0x00, 0x00, 0x10, 0x00, 0x00, 0x00, 0x12, 0x00, 0x00, 0x00, 0x16, 0x00, 0x00, 0x00, 0x01,
    0x00, 0x00, 0x00, 0x00, 0x00, 0x00, 0x01, 0x0B, 0x00, 0x00, 0x00, 0x12, 0x00, 0x00, 0x00, 0x0C,
    0x00, 0x00, 0x00, 0x0E, 0x00, 0x00, 0x00, 0x12, 0x00, 0x00, 0x00, 0x01, 0x00, 0x00, 0x00, 0x00,
    0x00, 0x00, 0x01, 0x0C, 0x00, 0x00, 0x00, 0x16, 0x00, 0x00, 0x00, 0x10, 0x00, 0x00, 0x00, 0x12,
    0x00, 0x00, 0x00, 0x16, 0x00, 0x00, 0x00, 0x01, 0x00, 0x00, 0x00, 0x00, 0x00, 0x00, 0x01, 0x0D,
    0x00, 0x00, 0x00, 0x12, 0x00, 0x00, 0x00, 0x0C, 0x00, 0x00, 0x00, 0x0E, 0x00, 0x00, 0x00, 0x12,
    0x00, 0x00, 0x00, 0x01, 0x00, 0x00, 0x00, 0x00, 0x00, 0x00, 0x01, 0x0E, 0x00, 0x00, 0x00, 0x16,
    0x00, 0x00, 0x00, 0x0E, 0x00, 0x00, 0x00, 0x11, 0x00, 0x00, 0x00, 0x16, 0x00, 0x00, 0x00, 0x02,
    0x00, 0x00, 0x00, 0x00, 0x00, 0x00, 0x01, 0x0F, 0x00, 0x00, 0x00, 0x12, 0x00, 0x00, 0x00, 0x10,
    0x00, 0x00, 0x00, 0x11, 0x00, 0x00, 0x00, 0x12, 0x00, 0x00, 0x00, 0x01, 0x00, 0x00, 0x00, 0x00,
    0x00, 0x00, 0x01, 0x10, 0x00, 0x00, 0x00, 0x11, 0x00, 0x00, 0x00, 0x11, 0x00, 0x00, 0x00, 0x12,
    0x00, 0x00, 0x00, 0x11, 0x00, 0x00, 0x00, 0x00, 0x00, 0x00, 0x00, 0x00, 0x00, 0x00, 0x01, 0x11,
    0x00, 0x00, 0x00, 0x11, 0x00, 0x00, 0x00, 0x0E, 0x00, 0x00, 0x00, 0x0F, 0x00, 0x00, 0x00, 0x11,
    0x00, 0x00, 0x00, 0x01, 0x00, 0x00, 0x00, 0x00, 0x00, 0x00, 0x01, 0x12, 0x00, 0x00, 0x00, 0x16,
    0x00, 0x00, 0x00, 0x0B, 0x00, 0x00, 0x00, 0x0E, 0x00, 0x00, 0x00, 0x16, 0x00, 0x00, 0x00, 0x02,
    0x00, 0x00, 0x00, 0x00, 0x00, 0x00, 0x01, 0x13, 0x00, 0x00, 0x00, 0x12, 0x00, 0x00, 0x00, 0x0C,
    0x00, 0x00, 0x00, 0x0E, 0x00, 0x00, 0x00, 0x12, 0x00, 0x00, 0x00, 0x01, 0x00, 0x00, 0x00, 0x00,
    0x00, 0x00, 0x01, 0x14, 0x00, 0x00, 0x00, 0x17, 0x00, 0x00, 0x00, 0x0B, 0x00, 0x00, 0x00, 0x0E,
    0x00, 0x00, 0x00, 0x17, 0x00, 0x00, 0x00, 0x02, 0x00, 0x00, 0x00, 0x00, 0x00, 0x00, 0x01, 0x15,
    0x00, 0x00, 0x00, 0x13, 0x00, 0x00, 0x00, 0x0C, 0x00, 0x00, 0x00, 0x0E, 0x00, 0x00, 0x00, 0x13,
    0x00, 0x00, 0x00, 0x01, 0x00, 0x00, 0x00, 0x00, 0x00, 0x00, 0x01, 0x16, 0x00, 0x00, 0x00, 0x16,
    0x00, 0x00, 0x00, 0x0B, 0x00, 0x00, 0x00, 0x0E, 0x00, 0x00, 0x00, 0x16, 0x00, 0x00, 0x00, 0x02,
    0x00, 0x00, 0x00, 0x00, 0x00, 0x00, 0x01, 0x17, 0x00, 0x00, 0x00, 0x12, 0x00, 0x00, 0x00, 0x0C,
    0x00, 0x00, 0x00, 0x0E, 0x00, 0x00, 0x00, 0x12, 0x00, 0x00, 0x00, 0x01, 0x00, 0x00, 0x00, 0x00,
    0x00, 0x00, 0x01, 0x18, 0x00, 0x00, 0x00, 0x16, 0x00, 0x00, 0x00, 0x0C, 0x00, 0x00, 0x00, 0x0E,
    0x00, 0x00, 0x00, 0x11, 0x00, 0x00, 0x00, 0x02, 0x00, 0x00, 0x00, 0x00, 0x00, 0x00, 0x01, 0x19,
    0x00, 0x00, 0x00, 0x12, 0x00, 0x00, 0x00, 0x0C, 0x00, 0x00, 0x00, 0x0E, 0x00, 0x00, 0x00, 0x0D,
    0x00, 0x00, 0x00, 0x01, 0x00, 0x00, 0x00, 0x00, 0x00, 0x00, 0x01, 0x1A, 0x00, 0x00, 0x00, 0x16,
    0x00, 0x00, 0x00, 0x0B, 0x00, 0x00, 0x00, 0x0E, 0x00, 0x00, 0x00, 0x16, 0x00, 0x00, 0x00, 0x02,
    0x00, 0x00, 0x00, 0x00, 0x00, 0x00, 0x01, 0x1B, 0x00, 0x00, 0x00, 0x12, 0x00, 0x00, 0x00, 0x0C,
    0x00, 0x00, 0x00, 0x0E, 0x00, 0x00, 0x00, 0x12, 0x00, 0x00, 0x00, 0x01, 0x00, 0x00, 0x00, 0x00,
    0x00, 0x00, 0x01, 0x1C, 0x00, 0x00, 0x00, 0x16, 0x00, 0x00, 0x00, 0x10, 0x00, 0x00, 0x00, 0x12,
    0x00, 0x00, 0x00, 0x16, 0x00, 0x00, 0x00, 0x01, 0x00, 0x00, 0x00, 0x00, 0x00, 0x00, 0x01, 0x1D,
    0x00, 0x00, 0x00, 0x17, 0x00, 0x00, 0x00, 0x0C, 0x00, 0x00, 0x00, 0x0F, 0x00, 0x00, 0x00, 0x12,
    0x00, 0x00, 0x00, 0x01, 0x00, 0x00, 0x00, 0x00, 0x00, 0x00, 0x01, 0x1E, 0x00, 0x00, 0x00, 0x17,
    0x00, 0x00, 0x00, 0x10, 0x00, 0x00, 0x00, 0x12, 0x00, 0x00, 0x00, 0x17, 0x00, 0x00, 0x00, 0x01,
    0x00, 0x00, 0x00, 0x00, 0x00, 0x00, 0x01, 0x1F, 0x00, 0x00, 0x00, 0x18, 0x00, 0x00, 0x00, 0x0C,
    0x00, 0x00, 0x00, 0x0F, 0x00, 0x00, 0x00, 0x13, 0x00, 0x00, 0x00, 0x01, 0x00, 0x00, 0x00, 0x00,
    0x00, 0x00, 0x01, 0x20, 0x00, 0x00, 0x00, 0x16, 0x00, 0x00, 0x00, 0x10, 0x00, 0x00, 0x00, 0x12,
    0x00, 0x00, 0x00, 0x16, 0x00, 0x00, 0x00, 0x01, 0x00, 0x00, 0x00, 0x00, 0x00, 0x00, 0x01, 0x21,
    0x00, 0x00, 0x00, 0x17, 0x00, 0x00, 0x00, 0x0C, 0x00, 0x00, 0x00, 0x0F, 0x00, 0x00, 0x00, 0x12,
    0x00, 0x00, 0x00, 0x01, 0x00, 0x00, 0x00, 0x00, 0x00, 0x00, 0x01, 0x22, 0x00, 0x00, 0x00, 0x17,
    0x00, 0x00, 0x00, 0x10, 0x00, 0x00, 0x00, 0x12, 0x00, 0x00, 0x00, 0x11, 0x00, 0x00, 0x00, 0x01,
    0x00, 0x00, 0x00, 0x00, 0x00, 0x00, 0x01, 0x23, 0x00, 0x00, 0x00, 0x18, 0x00, 0x00, 0x00, 0x0C,
    0x00, 0x00, 0x00, 0x0F, 0x00, 0x00, 0x00, 0x13, 0x00, 0x00, 0x00, 0x01, 0x00, 0x00, 0x00, 0x00,
    0x00, 0x00, 0x01, 0x24, 0x00, 0x00, 0x00, 0x16, 0x00, 0x00, 0x00, 0x0E, 0x00, 0x00, 0x00, 0x12,
    0x00, 0x00, 0x00, 0x16, 0x00, 0x00, 0x00, 0x02, 0x00, 0x00, 0x00, 0x00, 0x00, 0x00, 0x01, 0x25,
    0x00, 0x00, 0x00, 0x16, 0x00, 0x00, 0x00, 0x0E, 0x00, 0x00, 0x00, 0x0E, 0x00, 0x00, 0x00, 0x16,
    0xFF, 0xFF, 0xFF, 0xFF, 0x00, 0x00, 0x00, 0x00, 0x00, 0x00, 0x01, 0x26, 0x00, 0x00, 0x00, 0x11,
    0x00, 0x00, 0x00, 0x11, 0x00, 0x00, 0x00, 0x13, 0x00, 0x00, 0x00, 0x11, 0x00, 0x00, 0x00, 0x01,
    0x00, 0x00, 0x00, 0x00, 0x00, 0x00, 0x01, 0x27, 0x00, 0x00, 0x00, 0x11, 0x00, 0x00, 0x00, 0x0D,
    0x00, 0x00, 0x00, 0x0E, 0x00, 0x00, 0x00, 0x11, 0x00, 0x00, 0x00, 0x00, 0x00, 0x00, 0x00, 0x00,
    0x00, 0x00, 0x01, 0x28, 0x00, 0x00, 0x00, 0x16, 0x00, 0x00, 0x00, 0x08, 0x00, 0x00, 0x00, 0x06,
    0x00, 0x00, 0x00, 0x16, 0xFF, 0xFF, 0xFF, 0xFF, 0x00, 0x00, 0x00, 0x00, 0x00, 0x00, 0x01, 0x29,
    0x00, 0x00, 0x00, 0x12, 0x00, 0x00, 0x00, 0x08, 0x00, 0x00, 0x00, 0x06, 0x00, 0x00, 0x00, 0x12,
    0xFF, 0xFF, 0xFF, 0xFF, 0x00, 0x00, 0x00, 0x00, 0x00, 0x00, 0x01, 0x2A, 0x00, 0x00, 0x00, 0x16,
    0x00, 0x00, 0x00, 0x08, 0x00, 0x00, 0x00, 0x06, 0x00, 0x00, 0x00, 0x16, 0xFF, 0xFF, 0xFF, 0xFF,
    0x00, 0x00, 0x00, 0x00, 0x00, 0x00, 0x01, 0x2B, 0x00, 0x00, 0x00, 0x12, 0x00, 0x00, 0x00, 0x08,
    0x00, 0x00, 0x00, 0x06, 0x00, 0x00, 0x00, 0x12, 0xFF, 0xFF, 0xFF, 0xFF, 0x00, 0x00, 0x00, 0x00,
    0x00, 0x00, 0x01, 0x2C, 0x00, 0x00, 0x00, 0x17, 0x00, 0x00, 0x00, 0x08, 0x00, 0x00, 0x00, 0x06,
    0x00, 0x00, 0x00, 0x17, 0xFF, 0xFF, 0xFF, 0xFF, 0x00, 0x00, 0x00, 0x00, 0x00, 0x00, 0x01, 0x2D,
    0x00, 0x00, 0x00, 0x13, 0x00, 0x00, 0x00, 0x08, 0x00, 0x00, 0x00, 0x06, 0x00, 0x00, 0x00, 0x13,
    0xFF, 0xFF, 0xFF, 0xFF, 0x00, 0x00, 0x00, 0x00, 0x00, 0x00, 0x01, 0x2E, 0x00, 0x00, 0x00, 0x16,
    0x00, 0x00, 0x00, 0x06, 0x00, 0x00, 0x00, 0x06, 0x00, 0x00, 0x00, 0x11, 0x00, 0x00, 0x00, 0x00,
    0x00, 0x00, 0x00, 0x00, 0x00, 0x00, 0x01, 0x2F, 0x00, 0x00, 0x00, 0x17, 0x00, 0x00, 0x00, 0x06,
    0x00, 0x00, 0x00, 0x06, 0x00, 0x00, 0x00, 0x12, 0xFF, 0xFF, 0xFF, 0xFF, 0x00, 0x00, 0x00, 0x00,
    0x00, 0x00, 0x01, 0x30, 0x00, 0x00, 0x00, 0x16, 0x00, 0x00, 0x00, 0x04, 0x00, 0x00, 0x00, 0x06,
    0x00, 0x00, 0x00, 0x16, 0x00, 0x00, 0x00, 0x01, 0x00, 0x00, 0x00, 0x00, 0x00, 0x00, 0x01, 0x31,
    0x00, 0x00, 0x00, 0x0D, 0x00, 0x00, 0x00, 0x03, 0x00, 0x00, 0x00, 0x06, 0x00, 0x00, 0x00, 0x0D,
    0x00, 0x00, 0x00, 0x01, 0x00, 0x00, 0x00, 0x00, 0x00, 0x00, 0x01, 0x32, 0x00, 0x00, 0x00, 0x11,
    0x00, 0x00, 0x00, 0x11, 0x00, 0x00, 0x00, 0x14, 0x00, 0x00, 0x00, 0x11, 0x00, 0x00, 0x00, 0x02,
    0x00, 0x00, 0x00, 0x00, 0x00, 0x00, 0x01, 0x33, 0x00, 0x00, 0x00, 0x17, 0x00, 0x00, 0x00, 0x0A,
    0x00, 0x00, 0x00, 0x0C, 0x00, 0x00, 0x00, 0x12, 0x00, 0x00, 0x00, 0x01, 0x00, 0x00, 0x00, 0x00,
    0x00, 0x00, 0x01, 0x34, 0x00, 0x00, 0x00, 0x16, 0x00, 0x00, 0x00, 0x0E, 0x00, 0x00, 0x00, 0x0E,
    0x00, 0x00, 0x00, 0x16, 0x00, 0x00, 0x00, 0x01, 0x00, 0x00, 0x00, 0x00, 0x00, 0x00, 0x01, 0x35,
    0x00, 0x00, 0x00, 0x17, 0x00, 0x00, 0x00, 0x08, 0x00, 0x00, 0x00, 0x06, 0x00, 0x00, 0x00, 0x12,
    0xFF, 0xFF, 0xFF, 0xFF, 0x00, 0x00, 0x00, 0x00, 0x00, 0x00, 0x01, 0x36, 0x00, 0x00, 0x00, 0x17,
    0x00, 0x00, 0x00, 0x0E, 0x00, 0x00, 0x00, 0x10, 0x00, 0x00, 0x00, 0x11, 0x00, 0x00, 0x00, 0x02,
    0x00, 0x00, 0x00, 0x00, 0x00, 0x00, 0x01, 0x37, 0x00, 0x00, 0x00, 0x17, 0x00, 0x00, 0x00, 0x0C,
    0x00, 0x00, 0x00, 0x0D, 0x00, 0x00, 0x00, 0x11, 0x00, 0x00, 0x00, 0x01, 0x00, 0x00, 0x00, 0x00,
    0x00, 0x00, 0x01, 0x38, 0x00, 0x00, 0x00, 0x0D, 0x00, 0x00, 0x00, 0x0C, 0x00, 0x00, 0x00, 0x0D,
    0x00, 0x00, 0x00, 0x0D, 0x00, 0x00, 0x00, 0x01, 0x00, 0x00, 0x00, 0x00, 0x00, 0x00, 0x01, 0x39,
    0x00, 0x00, 0x00, 0x17, 0x00, 0x00, 0x00, 0x0B, 0x00, 0x00, 0x00, 0x0E, 0x00, 0x00, 0x00, 0x17,
    0x00, 0x00, 0x00, 0x02, 0x00, 0x00, 0x00, 0x00, 0x00, 0x00, 0x01, 0x3A, 0x00, 0x00, 0x00, 0x17,
    0x00, 0x00, 0x00, 0x05, 0x00, 0x00, 0x00, 0x06, 0x00, 0x00, 0x00, 0x17, 0x00, 0x00, 0x00, 0x01,
    0x00, 0x00, 0x00, 0x00, 0x00, 0x00, 0x01, 0x3B, 0x00, 0x00, 0x00, 0x17, 0x00, 0x00, 0x00, 0x0B,
    0x00, 0x00, 0x00, 0x0E, 0x00, 0x00, 0x00, 0x11, 0x00, 0x00, 0x00, 0x02, 0x00, 0x00, 0x00, 0x00,
    0x00, 0x00, 0x01, 0x3C, 0x00, 0x00, 0x00, 0x17, 0x00, 0x00, 0x00, 0x04, 0x00, 0x00, 0x00, 0x06,
    0x00, 0x00, 0x00, 0x11, 0x00, 0x00, 0x00, 0x00, 0x00, 0x00, 0x00, 0x00, 0x00, 0x00, 0x01, 0x3D,
    0x00, 0x00, 0x00, 0x12, 0x00, 0x00, 0x00, 0x0B, 0x00, 0x00, 0x00, 0x0E, 0x00, 0x00, 0x00, 0x12,
    0x00, 0x00, 0x00, 0x02, 0x00, 0x00, 0x00, 0x00, 0x00, 0x00, 0x01, 0x3E, 0x00, 0x00, 0x00, 0x12,
    0x00, 0x00, 0x00, 0x07, 0x00, 0x00, 0x00, 0x08, 0x00, 0x00, 0x00, 0x12, 0x00, 0x00, 0x00, 0x01,
    0x00, 0x00, 0x00, 0x00, 0x00, 0x00, 0x01, 0x3F, 0x00, 0x00, 0x00, 0x11, 0x00, 0x00, 0x00, 0x0B,
    0x00, 0x00, 0x00, 0x0E, 0x00, 0x00, 0x00, 0x11, 0x00, 0x00, 0x00, 0x02, 0x00, 0x00, 0x00, 0x00,
    0x00, 0x00, 0x01, 0x40, 0x00, 0x00, 0x00, 0x11, 0x00, 0x00, 0x00, 0x08, 0x00, 0x00, 0x00, 0x09,
    0x00, 0x00, 0x00, 0x11, 0x00, 0x00, 0x00, 0x01, 0x00, 0x00, 0x00, 0x00, 0x00, 0x00, 0x01, 0x41,
    0x00, 0x00, 0x00, 0x11, 0x00, 0x00, 0x00, 0x0E, 0x00, 0x00, 0x00, 0x0E, 0x00, 0x00, 0x00, 0x11,
    0x00, 0x00, 0x00, 0x00, 0x00, 0x00, 0x00, 0x00, 0x00, 0x00, 0x01, 0x42, 0x00, 0x00, 0x00, 0x11,
    0x00, 0x00, 0x00, 0x07, 0x00, 0x00, 0x00, 0x06, 0x00, 0x00, 0x00, 0x11, 0xFF, 0xFF, 0xFF, 0xFF,
    0x00, 0x00, 0x00, 0x00, 0x00, 0x00, 0x01, 0x43, 0x00, 0x00, 0x00, 0x17, 0x00, 0x00, 0x00, 0x0E,
    0x00, 0x00, 0x00, 0x12, 0x00, 0x00, 0x00, 0x17, 0x00, 0x00, 0x00, 0x02, 0x00, 0x00, 0x00, 0x00,
    0x00, 0x00, 0x01, 0x44, 0x00, 0x00, 0x00, 0x13, 0x00, 0x00, 0x00, 0x0C, 0x00, 0x00, 0x00, 0x0E,
    0x00, 0x00, 0x00, 0x13, 0x00, 0x00, 0x00, 0x01, 0x00, 0x00, 0x00, 0x00, 0x00, 0x00, 0x01, 0x45,
    0x00, 0x00, 0x00, 0x17, 0x00, 0x00, 0x00, 0x0E, 0x00, 0x00, 0x00, 0x12, 0x00, 0x00, 0x00, 0x11,
    0x00, 0x00, 0x00, 0x02, 0x00, 0x00, 0x00, 0x00, 0x00, 0x00, 0x01, 0x46, 0x00, 0x00, 0x00, 0x13,
    0x00, 0x00, 0x00, 0x0C, 0x00, 0x00, 0x00, 0x0E, 0x00, 0x00, 0x00, 0x0D, 0x00, 0x00, 0x00, 0x01,
    0x00, 0x00, 0x00, 0x00, 0x00, 0x00, 0x01, 0x47, 0x00, 0x00, 0x00, 0x16, 0x00, 0x00, 0x00, 0x0E,
    0x00, 0x00, 0x00, 0x12, 0x00, 0x00, 0x00, 0x16, 0x00, 0x00, 0x00, 0x02, 0x00, 0x00, 0x00, 0x00,
    0x00, 0x00, 0x01, 0x48, 0x00, 0x00, 0x00, 0x12, 0x00, 0x00, 0x00, 0x0C, 0x00, 0x00, 0x00, 0x0E,
    0x00, 0x00, 0x00, 0x12, 0x00, 0x00, 0x00, 0x01, 0x00, 0x00, 0x00, 0x00, 0x00, 0x00, 0x01, 0x4A,
    0x00, 0x00, 0x00, 0x16, 0x00, 0x00, 0x00, 0x0F, 0x00, 0x00, 0x00, 0x12, 0x00, 0x00, 0x00, 0x11,
    0x00, 0x00, 0x00, 0x02, 0x00, 0x00, 0x00, 0x00, 0x00, 0x00, 0x01, 0x4B, 0x00, 0x00, 0x00, 0x12,
    0x00, 0x00, 0x00, 0x0C, 0x00, 0x00, 0x00, 0x0E, 0x00, 0x00, 0x00, 0x0D, 0x00, 0x00, 0x00, 0x01,
    0x00, 0x00, 0x00, 0x00, 0x00, 0x00, 0x01, 0x4C, 0x00, 0x00, 0x00, 0x16, 0x00, 0x00, 0x00, 0x10,
    0x00, 0x00, 0x00, 0x12, 0x00, 0x00, 0x00, 0x16, 0x00, 0x00, 0x00, 0x01, 0x00, 0x00, 0x00, 0x00,
    0x00, 0x00, 0x01, 0x4D, 0x00, 0x00, 0x00, 0x12, 0x00, 0x00, 0x00, 0x0D, 0x00, 0x00, 0x00, 0x0E,
    0x00, 0x00, 0x00, 0x12, 0x00, 0x00, 0x00, 0x01, 0x00, 0x00, 0x00, 0x00, 0x00, 0x00, 0x01, 0x4E,
    0x00, 0x00, 0x00, 0x17, 0x00, 0x00, 0x00, 0x10, 0x00, 0x00, 0x00, 0x12, 0x00, 0x00, 0x00, 0x17,
    0x00, 0x00, 0x00, 0x01, 0x00, 0x00, 0x00, 0x00, 0x00, 0x00, 0x01, 0x4F, 0x00, 0x00, 0x00, 0x13,
    0x00, 0x00, 0x00, 0x0D, 0x00, 0x00, 0x00, 0x0E, 0x00, 0x00, 0x00, 0x13, 0x00, 0x00, 0x00, 0x01,
    0x00, 0x00, 0x00, 0x00, 0x00, 0x00, 0x01, 0x50, 0x00, 0x00, 0x00, 0x16, 0x00, 0x00, 0x00, 0x10,
    0x00, 0x00, 0x00, 0x12, 0x00, 0x00, 0x00, 0x16, 0x00, 0x00, 0x00, 0x01, 0x00, 0x00, 0x00, 0x00,
    0x00, 0x00, 0x01, 0x51, 0x00, 0x00, 0x00, 0x12, 0x00, 0x00, 0x00, 0x0D, 0x00, 0x00, 0x00, 0x0E,
    0x00, 0x00, 0x00, 0x12, 0x00, 0x00, 0x00, 0x01, 0x00, 0x00, 0x00, 0x00, 0x00, 0x00, 0x01, 0x52,
    0x00, 0x00, 0x00, 0x11, 0x00, 0x00, 0x00, 0x16, 0x00, 0x00, 0x00, 0x18, 0x00, 0x00, 0x00, 0x11,
    0x00, 0x00, 0x00, 0x01, 0x00, 0x00, 0x00, 0x00, 0x00, 0x00, 0x01, 0x53, 0x00, 0x00, 0x00, 0x0D,
    0x00, 0x00, 0x00, 0x16, 0x00, 0x00, 0x00, 0x18, 0x00, 0x00, 0x00, 0x0D, 0x00, 0x00, 0x00, 0x01,
    0x00, 0x00, 0x00, 0x00, 0x00, 0x00, 0x01, 0x54, 0x00, 0x00, 0x00, 0x17, 0x00, 0x00, 0x00, 0x0D,
    0x00, 0x00, 0x00, 0x0F, 0x00, 0x00, 0x00, 0x17, 0x00, 0x00, 0x00, 0x02, 0x00, 0x00, 0x00, 0x00,
    0x00, 0x00, 0x01, 0x55, 0x00, 0x00, 0x00, 0x13, 0x00, 0x00, 0x00, 0x08, 0x00, 0x00, 0x00, 0x09,
    0x00, 0x00, 0x00, 0x13, 0x00, 0x00, 0x00, 0x01, 0x00, 0x00, 0x00, 0x00, 0x00, 0x00, 0x01, 0x56,
    0x00, 0x00, 0x00, 0x17, 0x00, 0x00, 0x00, 0x0D, 0x00, 0x00, 0x00, 0x0F, 0x00, 0x00, 0x00, 0x11,
    0x00, 0x00, 0x00, 0x02, 0x00, 0x00, 0x00, 0x00, 0x00, 0x00, 0x01, 0x57, 0x00, 0x00, 0x00, 0x13,
    0x00, 0x00, 0x00, 0x09, 0x00, 0x00, 0x00, 0x09, 0x00, 0x00, 0x00, 0x0D, 0x00, 0x00, 0x00, 0x00,
    0x00, 0x00, 0x00, 0x00, 0x00, 0x00, 0x01, 0x58, 0x00, 0x00, 0x00, 0x16, 0x00, 0x00, 0x00, 0x0D,
    0x00, 0x00, 0x00, 0x0F, 0x00, 0x00, 0x00, 0x16, 0x00, 0x00, 0x00, 0x02, 0x00, 0x00, 0x00, 0x00,
    0x00, 0x00, 0x01, 0x59, 0x00, 0x00, 0x00, 0x12, 0x00, 0x00, 0x00, 0x08, 0x00, 0x00, 0x00, 0x09,
    0x00, 0x00, 0x00, 0x12, 0x00, 0x00, 0x00, 0x01, 0x00, 0x00, 0x00, 0x00, 0x00, 0x00, 0x01, 0x5A,
    0x00, 0x00, 0x00, 0x17, 0x00, 0x00, 0x00, 0x0E, 0x00, 0x00, 0x00, 0x0F, 0x00, 0x00, 0x00, 0x17,
    0x00, 0x00, 0x00, 0x01, 0x00, 0x00, 0x00, 0x00, 0x00, 0x00, 0x01, 0x5B, 0x00, 0x00, 0x00, 0x13,
    0x00, 0x00, 0x00, 0x0B, 0x00, 0x00, 0x00, 0x0D, 0x00, 0x00, 0x00, 0x13, 0x00, 0x00, 0x00, 0x01,
    0x00, 0x00, 0x00, 0x00, 0x00, 0x00, 0x01, 0x5C, 0x00, 0x00, 0x00, 0x16, 0x00, 0x00, 0x00, 0x0E,
    0x00, 0x00, 0x00, 0x0F, 0x00, 0x00, 0x00, 0x16, 0x00, 0x00, 0x00, 0x01, 0x00, 0x00, 0x00, 0x00,
    0x00, 0x00, 0x01, 0x5D, 0x00, 0x00, 0x00, 0x12, 0x00, 0x00, 0x00, 0x0B, 0x00, 0x00, 0x00, 0x0D,
    0x00, 0x00, 0x00, 0x12, 0x00, 0x00, 0x00, 0x01, 0x00, 0x00, 0x00, 0x00, 0x00, 0x00, 0x01, 0x5E,
    0x00, 0x00, 0x00, 0x17, 0x00, 0x00, 0x00, 0x0E, 0x00, 0x00, 0x00, 0x0F, 0x00, 0x00, 0x00, 0x11,
    0x00, 0x00, 0x00, 0x01, 0x00, 0x00, 0x00, 0x00, 0x00, 0x00, 0x01, 0x5F, 0x00, 0x00, 0x00, 0x13,
    0x00, 0x00, 0x00, 0x0B, 0x00, 0x00, 0x00, 0x0D, 0x00, 0x00, 0x00, 0x0D, 0x00, 0x00, 0x00, 0x01,
    0x00, 0x00, 0x00, 0x00, 0x00, 0x00, 0x01, 0x60, 0x00, 0x00, 0x00, 0x16, 0x00, 0x00, 0x00, 0x0E,
    0x00, 0x00, 0x00, 0x0F, 0x00, 0x00, 0x00, 0x16, 0x00, 0x00, 0x00, 0x01, 0x00, 0x00, 0x00, 0x00,
    0x00, 0x00, 0x01, 0x61, 0x00, 0x00, 0x00, 0x12, 0x00, 0x00, 0x00, 0x0B, 0x00, 0x00, 0x00, 0x0D,
    0x00, 0x00, 0x00, 0x12, 0x00, 0x00, 0x00, 0x01, 0x00, 0x00, 0x00, 0x00, 0x00, 0x00, 0x01, 0x62,
    0x00, 0x00, 0x00, 0x17, 0x00, 0x00, 0x00, 0x0E, 0x00, 0x00, 0x00, 0x10, 0x00, 0x00, 0x00, 0x11,
    0x00, 0x00, 0x00, 0x01, 0x00, 0x00, 0x00, 0x00, 0x00, 0x00, 0x01, 0x63, 0x00, 0x00, 0x00, 0x16,
    0x00, 0x00, 0x00, 0x08, 0x00, 0x00, 0x00, 0x08, 0x00, 0x00, 0x00, 0x10, 0x00, 0x00, 0x00, 0x00,
    0x00, 0x00, 0x00, 0x00, 0x00, 0x00, 0x01, 0x64, 0x00, 0x00, 0x00, 0x16, 0x00, 0x00, 0x00, 0x0E,
    0x00, 0x00, 0x00, 0x10, 0x00, 0x00, 0x00, 0x16, 0x00, 0x00, 0x00, 0x01, 0x00, 0x00, 0x00, 0x00,
    0x00, 0x00, 0x01, 0x65, 0x00, 0x00, 0x00, 0x13, 0x00, 0x00, 0x00, 0x08, 0x00, 0x00, 0x00, 0x09,
    0x00, 0x00, 0x00, 0x13, 0x00, 0x00, 0x00, 0x00, 0x00, 0x00, 0x00, 0x00, 0x00, 0x00, 0x01, 0x66,
    0x00, 0x00, 0x00, 0x11, 0x00, 0x00, 0x00, 0x0E, 0x00, 0x00, 0x00, 0x10, 0x00, 0x00, 0x00, 0x11,
    0x00, 0x00, 0x00, 0x01, 0x00, 0x00, 0x00, 0x00, 0x00, 0x00, 0x01, 0x67, 0x00, 0x00, 0x00, 0x10,
    0x00, 0x00, 0x00, 0x08, 0x00, 0x00, 0x00, 0x08, 0x00, 0x00, 0x00, 0x10, 0x00, 0x00, 0x00, 0x00,
    0x00, 0x00, 0x00, 0x00, 0x00, 0x00, 0x01, 0x68, 0x00, 0x00, 0x00, 0x16, 0x00, 0x00, 0x00, 0x0E,
    0x00, 0x00, 0x00, 0x12, 0x00, 0x00, 0x00, 0x16, 0x00, 0x00, 0x00, 0x02, 0x00, 0x00, 0x00, 0x00,
    0x00, 0x00, 0x01, 0x69, 0x00, 0x00, 0x00, 0x12, 0x00, 0x00, 0x00, 0x0C, 0x00, 0x00, 0x00, 0x0E,
    0x00, 0x00, 0x00, 0x12, 0x00, 0x00, 0x00, 0x01, 0x00, 0x00, 0x00, 0x00, 0x00, 0x00, 0x01, 0x6A,
    0x00, 0x00, 0x00, 0x16, 0x00, 0x00, 0x00, 0x0E, 0x00, 0x00, 0x00, 0x12, 0x00, 0x00, 0x00, 0x16,
    0x00, 0x00, 0x00, 0x02, 0x00, 0x00, 0x00, 0x00, 0x00, 0x00, 0x01, 0x6B, 0x00, 0x00, 0x00, 0x12,
    0x00, 0x00, 0x00, 0x0C, 0x00, 0x00, 0x00, 0x0E, 0x00, 0x00, 0x00, 0x12, 0x00, 0x00, 0x00, 0x01,
    0x00, 0x00, 0x00, 0x00, 0x00, 0x00, 0x01, 0x6C, 0x00, 0x00, 0x00, 0x17, 0x00, 0x00, 0x00, 0x0E,
    0x00, 0x00, 0x00, 0x12, 0x00, 0x00, 0x00, 0x17, 0x00, 0x00, 0x00, 0x02, 0x00, 0x00, 0x00, 0x00,
    0x00, 0x00, 0x01, 0x6D, 0x00, 0x00, 0x00, 0x13, 0x00, 0x00, 0x00, 0x0C, 0x00, 0x00, 0x00, 0x0E,
    0x00, 0x00, 0x00, 0x13, 0x00, 0x00, 0x00, 0x01, 0x00, 0x00, 0x00, 0x00, 0x00, 0x00, 0x01, 0x6E,
    0x00, 0x00, 0x00, 0x18, 0x00, 0x00, 0x00, 0x0E, 0x00, 0x00, 0x00, 0x12, 0x00, 0x00, 0x00, 0x18,
    0x00, 0x00, 0x00, 0x02, 0x00, 0x00, 0x00, 0x00, 0x00, 0x00, 0x01, 0x6F, 0x00, 0x00, 0x00, 0x14,
    0x00, 0x00, 0x00, 0x0C, 0x00, 0x00, 0x00, 0x0E, 0x00, 0x00, 0x00, 0x14, 0x00, 0x00, 0x00, 0x01,
    0x00, 0x00, 0x00, 0x00, 0x00, 0x00, 0x01, 0x70, 0x00, 0x00, 0x00, 0x16, 0x00, 0x00, 0x00, 0x0E,
    0x00, 0x00, 0x00, 0x12, 0x00, 0x00, 0x00, 0x16, 0x00, 0x00, 0x00, 0x02, 0x00, 0x00, 0x00, 0x00,
    0x00, 0x00, 0x01, 0x71, 0x00, 0x00, 0x00, 0x12, 0x00, 0x00, 0x00, 0x0C, 0x00, 0x00, 0x00, 0x0E,
    0x00, 0x00, 0x00, 0x12, 0x00, 0x00, 0x00, 0x01, 0x00, 0x00, 0x00, 0x00, 0x00, 0x00, 0x01, 0x72,
    0x00, 0x00, 0x00, 0x16, 0x00, 0x00, 0x00, 0x0E, 0x00, 0x00, 0x00, 0x12, 0x00, 0x00, 0x00, 0x11,
    0x00, 0x00, 0x00, 0x02, 0x00, 0x00, 0x00, 0x00, 0x00, 0x00, 0x01, 0x73, 0x00, 0x00, 0x00, 0x12,
    0x00, 0x00, 0x00, 0x0D, 0x00, 0x00, 0x00, 0x0E, 0x00, 0x00, 0x00, 0x0D, 0x00, 0x00, 0x00, 0x01,
    0x00, 0x00, 0x00, 0x00, 0x00, 0x00, 0x01, 0x74, 0x00, 0x00, 0x00, 0x16, 0x00, 0x00, 0x00, 0x18,
    0x00, 0x00, 0x00, 0x18, 0x00, 0x00, 0x00, 0x16, 0x00, 0x00, 0x00, 0x00, 0x00, 0x00, 0x00, 0x00,
    0x00, 0x00, 0x01, 0x75, 0x00, 0x00, 0x00, 0x12, 0x00, 0x00, 0x00, 0x13, 0x00, 0x00, 0x00, 0x14,
    0x00, 0x00, 0x00, 0x12, 0x00, 0x00, 0x00, 0x00, 0x00, 0x00, 0x00, 0x00, 0x00, 0x00, 0x01, 0x76,
    0x00, 0x00, 0x00, 0x16, 0x00, 0x00, 0x00, 0x10, 0x00, 0x00, 0x00, 0x10, 0x00, 0x00, 0x00, 0x16,
    0x00, 0x00, 0x00, 0x00, 0x00, 0x00, 0x00, 0x00, 0x00, 0x00, 0x01, 0x77, 0x00, 0x00, 0x00, 0x17,
    0x00, 0x00, 0x00, 0x0D, 0x00, 0x00, 0x00, 0x0D, 0x00, 0x00, 0x00, 0x12, 0x00, 0x00, 0x00, 0x00,
    0x00, 0x00, 0x00, 0x00, 0x00, 0x00, 0x01, 0x78, 0x00, 0x00, 0x00, 0x16, 0x00, 0x00, 0x00, 0x10,
    0x00, 0x00, 0x00, 0x10, 0x00, 0x00, 0x00, 0x16, 0x00, 0x00, 0x00, 0x00, 0x00, 0x00, 0x00, 0x00,
    0x00, 0x00, 0x01, 0x79, 0x00, 0x00, 0x00, 0x17, 0x00, 0x00, 0x00, 0x0D, 0x00, 0x00, 0x00, 0x0F,
    0x00, 0x00, 0x00, 0x17, 0x00, 0x00, 0x00, 0x01, 0x00, 0x00, 0x00, 0x00, 0x00, 0x00, 0x01, 0x7A,
    0x00, 0x00, 0x00, 0x13, 0x00, 0x00, 0x00, 0x0B, 0x00, 0x00, 0x00, 0x0D, 0x00, 0x00, 0x00, 0x13,
    0x00, 0x00, 0x00, 0x01, 0x00, 0x00, 0x00, 0x00, 0x00, 0x00, 0x01, 0x7B, 0x00, 0x00, 0x00, 0x16,
    0x00, 0x00, 0x00, 0x0D, 0x00, 0x00, 0x00, 0x0F, 0x00, 0x00, 0x00, 0x16, 0x00, 0x00, 0x00, 0x01,
    0x00, 0x00, 0x00, 0x00, 0x00, 0x00, 0x01, 0x7C, 0x00, 0x00, 0x00, 0x12, 0x00, 0x00, 0x00, 0x0B,
    0x00, 0x00, 0x00, 0x0D, 0x00, 0x00, 0x00, 0x12, 0x00, 0x00, 0x00, 0x01, 0x00, 0x00, 0x00, 0x00,
    0x00, 0x00, 0x01, 0x7D, 0x00, 0x00, 0x00, 0x16, 0x00, 0x00, 0x00, 0x0D, 0x00, 0x00, 0x00, 0x0F,
    0x00, 0x00, 0x00, 0x16, 0x00, 0x00, 0x00, 0x01, 0x00, 0x00, 0x00, 0x00, 0x00, 0x00, 0x01, 0x7E,
    0x00, 0x00, 0x00, 0x12, 0x00, 0x00, 0x00, 0x0B, 0x00, 0x00, 0x00, 0x0D, 0x00, 0x00, 0x00, 0x12,
    0x00, 0x00, 0x00, 0x01, 0x00, 0x00, 0x00, 0x00, 0x00, 0x00, 0x01, 0x7F, 0x00, 0x00, 0x00, 0x12,
    0x00, 0x00, 0x00, 0x07, 0x00, 0x00, 0x00, 0x08, 0x00, 0x00, 0x00, 0x12, 0x00, 0x00, 0x00, 0x01,
    0x00, 0x00, 0x00, 0x00, 0x00, 0x00, 0x02, 0x18, 0x00, 0x00, 0x00, 0x17, 0x00, 0x00, 0x00, 0x0E,
    0x00, 0x00, 0x00, 0x0F, 0x00, 0x00, 0x00, 0x11, 0x00, 0x00, 0x00, 0x01, 0x00, 0x00, 0x00, 0x00,
    0x00, 0x00, 0x02, 0x19, 0x00, 0x00, 0x00, 0x13, 0x00, 0x00, 0x00, 0x0B, 0x00, 0x00, 0x00, 0x0D,
    0x00, 0x00, 0x00, 0x0D, 0x00, 0x00, 0x00, 0x01, 0x00, 0x00, 0x00, 0x00, 0x00, 0x00, 0x02, 0x1A,
    0x00, 0x00, 0x00, 0x17, 0x00, 0x00, 0x00, 0x0E, 0x00, 0x00, 0x00, 0x10, 0x00, 0x00, 0x00, 0x11,
    0x00, 0x00, 0x00, 0x01, 0x00, 0x00, 0x00, 0x00, 0x00, 0x00, 0x02, 0x1B, 0x00, 0x00, 0x00, 0x16,
    0x00, 0x00, 0x00, 0x08, 0x00, 0x00, 0x00, 0x08, 0x00, 0x00, 0x00, 0x10, 0x00, 0x00, 0x00, 0x00,
    0x00, 0x00, 0x00, 0x00, 0x00, 0x00, 0x20, 0xAC, 0x00, 0x00, 0x00, 0x11, 0x00, 0x00, 0x00, 0x0F,
    0x00, 0x00, 0x00, 0x10, 0x00, 0x00, 0x00, 0x11, 0x00, 0x00, 0x00, 0x00, 0x00, 0x00, 0x00, 0x00,
    0x00, 0xBF, 0xFF, 0xA1, 0x00, 0x00, 0xBC, 0xFF, 0x9E, 0x00, 0x00, 0xB9, 0xFF, 0x9B, 0x00, 0x00,
    0xB6, 0xFF, 0x97, 0x00, 0x00, 0xB3, 0xFF, 0x94, 0x00, 0x00, 0xB0, 0xFF, 0x91, 0x00, 0x00, 0xAD,
    0xFF, 0x8D, 0x00, 0x00, 0xAA, 0xFF, 0x8A, 0x00, 0x00, 0xA7, 0xFF, 0x87, 0x00, 0x00, 0xA4, 0xFF,
    0x83, 0x00, 0x00, 0xA1, 0xFF, 0x80, 0x00, 0x00, 0x9E, 0xFF, 0x7D, 0x00, 0x00, 0x00, 0x00, 0x00,
    0x00, 0x00, 0x00, 0x00, 0x00, 0x00, 0x00, 0x9F, 0xF4, 0x88, 0x00, 0x13, 0xFF, 0xFF, 0xF9, 0x01,
    0x00, 0x9F, 0xF4, 0x88, 0x00, 0x83, 0xFF, 0xB6, 0x00, 0x87, 0xFF, 0xB2, 0x78, 0xFF, 0xAB, 0x00,
    0x7C, 0xFF, 0xA7, 0x6E, 0xFF, 0xA0, 0x00, 0x72, 0xFF, 0x9C, 0x63, 0xFF, 0x96, 0x00, 0x67, 0xFF,
    0x92, 0x58, 0xFF, 0x8B, 0x00, 0x5C, 0xFF, 0x87, 0x4D, 0xFF, 0x81, 0x00, 0x51, 0xFF, 0x7D, 0x00,
    0x00, 0x00, 0x00, 0x09, 0xFC, 0xBE, 0x00, 0x00, 0x00, 0x00, 0xE2, 0xE2, 0x00, 0x00, 0x00, 0x00,
    0x00, 0x00, 0x38, 0xFF, 0x8C, 0x00, 0x00, 0x00, 0x15, 0xFF, 0xB0, 0x00, 0x00, 0x00, 0x00, 0x00,
    0x00, 0x6A, 0xFF, 0x5A, 0x00, 0x00, 0x00, 0x48, 0xFF, 0x7E, 0x00, 0x00, 0x00, 0x00, 0x00, 0x00,
    0x9B, 0xFF, 0x28, 0x00, 0x00, 0x00, 0x7B, 0xFF, 0x4C, 0x00, 0x00, 0x00, 0x5C, 0xFF, 0xFF, 0xFF,
    0xFF, 0xFF, 0xFF, 0xFF, 0xFF, 0xFF, 0xFF, 0xFF, 0xFF, 0xB5, 0x00, 0x6D, 0xDC, 0xDC, 0xFF, 0xF7,
    0xDC, 0xDC, 0xDC, 0xDC, 0xFB, 0xFC, 0xDC, 0xDC, 0x7E, 0x00, 0x00, 0x00, 0x1B, 0xFF, 0xA9, 0x00,
    0x00, 0x00, 0x03, 0xF7, 0xCD, 0x00, 0x00, 0x00, 0x00, 0x00, 0x00, 0x45, 0xFF, 0x7E, 0x00, 0x00,
    0x00, 0x25, 0xFF, 0xA2, 0x00, 0x00, 0x00, 0x00, 0x00, 0x00, 0x70, 0xFF, 0x54, 0x00, 0x00, 0x00,
    0x50, 0xFF, 0x78, 0x00, 0x00, 0x00, 0x00, 0x00, 0x00, 0x9A, 0xFF, 0x2A, 0x00, 0x00, 0x00, 0x7A,
    0xFF, 0x4E, 0x00, 0x00, 0x00, 0x53, 0xDC, 0xDC, 0xF4, 0xFF, 0xDE, 0xDC, 0xDC, 0xDC, 0xF0, 0xFF,
    0xE3, 0xDC, 0x99, 0x00, 0x85, 0xFF, 0xFF, 0xFF, 0xFF, 0xFF, 0xFF, 0xFF, 0xFF, 0xFF, 0xFF, 0xFF,
    0xFF, 0x8F, 0x00, 0x00, 0x00, 0x14, 0xFF, 0xAF, 0x00, 0x00, 0x00, 0x00, 0xF3, 0xD3, 0x00, 0x00,
    0x00, 0x00, 0x00, 0x00, 0x3D, 0xFF, 0x87, 0x00, 0x00, 0x00, 0x1D, 0xFF, 0xAB, 0x00, 0x00, 0x00,
    0x00, 0x00, 0x00, 0x65, 0xFF, 0x5F, 0x00, 0x00, 0x00, 0x46, 0xFF, 0x83, 0x00, 0x00, 0x00, 0x00,
    0x00, 0x00, 0x8D, 0xFF, 0x37, 0x00, 0x00, 0x00, 0x6F, 0xFF, 0x5B, 0x00, 0x00, 0x00, 0x00, 0x00,
    0x00, 0xB4, 0xFF, 0x0F, 0x00, 0x00, 0x00, 0x98, 0xFF, 0x33, 0x00, 0x00, 0x00, 0x00, 0x00, 0x00,
    0x00, 0x00, 0x00, 0x00, 0xFF, 0x68, 0x00, 0x00, 0x00, 0x00, 0x00, 0x00, 0x00, 0x00, 0x00, 0x00,
    0x00, 0x00, 0xFF, 0x68, 0x00, 0x00, 0x00, 0x00, 0x00, 0x00, 0x00, 0x00, 0x00, 0x00, 0x00, 0x01,
    0xFF, 0x68, 0x00, 0x00, 0x00, 0x00, 0x00, 0x00, 0x00, 0x00, 0x00, 0x51, 0xB9, 0xF2, 0xFF, 0xFB,
    0xE2, 0xA0, 0x30, 0x00, 0x00, 0x00, 0x00, 0x04, 0xAB, 0xFF, 0xFF, 0xF6, 0xFF, 0xF4, 0xFF, 0xFF,
    0xFB, 0x6A, 0x00, 0x00, 0x00, 0x87, 0xFF, 0xEF, 0x5E, 0x07, 0xFF, 0x68, 0x1C, 0x9C, 0xFF, 0xFE,
    0x39, 0x00, 0x03, 0xF2, 0xFF, 0x53, 0x00, 0x00, 0xFF, 0x68, 0x00, 0x00, 0xB1, 0xFF, 0xA5, 0x00,
    0x1C, 0xFF, 0xFF, 0x0F, 0x00, 0x00, 0xFF, 0x68, 0x00, 0x00, 0x25, 0x58, 0x44, 0x00, 0x0B, 0xFA,
    0xFF, 0x4F, 0x00, 0x00, 0xFF, 0x68, 0x00, 0x00, 0x00, 0x00, 0x00, 0x00, 0x00, 0xA1, 0xFF, 0xF8,
    0x77, 0x10, 0xFF, 0x68, 0x00, 0x00, 0x00, 0x00, 0x00, 0x00, 0x00, 0x0B, 0xA8, 0xFF, 0xFF, 0xF8,
    0xFF, 0xA8, 0x32, 0x00, 0x00, 0x00, 0x00, 0x00, 0x00, 0x00, 0x00, 0x47, 0xAF, 0xFA, 0xFF, 0xFF,
    0xFF, 0xDB, 0x61, 0x03, 0x00, 0x00, 0x00, 0x00, 0x00, 0x00, 0x00, 0x0E, 0xFF, 0xC9, 0xE6, 0xFF,
    0xFF, 0xC4, 0x0D, 0x00, 0x00, 0x00, 0x00, 0x00, 0x00, 0x00, 0xFF, 0x68, 0x02, 0x51, 0xEA, 0xFF,
    0x99, 0x00, 0x00, 0x00, 0x00, 0x00, 0x00, 0x00, 0xFF, 0x68, 0x00, 0x00, 0x50, 0xFF, 0xF2, 0x00,
    0x56, 0x90, 0x68, 0x00, 0x00, 0x00, 0xFF, 0x68, 0x00, 0x00, 0x31, 0xFF, 0xFD, 0x04, 0x6F, 0xFF,
    0xF0, 0x13, 0x00, 0x00, 0xFF, 0x68, 0x00, 0x00, 0x87, 0xFF, 0xD7, 0x00, 0x14, 0xEE, 0xFF, 0xCF,
    0x3B, 0x00, 0xFF, 0x68, 0x13, 0x88, 0xFE, 0xFF, 0x67, 0x00, 0x00, 0x45, 0xF4, 0xFF, 0xFF, 0xEB,
    0xFF, 0xED, 0xFE, 0xFF, 0xFF, 0x94, 0x00, 0x00, 0x00, 0x00, 0x21, 0x94, 0xDA, 0xF8, 0xFF, 0xFB,
    0xE4, 0xAE, 0x47, 0x00, 0x00, 0x00, 0x00, 0x00, 0x00, 0x00, 0x00, 0x00, 0xFF, 0x68, 0x00, 0x00,
    0x00, 0x00, 0x00, 0x00, 0x00, 0x00, 0x00, 0x00, 0x00, 0x00, 0xFF, 0x68, 0x00, 0x00, 0x00, 0x00,
    0x00, 0x00, 0x00, 0x00, 0x00, 0x00, 0x00, 0x00, 0x7C, 0x32, 0x00, 0x00, 0x00, 0x00, 0x00, 0x00,
    0x00, 0x19, 0xA7, 0xEE, 0xF5, 0xC2, 0x39, 0x00, 0x00, 0x00, 0x00, 0x00, 0x00, 0x00, 0x9F, 0xFF,
    0x5D, 0x00, 0x00, 0x02, 0xD2, 0xFF, 0xF3, 0xEA, 0xFF, 0xF4, 0x20, 0x00, 0x00, 0x00, 0x00, 0x00,
    0x53, 0xFF, 0xA8, 0x00, 0x00, 0x00, 0x37, 0xFF, 0xBE, 0x07, 0x00, 0x87, 0xFF, 0x76, 0x00, 0x00,
    0x00, 0x00, 0x1A, 0xED, 0xE3, 0x11, 0x00, 0x00, 0x00, 0x4B, 0xFF, 0x7D, 0x00, 0x00, 0x42, 0xFF,
    0x8B, 0x00, 0x00, 0x00, 0x01, 0xBB, 0xFE, 0x41, 0x00, 0x00, 0x00, 0x00, 0x36, 0xFF, 0xBC, 0x06,
    0x00, 0x87, 0xFF, 0x75, 0x00, 0x00, 0x00, 0x71, 0xFF, 0x8A, 0x00, 0x00, 0x00, 0x00, 0x00, 0x02,
    0xD2, 0xFF, 0xF2, 0xEA, 0xFF, 0xF3, 0x1E, 0x00, 0x00, 0x2D, 0xF8, 0xCF, 0x06, 0x00, 0x00, 0x00,
    0x00, 0x00, 0x00, 0x1A, 0xA9, 0xEF, 0xF6, 0xC3, 0x38, 0x00, 0x00, 0x07, 0xD2, 0xF7, 0x2A, 0x00,
    0x00, 0x00, 0x00, 0x00, 0x00, 0x00, 0x00, 0x00, 0x00, 0x00, 0x00, 0x00, 0x00, 0x00, 0x8F, 0xFF,
    0x6C, 0x00, 0x00, 0x00, 0x00, 0x00, 0x00, 0x00, 0x00, 0x00, 0x00, 0x00, 0x00, 0x00, 0x00, 0x00,
    0x45, 0xFE, 0xB7, 0x00, 0x00, 0x00, 0x00, 0x00, 0x00, 0x00, 0x00, 0x00, 0x00, 0x00, 0x00, 0x00,
    0x00, 0x00, 0x13, 0xE5, 0xEA, 0x18, 0x00, 0x00, 0x66, 0xDA, 0xF8, 0xD6, 0x5B, 0x00, 0x00, 0x00,
    0x00, 0x00, 0x00, 0x00, 0x00, 0xAD, 0xFF, 0x4E, 0x00, 0x00, 0x60, 0xFF, 0xFD, 0xE7, 0xFE, 0xFF,
    0x4B, 0x00, 0x00, 0x00, 0x00, 0x00, 0x00, 0x62, 0xFF, 0x99, 0x00, 0x00, 0x00, 0xD0, 0xFD, 0x39,
    0x00, 0x4B, 0xFF, 0xB7, 0x00, 0x00, 0x00, 0x00, 0x00, 0x23, 0xF3, 0xD9, 0x0B, 0x00, 0x00, 0x00,
    0xF4, 0xDA, 0x00, 0x00, 0x00, 0xF2, 0xDC, 0x00, 0x00, 0x00, 0x00, 0x03, 0xC7, 0xFB, 0x35, 0x00,
    0x00, 0x00, 0x00, 0xF4, 0xDA, 0x00, 0x00, 0x00, 0xF2, 0xDB, 0x00, 0x00, 0x00, 0x00, 0x80, 0xFF,
    0x7B, 0x00, 0x00, 0x00, 0x00, 0x00, 0xCF, 0xFD, 0x35, 0x00, 0x49, 0xFF, 0xB7, 0x00, 0x00, 0x00,
    0x38, 0xFC, 0xC3, 0x03, 0x00, 0x00, 0x00, 0x00, 0x00, 0x62, 0xFF, 0xFD, 0xE6, 0xFE, 0xFF, 0x4A,
    0x00, 0x00, 0x0C, 0xDD, 0xF1, 0x20, 0x00, 0x00, 0x00, 0x00, 0x00, 0x00, 0x00, 0x69, 0xDB, 0xF8,
    0xD6, 0x59, 0x00, 0x00, 0x00, 0x02, 0x6E, 0xD1, 0xF8, 0xF1, 0xC1, 0x50, 0x00, 0x00, 0x00, 0x00,
    0x00, 0x00, 0x00, 0x00, 0x9E, 0xFF, 0xFF, 0xEF, 0xF1, 0xFF, 0xFF, 0x6D, 0x00, 0x00, 0x00, 0x00,
    0x00, 0x00, 0x2A, 0xFF, 0xFF, 0x6E, 0x00, 0x02, 0x88, 0xFF, 0xF2, 0x07, 0x00, 0x00, 0x00, 0x00,
    0x00, 0x55, 0xFF, 0xDB, 0x00, 0x00, 0x00, 0x08, 0xFE, 0xFF, 0x1E, 0x00, 0x00, 0x00, 0x00, 0x00,
    0x3A, 0xFF, 0xD8, 0x00, 0x00, 0x00, 0x1E, 0xFF, 0xEC, 0x03, 0x00, 0x00, 0x00, 0x00, 0x00, 0x01,
    0xD5, 0xFF, 0x39, 0x00, 0x0B, 0xBF, 0xFF, 0x5F, 0x00, 0x00, 0x00, 0x00, 0x00, 0x00, 0x00, 0x33,
    0xF7, 0xD8, 0x35, 0xD2, 0xF9, 0x66, 0x00, 0x00, 0x00, 0x00, 0x00, 0x00, 0x00, 0x00, 0x00, 0x97,
    0xFF, 0xFF, 0xDE, 0x2E, 0x00, 0x00, 0x00, 0x00, 0x00, 0x00, 0x00, 0x00, 0x04, 0x8F, 0xFF, 0xF9,
    0xFF, 0xF7, 0x38, 0x00, 0x00, 0x00, 0x00, 0x00, 0x00, 0x00, 0x00, 0xA7, 0xFF, 0xE3, 0x33, 0x84,
    0xFF, 0xE9, 0x20, 0x00, 0x07, 0xFF, 0xFF, 0x03, 0x00, 0x5A, 0xFF, 0xED, 0x21, 0x00, 0x01, 0xAC,
    0xFF, 0xD4, 0x0E, 0x25, 0xFF, 0xEF, 0x00, 0x00, 0xAF, 0xFF, 0x88, 0x00, 0x00, 0x00, 0x0A, 0xCD,
    0xFF, 0xB9, 0x76, 0xFF, 0xB8, 0x00, 0x00, 0xBE, 0xFF, 0x72, 0x00, 0x00, 0x00, 0x00, 0x1B, 0xE6,
    0xFF, 0xFB, 0xFF, 0x5E, 0x00, 0x00, 0x97, 0xFF, 0xB6, 0x00, 0x00, 0x00, 0x00, 0x00, 0x3A, 0xFF,
    0xFF, 0xD7, 0x04, 0x00, 0x00, 0x30, 0xFC, 0xFF, 0x8F, 0x0F, 0x00, 0x01, 0x3D, 0xC6, 0xFF, 0xFF,
    0xF8, 0x33, 0x00, 0x00, 0x00, 0x64, 0xFA, 0xFF, 0xFE, 0xE5, 0xF2, 0xFF, 0xFF, 0xDF, 0xA2, 0xFF,
    0xDE, 0x10, 0x00, 0x00, 0x00, 0x2E, 0x9C, 0xDE, 0xF8, 0xF1, 0xC4, 0x73, 0x0D, 0x05, 0xCA, 0xFF,
    0xB1, 0x01, 0x83, 0xFF, 0xB6, 0x78, 0xFF, 0xAB, 0x6E, 0xFF, 0xA0, 0x63, 0xFF, 0x96, 0x58, 0xFF,
    0x8B, 0x4D, 0xFF, 0x81, 0x00, 0x00, 0x00, 0x47, 0x80, 0x42, 0x00, 0x00, 0x0C, 0xE9, 0xFF, 0x36,
    0x00, 0x00, 0x6F, 0xFF, 0xCC, 0x00, 0x00, 0x00, 0xD7, 0xFF, 0x62, 0x00, 0x00, 0x30, 0xFF, 0xF6,
    0x0A, 0x00, 0x00, 0x7E, 0xFF, 0xB3, 0x00, 0x00, 0x00, 0xC0, 0xFF, 0x6C, 0x00, 0x00, 0x04, 0xF5,
    0xFF, 0x32, 0x00, 0x00, 0x26, 0xFF, 0xFB, 0x04, 0x00, 0x00, 0x4A, 0xFF, 0xDC, 0x00, 0x00, 0x00,
    0x60, 0xFF, 0xC3, 0x00, 0x00, 0x00, 0x6C, 0xFF, 0xB7, 0x00, 0x00, 0x00, 0x62, 0xFF, 0xC1, 0x00,
    0x00, 0x00, 0x4F, 0xFF, 0xD5, 0x00, 0x00, 0x00, 0x32, 0xFF, 0xF4, 0x03, 0x00, 0x00, 0x05, 0xF6,
    0xFF, 0x2F, 0x00, 0x00, 0x00, 0xC2, 0xFF, 0x6C, 0x00, 0x00, 0x00, 0x73, 0xFF, 0xC2, 0x00, 0x00,
    0x00, 0x18, 0xFC, 0xFE, 0x1E, 0x00, 0x00, 0x00, 0xB1, 0xFF, 0x81, 0x00, 0x00, 0x00, 0x32, 0xFF,
    0xEA, 0x08, 0x00, 0x00, 0x00, 0xAE, 0xFF, 0x66, 0x61, 0x80, 0x27, 0x00, 0x00, 0x00, 0x6A, 0xFF,
    0xB6, 0x00, 0x00, 0x00, 0x09, 0xEF, 0xFF, 0x30, 0x00, 0x00, 0x00, 0x97, 0xFF, 0x97, 0x00, 0x00,
    0x00, 0x3C, 0xFF, 0xEC, 0x03, 0x00, 0x00, 0x03, 0xED, 0xFF, 0x40, 0x00, 0x00, 0x00, 0xAA, 0xFF,
    0x82, 0x00, 0x00, 0x00, 0x72, 0xFF, 0xBC, 0x00, 0x00, 0x00, 0x40, 0xFF, 0xE8, 0x00, 0x00, 0x00,
    0x1B, 0xFF, 0xFF, 0x0E, 0x00, 0x00, 0x02, 0xFE, 0xFF, 0x23, 0x00, 0x00, 0x00, 0xF4, 0xFF, 0x2F,
    0x00, 0x00, 0x01, 0xFC, 0xFF, 0x25, 0x00, 0x00, 0x12, 0xFF, 0xFF, 0x12, 0x00, 0x00, 0x36, 0xFF,
    0xF4, 0x01, 0x00, 0x00, 0x6E, 0xFF, 0xBF, 0x00, 0x00, 0x00, 0xAB, 0xFF, 0x85, 0x00, 0x00, 0x0B,
    0xF5, 0xFF, 0x36, 0x00, 0x00, 0x5A, 0xFF, 0xD6, 0x00, 0x00, 0x00, 0xC0, 0xFF, 0x73, 0x00, 0x00,
    0x33, 0xFF, 0xE8, 0x0A, 0x00, 0x00, 0xA6, 0xFF, 0x6E, 0x00, 0x00, 0x00, 0x00, 0x00, 0x00, 0x00,
    0xCF, 0xD6, 0x00, 0x00, 0x00, 0x00, 0x00, 0x09, 0x00, 0x00, 0xC5, 0xCD, 0x00, 0x00, 0x09, 0x00,
    0x33, 0xE7, 0x58, 0x00, 0xBA, 0xC4, 0x00, 0x52, 0xE6, 0x3A, 0x4C, 0xE5, 0xFF, 0xB3, 0xC6, 0xCD,
    0xAC, 0xFF, 0xE7, 0x51, 0x00, 0x09, 0x74, 0xEC, 0xFF, 0xFF, 0xEE, 0x78, 0x0A, 0x00, 0x00, 0x01,
    0x5A, 0xDD, 0xFF, 0xFF, 0xDF, 0x5E, 0x02, 0x00, 0x3E, 0xD1, 0xFF, 0xC5, 0xCD, 0xD3, 0xC0, 0xFF,
    0xD4, 0x42, 0x40, 0xF2, 0x6D, 0x02, 0xBA, 0xC3, 0x01, 0x66, 0xF0, 0x47, 0x00, 0x13, 0x00, 0x00,
    0xC4, 0xCD, 0x00, 0x00, 0x13, 0x00, 0x00, 0x00, 0x00, 0x00, 0xCF, 0xD7, 0x00, 0x00, 0x00, 0x00,
    0x00, 0x00, 0x00, 0x00, 0x0C, 0xFF, 0xF0, 0x00, 0x00, 0x00, 0x00, 0x00, 0x00, 0x00, 0x00, 0x00,
    0x0C, 0xFF, 0xF0, 0x00, 0x00, 0x00, 0x00, 0x00, 0x00, 0x00, 0x00, 0x00, 0x0C, 0xFF, 0xF0, 0x00,
    0x00, 0x00, 0x00, 0x00, 0x00, 0x00, 0x00, 0x00, 0x0C, 0xFF, 0xF0, 0x00, 0x00, 0x00, 0x00, 0x00,
    0x9E, 0xDC, 0xDC, 0xDC, 0xDD, 0xFF, 0xFD, 0xDC, 0xDC, 0xDC, 0xDC, 0x82, 0xB8, 0xFF, 0xFF, 0xFF,
    0xFF, 0xFF, 0xFF, 0xFF, 0xFF, 0xFF, 0xFF, 0x98, 0x00, 0x00, 0x00, 0x00, 0x0C, 0xFF, 0xF0, 0x00,
    0x00, 0x00, 0x00, 0x00, 0x00, 0x00, 0x00, 0x00, 0x0C, 0xFF, 0xF0, 0x00, 0x00, 0x00, 0x00, 0x00,
    0x00, 0x00, 0x00, 0x00, 0x0C, 0xFF, 0xF0, 0x00, 0x00, 0x00, 0x00, 0x00, 0x00, 0x00, 0x00, 0x00,
    0x0C, 0xFF, 0xF0, 0x00, 0x00, 0x00, 0x00, 0x00, 0x00, 0x00, 0x00, 0x00, 0x0C, 0xFF, 0xF0, 0x00,
    0x00, 0x00, 0x00, 0x00, 0x00, 0x8B, 0xFF, 0xD2, 0x00, 0xB1, 0xFF, 0x8F, 0x00, 0xD7, 0xFF, 0x4C,
    0x02, 0xF9, 0xFB, 0x0E, 0x22, 0xFF, 0xC6, 0x00, 0x48, 0xFF, 0x83, 0x00, 0x6D, 0xFF, 0x41, 0x00,
    0x44, 0xDC, 0xDC, 0xDC, 0xDC, 0xDC, 0xDC, 0xDC, 0x4F, 0x50, 0xFF, 0xFF, 0xFF, 0xFF, 0xFF, 0xFF,
    0xFF, 0x5C, 0x00, 0x9F, 0xF4, 0x8B, 0x00, 0x13, 0xFF, 0xFF, 0xFC, 0x02, 0x00, 0x9F, 0xF4, 0x8B,
    0x00, 0x00, 0x00, 0x00, 0x00, 0x00, 0x00, 0x73, 0x7F, 0x05, 0x00, 0x00, 0x00, 0x00, 0x00, 0x1B,
    0xFF, 0xD5, 0x00, 0x00, 0x00, 0x00, 0x00, 0x00, 0x61, 0xFF, 0x8F, 0x00, 0x00, 0x00, 0x00, 0x00,
    0x00, 0xA7, 0xFF, 0x49, 0x00, 0x00, 0x00, 0x00, 0x00, 0x01, 0xEB, 0xF8, 0x0A, 0x00, 0x00, 0x00,
    0x00, 0x00, 0x34, 0xFF, 0xBC, 0x00, 0x00, 0x00, 0x00, 0x00, 0x00, 0x7A, 0xFF, 0x76, 0x00, 0x00,
    0x00, 0x00, 0x00, 0x00, 0xC0, 0xFF, 0x30, 0x00, 0x00, 0x00, 0x00, 0x00, 0x0C, 0xF9, 0xE8, 0x01,
    0x00, 0x00, 0x00, 0x00, 0x00, 0x4D, 0xFF, 0xA3, 0x00, 0x00, 0x00, 0x00, 0x00, 0x00, 0x93, 0xFF,
    0x5D, 0x00, 0x00, 0x00, 0x00, 0x00, 0x00, 0xD9, 0xFE, 0x18, 0x00, 0x00, 0x00, 0x00, 0x00, 0x1F,
    0xFF, 0xD0, 0x00, 0x00, 0x00, 0x00, 0x00, 0x00, 0x66, 0xFF, 0x8A, 0x00, 0x00, 0x00, 0x00, 0x00,
    0x00, 0xAC, 0xFF, 0x44, 0x00, 0x00, 0x00, 0x00, 0x00, 0x03, 0xEE, 0xF6, 0x07, 0x00, 0x00, 0x00,
    0x00, 0x00, 0x38, 0xFF, 0xB7, 0x00, 0x00, 0x00, 0x00, 0x00, 0x00, 0x7F, 0xFF, 0x71, 0x00, 0x00,
    0x00, 0x00, 0x00, 0x00, 0xC5, 0xFF, 0x2B, 0x00, 0x00, 0x00, 0x00, 0x00, 0x0E, 0xFB, 0xE4, 0x00,
    0x00, 0x00, 0x00, 0x00, 0x00, 0x51, 0xFF, 0x9F, 0x00, 0x00, 0x00, 0x00, 0x00, 0x00, 0x00, 0x00,
    0x00, 0x25, 0x9C, 0xE2, 0xF8, 0xE7, 0xAA, 0x37, 0x00, 0x00, 0x00, 0x00, 0x00, 0x4A, 0xF6, 0xFF,
    0xFB, 0xE4, 0xF8, 0xFF, 0xFC, 0x68, 0x00, 0x00, 0x00, 0x21, 0xF5, 0xFF, 0x9C, 0x13, 0x00, 0x0A,
    0x7D, 0xFF, 0xFD, 0x3C, 0x00, 0x00, 0xA4, 0xFF, 0xB7, 0x01, 0x00, 0x00, 0x00, 0x00, 0x92, 0xFF,
    0xC8, 0x00, 0x0C, 0xF6, 0xFF, 0x36, 0x00, 0x00, 0x00, 0x00, 0x00, 0x16, 0xFB, 0xFF, 0x29, 0x44,
    0xFF, 0xE6, 0x00, 0x00, 0x00, 0x00, 0x00, 0x00, 0x00, 0xC3, 0xFF, 0x6A, 0x6F, 0xFF, 0xB8, 0x00,
    0x00, 0x00, 0x00, 0x00, 0x00, 0x00, 0x95, 0xFF, 0x96, 0x83, 0xFF, 0x9E, 0x00, 0x00, 0x00, 0x00,
    0x00, 0x00, 0x00, 0x7B, 0xFF, 0xA9, 0x8D, 0xFF, 0x96, 0x00, 0x00, 0x00, 0x00, 0x00, 0x00, 0x00,
    0x73, 0xFF, 0xB4, 0x83, 0xFF, 0x9E, 0x00, 0x00, 0x00, 0x00, 0x00, 0x00, 0x00, 0x7B, 0xFF, 0xAA,
    0x70, 0xFF, 0xB6, 0x00, 0x00, 0x00, 0x00, 0x00, 0x00, 0x00, 0x94, 0xFF, 0x97, 0x45, 0xFF, 0xE4,
    0x00, 0x00, 0x00, 0x00, 0x00, 0x00, 0x00, 0xC1, 0xFF, 0x6C, 0x0E, 0xF8, 0xFF, 0x32, 0x00, 0x00,
    0x00, 0x00, 0x00, 0x15, 0xFA, 0xFF, 0x2D, 0x00, 0xA8, 0xFF, 0xB3, 0x00, 0x00, 0x00, 0x00, 0x00,
    0x90, 0xFF, 0xCF, 0x00, 0x00, 0x24, 0xF7, 0xFF, 0x98, 0x11, 0x00, 0x09, 0x7B, 0xFE, 0xFE, 0x44,
    0x00, 0x00, 0x00, 0x4F, 0xF8, 0xFF, 0xFB, 0xE3, 0xF7, 0xFF, 0xFE, 0x71, 0x00, 0x00, 0x00, 0x00,
    0x00, 0x28, 0xA0, 0xE3, 0xF9, 0xE8, 0xAE, 0x3B, 0x00, 0x00, 0x00, 0x00, 0x00, 0x10, 0xAE, 0xFF,
    0xFF, 0xA8, 0x00, 0x35, 0xDE, 0xFF, 0xFF, 0xFF, 0xA8, 0x6C, 0xF9, 0xFF, 0xBA, 0xA2, 0xFF, 0xA8,
    0xE0, 0xF9, 0x74, 0x01, 0x88, 0xFF, 0xA8, 0xB8, 0x31, 0x00, 0x00, 0x88, 0xFF, 0xA8, 0x04, 0x00,
    0x00, 0x00, 0x88, 0xFF, 0xA8, 0x00, 0x00, 0x00, 0x00, 0x88, 0xFF, 0xA8, 0x00, 0x00, 0x00, 0x00,
    0x88, 0xFF, 0xA8, 0x00, 0x00, 0x00, 0x00, 0x88, 0xFF, 0xA8, 0x00, 0x00, 0x00, 0x00, 0x88, 0xFF,
    0xA8, 0x00, 0x00, 0x00, 0x00, 0x88, 0xFF, 0xA8, 0x00, 0x00, 0x00, 0x00, 0x88, 0xFF, 0xA8, 0x00,
    0x00, 0x00, 0x00, 0x88, 0xFF, 0xA8, 0x00, 0x00, 0x00, 0x00, 0x88, 0xFF, 0xA8, 0x00, 0x00, 0x00,
    0x00, 0x88, 0xFF, 0xA8, 0x00, 0x00, 0x00, 0x00, 0x88, 0xFF, 0xA8, 0x00, 0x00, 0x00, 0x00, 0x88,
    0xFF, 0xA8, 0x00, 0x00, 0x00, 0x53, 0xB8, 0xE9, 0xF7, 0xDC, 0x91, 0x1D, 0x00, 0x00, 0x00, 0x01,
    0xA3, 0xFF, 0xFF, 0xF8, 0xE8, 0xFF, 0xFF, 0xF0, 0x40, 0x00, 0x00, 0x74, 0xFF, 0xED, 0x53, 0x02,
    0x00, 0x19, 0xA6, 0xFF, 0xEE, 0x11, 0x00, 0xE4, 0xFF, 0x5D, 0x00, 0x00, 0x00, 0x00, 0x03, 0xCA,
    0xFF, 0x6F, 0x14, 0xFF, 0xFF, 0x12, 0x00, 0x00, 0x00, 0x00, 0x00, 0x86, 0xFF, 0x99, 0x00, 0x04,
    0x03, 0x00, 0x00, 0x00, 0x00, 0x00, 0x00, 0x95, 0xFF, 0x8E, 0x00, 0x00, 0x00, 0x00, 0x00, 0x00,
    0x00, 0x00, 0x0D, 0xE9, 0xFF, 0x47, 0x00, 0x00, 0x00, 0x00, 0x00, 0x00, 0x00, 0x00, 0xA6, 0xFF,
    0xC4, 0x00, 0x00, 0x00, 0x00, 0x00, 0x00, 0x00, 0x00, 0x81, 0xFF, 0xEF, 0x23, 0x00, 0x00, 0x00,
    0x00, 0x00, 0x00, 0x00, 0x6C, 0xFF, 0xFB, 0x45, 0x00, 0x00, 0x00, 0x00, 0x00, 0x00, 0x00, 0x61,
    0xFE, 0xFD, 0x5A, 0x00, 0x00, 0x00, 0x00, 0x00, 0x00, 0x00, 0x57, 0xFD, 0xFF, 0x67, 0x00, 0x00,
    0x00, 0x00, 0x00, 0x00, 0x00, 0x4D, 0xFA, 0xFF, 0x6F, 0x00, 0x00, 0x00, 0x00, 0x00, 0x00, 0x00,
    0x44, 0xF8, 0xFF, 0x76, 0x00, 0x00, 0x00, 0x00, 0x00, 0x00, 0x00, 0x3B, 0xF4, 0xFF, 0x7E, 0x00,
    0x00, 0x00, 0x00, 0x00, 0x00, 0x00, 0x1A, 0xF1, 0xFF, 0xFD, 0xDC, 0xDC, 0xDC, 0xDC, 0xDC, 0xDC,
    0xDC, 0xCA, 0x30, 0xFF, 0xFF, 0xFF, 0xFF, 0xFF, 0xFF, 0xFF, 0xFF, 0xFF, 0xFF, 0xEC, 0x00, 0x00,
    0x01, 0x57, 0xB4, 0xE8, 0xF9, 0xE6, 0xAF, 0x44, 0x00, 0x00, 0x00, 0x00, 0x0C, 0xBB, 0xFF, 0xFF,
    0xF4, 0xE3, 0xFB, 0xFF, 0xFF, 0x86, 0x00, 0x00, 0x00, 0x9E, 0xFF, 0xE1, 0x4A, 0x03, 0x00, 0x07,
    0x73, 0xFE, 0xFF, 0x48, 0x00, 0x08, 0xFB, 0xFF, 0x33, 0x00, 0x00, 0x00, 0x00, 0x00, 0xA3, 0xFF,
    0xA6, 0x00, 0x07, 0x38, 0x37, 0x00, 0x00, 0x00, 0x00, 0x00, 0x00, 0x7B, 0xFF, 0xB7, 0x00, 0x00,
    0x00, 0x00, 0x00, 0x00, 0x00, 0x00, 0x00, 0x02, 0xC1, 0xFF, 0x82, 0x00, 0x00, 0x00, 0x00, 0x00,
    0x00, 0x00, 0x0C, 0x37, 0xB1, 0xFF, 0xDB, 0x11, 0x00, 0x00, 0x00, 0x00, 0x00, 0x48, 0xFF, 0xFF,
    0xFF, 0xFA, 0x8D, 0x13, 0x00, 0x00, 0x00, 0x00, 0x00, 0x00, 0x3D, 0xDC, 0xE8, 0xFF, 0xFF, 0xD7,
    0x6A, 0x00, 0x00, 0x00, 0x00, 0x00, 0x00, 0x00, 0x00, 0x00, 0x0B, 0x6E, 0xF0, 0xFF, 0x83, 0x00,
    0x00, 0x00, 0x00, 0x00, 0x00, 0x00, 0x00, 0x00, 0x00, 0x45, 0xFF, 0xF9, 0x1A, 0x00, 0x00, 0x00,
    0x00, 0x00, 0x00, 0x00, 0x00, 0x00, 0x00, 0xE3, 0xFF, 0x4C, 0x43, 0x8C, 0x6F, 0x00, 0x00, 0x00,
    0x00, 0x00, 0x00, 0x00, 0xDD, 0xFF, 0x53, 0x52, 0xFF, 0xF9, 0x1D, 0x00, 0x00, 0x00, 0x00, 0x00,
    0x38, 0xFF, 0xFD, 0x22, 0x05, 0xDB, 0xFF, 0xD9, 0x48, 0x01, 0x00, 0x06, 0x62, 0xEB, 0xFF, 0xA1,
    0x00, 0x00, 0x25, 0xDE, 0xFF, 0xFF, 0xF8, 0xE4, 0xFC, 0xFF, 0xFF, 0xB4, 0x08, 0x00, 0x00, 0x00,
    0x09, 0x71, 0xC2, 0xEB, 0xFA, 0xE5, 0xB1, 0x52, 0x00, 0x00, 0x00, 0x00, 0x00, 0x00, 0x00, 0x00,
    0x00, 0x00, 0x45, 0xFF, 0xFF, 0xC0, 0x00, 0x00, 0x00, 0x00, 0x00, 0x00, 0x00, 0x00, 0x00, 0x09,
    0xDC, 0xFF, 0xFF, 0xC0, 0x00, 0x00, 0x00, 0x00, 0x00, 0x00, 0x00, 0x00, 0x00, 0x87, 0xFF, 0xFA,
    0xFF, 0xC0, 0x00, 0x00, 0x00, 0x00, 0x00, 0x00, 0x00, 0x00, 0x2D, 0xFB, 0xF7, 0x80, 0xFF, 0xC0,
    0x00, 0x00, 0x00, 0x00, 0x00, 0x00, 0x00, 0x02, 0xC7, 0xFF, 0x7B, 0x5C, 0xFF, 0xC0, 0x00, 0x00,
    0x00, 0x00, 0x00, 0x00, 0x00, 0x6B, 0xFF, 0xD4, 0x05, 0x5C, 0xFF, 0xC0, 0x00, 0x00, 0x00, 0x00,
    0x00, 0x00, 0x1A, 0xF1, 0xFE, 0x3B, 0x00, 0x5C, 0xFF, 0xC0, 0x00, 0x00, 0x00, 0x00, 0x00, 0x00,
    0xAE, 0xFF, 0x99, 0x00, 0x00, 0x5C, 0xFF, 0xC0, 0x00, 0x00, 0x00, 0x00, 0x00, 0x4F, 0xFF, 0xE8,
    0x10, 0x00, 0x00, 0x5C, 0xFF, 0xC0, 0x00, 0x00, 0x00, 0x00, 0x0D, 0xE3, 0xFF, 0x58, 0x00, 0x00,
    0x00, 0x5C, 0xFF, 0xC0, 0x00, 0x00, 0x00, 0x00, 0x92, 0xFF, 0xB8, 0x00, 0x00, 0x00, 0x00, 0x5C,
    0xFF, 0xC0, 0x00, 0x00, 0x00, 0x35, 0xFD, 0xF6, 0x21, 0x00, 0x00, 0x00, 0x00, 0x5C, 0xFF, 0xC0,
    0x00, 0x00, 0x00, 0x96, 0xFF, 0xFF, 0xFF, 0xFF, 0xFF, 0xFF, 0xFF, 0xFF, 0xFF, 0xFF, 0xFF, 0xFF,
    0x20, 0x8C, 0xEC, 0xEC, 0xEC, 0xEC, 0xEC, 0xEC, 0xEC, 0xF3, 0xFF, 0xFB, 0xEC, 0xEC, 0x1D, 0x00,
    0x00, 0x00, 0x00, 0x00, 0x00, 0x00, 0x00, 0x60, 0xFF, 0xC0, 0x00, 0x00, 0x00, 0x00, 0x00, 0x00,
    0x00, 0x00, 0x00, 0x00, 0x00, 0x60, 0xFF, 0xC0, 0x00, 0x00, 0x00, 0x00, 0x00, 0x00, 0x00, 0x00,
    0x00, 0x00, 0x00, 0x60, 0xFF, 0xC0, 0x00, 0x00, 0x00, 0x00, 0x44, 0xFF, 0xFF, 0xFF, 0xFF, 0xFF,
    0xFF, 0xFF, 0xFF, 0xFC, 0x00, 0x00, 0x63, 0xFF, 0xF3, 0xDC, 0xDC, 0xDC, 0xDC, 0xDC, 0xDC, 0xD8,
    0x00, 0x00, 0x82, 0xFF, 0x98, 0x00, 0x00, 0x00, 0x00, 0x00, 0x00, 0x00, 0x00, 0x00, 0xA1, 0xFF,
    0x7B, 0x00, 0x00, 0x00, 0x00, 0x00, 0x00, 0x00, 0x00, 0x00, 0xC0, 0xFF, 0x5D, 0x00, 0x00, 0x00,
    0x00, 0x00, 0x00, 0x00, 0x00, 0x00, 0xDF, 0xFF, 0x3F, 0x00, 0x00, 0x00, 0x00, 0x00, 0x00, 0x00,
    0x00, 0x03, 0xFB, 0xFF, 0x5C, 0xAF, 0xED, 0xF6, 0xD8, 0x86, 0x15, 0x00, 0x00, 0x1D, 0xFF, 0xFF,
    0xFF, 0xFF, 0xE9, 0xEF, 0xFF, 0xFF, 0xE6, 0x33, 0x00, 0x1A, 0x90, 0xA9, 0x5E, 0x0E, 0x00, 0x00,
    0x3B, 0xD5, 0xFF, 0xE1, 0x0E, 0x00, 0x00, 0x00, 0x00, 0x00, 0x00, 0x00, 0x00, 0x18, 0xEC, 0xFF,
    0x6D, 0x00, 0x00, 0x00, 0x00, 0x00, 0x00, 0x00, 0x00, 0x00, 0x8C, 0xFF, 0xB0, 0x00, 0x00, 0x00,
    0x00, 0x00, 0x00, 0x00, 0x00, 0x00, 0x68, 0xFF, 0xC8, 0x30, 0x68, 0x4A, 0x00, 0x00, 0x00, 0x00,
    0x00, 0x00, 0x85, 0xFF, 0xAF, 0x52, 0xFF, 0xED, 0x0F, 0x00, 0x00, 0x00, 0x00, 0x0E, 0xE3, 0xFF,
    0x68, 0x06, 0xE0, 0xFF, 0xC7, 0x2F, 0x00, 0x00, 0x2D, 0xC7, 0xFF, 0xDA, 0x0A, 0x00, 0x2D, 0xE8,
    0xFF, 0xFF, 0xEE, 0xEA, 0xFF, 0xFF, 0xDE, 0x28, 0x00, 0x00, 0x00, 0x11, 0x84, 0xD3, 0xF4, 0xF2,
    0xCF, 0x7A, 0x0E, 0x00, 0x00, 0x00, 0x00, 0x00, 0x0E, 0x81, 0xD4, 0xF5, 0xEE, 0xC3, 0x62, 0x02,
    0x00, 0x00, 0x00, 0x00, 0x22, 0xDF, 0xFF, 0xFE, 0xE6, 0xF4, 0xFF, 0xFF, 0xBB, 0x08, 0x00, 0x00,
    0x08, 0xD9, 0xFF, 0xAE, 0x1E, 0x00, 0x01, 0x4B, 0xEC, 0xFF, 0x94, 0x00, 0x00, 0x78, 0xFF, 0xBE,
    0x03, 0x00, 0x00, 0x00, 0x00, 0x48, 0xFF, 0xFC, 0x12, 0x00, 0xDE, 0xFF, 0x33, 0x00, 0x00, 0x00,
    0x00, 0x00, 0x00, 0x62, 0x68, 0x1A, 0x2B, 0xFF, 0xDD, 0x00, 0x00, 0x00, 0x00, 0x00, 0x00, 0x00,
    0x00, 0x00, 0x00, 0x5B, 0xFF, 0xAC, 0x00, 0x5D, 0xC4, 0xF1, 0xEF, 0xC3, 0x5F, 0x01, 0x00, 0x00,
    0x7A, 0xFF, 0x96, 0xA4, 0xFF, 0xFC, 0xE4, 0xF6, 0xFF, 0xFF, 0xB5, 0x07, 0x00, 0x88, 0xFF, 0xF0,
    0xFF, 0x8E, 0x13, 0x00, 0x05, 0x61, 0xF3, 0xFF, 0x94, 0x00, 0x8A, 0xFF, 0xFF, 0x88, 0x00, 0x00,
    0x00, 0x00, 0x00, 0x53, 0xFF, 0xFA, 0x18, 0x7A, 0xFF, 0xFA, 0x0F, 0x00, 0x00, 0x00, 0x00, 0x00,
    0x00, 0xDD, 0xFF, 0x55, 0x5D, 0xFF, 0xE4, 0x00, 0x00, 0x00, 0x00, 0x00, 0x00, 0x00, 0xBC, 0xFF,
    0x6B, 0x23, 0xFF, 0xFA, 0x0D, 0x00, 0x00, 0x00, 0x00, 0x00, 0x01, 0xE0, 0xFF, 0x52, 0x00, 0xC7,
    0xFF, 0x7F, 0x00, 0x00, 0x00, 0x00, 0x00, 0x5A, 0xFF, 0xF6, 0x11, 0x00, 0x40, 0xFD, 0xFD, 0x80,
    0x0E, 0x00, 0x07, 0x68, 0xF6, 0xFF, 0x83, 0x00, 0x00, 0x00, 0x67, 0xFB, 0xFF, 0xFB, 0xE3, 0xF7,
    0xFF, 0xFF, 0xA0, 0x03, 0x00, 0x00, 0x00, 0x00, 0x31, 0xA3, 0xE3, 0xFA, 0xE5, 0xB4, 0x4C, 0x00,
    0x00, 0x00, 0xD8, 0xFF, 0xFF, 0xFF, 0xFF, 0xFF, 0xFF, 0xFF, 0xFF, 0xFF, 0xFF, 0x70, 0xB9, 0xDC,
    0xDC, 0xDC, 0xDC, 0xDC, 0xDC, 0xDC, 0xDC, 0xFD, 0xFF, 0x6F, 0x00, 0x00, 0x00, 0x00, 0x00, 0x00,
    0x00, 0x00, 0x38, 0xFF, 0xFC, 0x25, 0x00, 0x00, 0x00, 0x00, 0x00, 0x00, 0x00, 0x00, 0xBC, 0xFF,
    0x9E, 0x00, 0x00, 0x00, 0x00, 0x00, 0x00, 0x00, 0x00, 0x3E, 0xFF, 0xFA, 0x20, 0x00, 0x00, 0x00,
    0x00, 0x00, 0x00, 0x00, 0x00, 0xC2, 0xFF, 0x97, 0x00, 0x00, 0x00, 0x00, 0x00, 0x00, 0x00, 0x00,
    0x45, 0xFF, 0xF8, 0x1B, 0x00, 0x00, 0x00, 0x00, 0x00, 0x00, 0x00, 0x00, 0xC8, 0xFF, 0x90, 0x00,
    0x00, 0x00, 0x00, 0x00, 0x00, 0x00, 0x00, 0x4C, 0xFF, 0xF5, 0x17, 0x00, 0x00, 0x00, 0x00, 0x00,
    0x00, 0x00, 0x01, 0xCE, 0xFF, 0x89, 0x00, 0x00, 0x00, 0x00, 0x00, 0x00, 0x00, 0x00, 0x53, 0xFF,
    0xF2, 0x13, 0x00, 0x00, 0x00, 0x00, 0x00, 0x00, 0x00, 0x02, 0xD3, 0xFF, 0x82, 0x00, 0x00, 0x00,
    0x00, 0x00, 0x00, 0x00, 0x00, 0x59, 0xFF, 0xEF, 0x10, 0x00, 0x00, 0x00, 0x00, 0x00, 0x00, 0x00,
    0x03, 0xD8, 0xFF, 0x7B, 0x00, 0x00, 0x00, 0x00, 0x00, 0x00, 0x00, 0x00, 0x60, 0xFF, 0xEB, 0x0C,
    0x00, 0x00, 0x00, 0x00, 0x00, 0x00, 0x00, 0x05, 0xDE, 0xFF, 0x74, 0x00, 0x00, 0x00, 0x00, 0x00,
    0x00, 0x00, 0x00, 0x66, 0xFF, 0xE7, 0x0A, 0x00, 0x00, 0x00, 0x00, 0x00, 0x00, 0x00, 0x00, 0x00,
    0x00, 0x57, 0xB8, 0xE9, 0xF9, 0xE5, 0xA9, 0x3E, 0x00, 0x00, 0x00, 0x00, 0x04, 0xAD, 0xFF, 0xFF,
    0xF9, 0xE5, 0xFC, 0xFF, 0xFF, 0x83, 0x00, 0x00, 0x00, 0x78, 0xFF, 0xF5, 0x5B, 0x03, 0x00, 0x09,
    0x7A, 0xFF, 0xFF, 0x49, 0x00, 0x00, 0xD4, 0xFF, 0x72, 0x00, 0x00, 0x00, 0x00, 0x00, 0xA0, 0xFF,
    0xA7, 0x00, 0x00, 0xE3, 0xFF, 0x45, 0x00, 0x00, 0x00, 0x00, 0x00, 0x72, 0xFF, 0xB6, 0x00, 0x00,
    0xAD, 0xFF, 0x89, 0x00, 0x00, 0x00, 0x00, 0x00, 0xB6, 0xFF, 0x7E, 0x00, 0x00, 0x2B, 0xF0, 0xFD,
    0x83, 0x21, 0x09, 0x2C, 0xA3, 0xFF, 0xDB, 0x0F, 0x00, 0x00, 0x00, 0x29, 0xB3, 0xFF, 0xFF, 0xFF,
    0xFF, 0xFF, 0x98, 0x16, 0x00, 0x00, 0x00, 0x07, 0x97, 0xFA, 0xFF, 0xFB, 0xE4, 0xF9, 0xFF, 0xF3,
    0x77, 0x00, 0x00, 0x00, 0xA9, 0xFF, 0xE1, 0x52, 0x04, 0x00, 0x09, 0x66, 0xF3, 0xFF, 0x7C, 0x00,
    0x38, 0xFF, 0xF7, 0x22, 0x00, 0x00, 0x00, 0x00, 0x00, 0x52, 0xFF, 0xF9, 0x14, 0x7C, 0xFF, 0xB5,
    0x00, 0x00, 0x00, 0x00, 0x00, 0x00, 0x00, 0xE8, 0xFF, 0x56, 0x84, 0xFF, 0xAB, 0x00, 0x00, 0x00,
    0x00, 0x00, 0x00, 0x00, 0xDB, 0xFF, 0x5F, 0x57, 0xFF, 0xEC, 0x10, 0x00, 0x00, 0x00, 0x00, 0x00,
    0x2F, 0xFF, 0xFF, 0x31, 0x05, 0xDC, 0xFF, 0xCD, 0x3F, 0x01, 0x00, 0x04, 0x56, 0xE3, 0xFF, 0xBA,
    0x00, 0x00, 0x25, 0xDD, 0xFF, 0xFF, 0xF8, 0xE4, 0xFB, 0xFF, 0xFF, 0xC6, 0x11, 0x00, 0x00, 0x00,
    0x09, 0x71, 0xC2, 0xEB, 0xFA, 0xE7, 0xB6, 0x5E, 0x02, 0x00, 0x00, 0x00, 0x00, 0x01, 0x5B, 0xBB,
    0xE7, 0xF9, 0xDD, 0x96, 0x23, 0x00, 0x00, 0x00, 0x00, 0x0B, 0xB8, 0xFF, 0xFF, 0xF5, 0xE5, 0xFC,
    0xFF, 0xF4, 0x4E, 0x00, 0x00, 0x00, 0xA4, 0xFF, 0xED, 0x58, 0x03, 0x00, 0x14, 0x92, 0xFF, 0xF5,
    0x29, 0x00, 0x28, 0xFF, 0xFE, 0x3B, 0x00, 0x00, 0x00, 0x00, 0x00, 0x97, 0xFF, 0xA7, 0x00, 0x70,
    0xFF, 0xC4, 0x00, 0x00, 0x00, 0x00, 0x00, 0x00, 0x1D, 0xFF, 0xFA, 0x09, 0x88, 0xFF, 0xA3, 0x00,
    0x00, 0x00, 0x00, 0x00, 0x00, 0x01, 0xFB, 0xFF, 0x3F, 0x6F, 0xFF, 0xCA, 0x00, 0x00, 0x00, 0x00,
    0x00, 0x00, 0x2E, 0xFF, 0xFF, 0x5D, 0x27, 0xFE, 0xFF, 0x49, 0x00, 0x00, 0x00, 0x00, 0x02, 0xB9,
    0xFF, 0xFF, 0x6D, 0x00, 0xA0, 0xFF, 0xF6, 0x71, 0x18, 0x09, 0x3A, 0xBE, 0xFE, 0xE6, 0xFF, 0x6A,
    0x00, 0x08, 0xAC, 0xFF, 0xFF, 0xFF, 0xFF, 0xFF, 0xFC, 0x6F, 0xAB, 0xFF, 0x5D, 0x00, 0x00, 0x00,
    0x4C, 0xA8, 0xCF, 0xCB, 0x9A, 0x30, 0x00, 0xC4, 0xFF, 0x3D, 0x00, 0x00, 0x00, 0x00, 0x00, 0x00,
    0x00, 0x00, 0x00, 0x05, 0xF1, 0xFE, 0x10, 0x2F, 0x88, 0x78, 0x00, 0x00, 0x00, 0x00, 0x00, 0x00,
    0x4E, 0xFF, 0xC2, 0x00, 0x24, 0xFF, 0xFF, 0x39, 0x00, 0x00, 0x00, 0x00, 0x0A, 0xD3, 0xFF, 0x5C,
    0x00, 0x00, 0xAA, 0xFF, 0xE2, 0x3F, 0x00, 0x00, 0x28, 0xC0, 0xFF, 0xC6, 0x01, 0x00, 0x00, 0x0F,
    0xC9, 0xFF, 0xFF, 0xF1, 0xE8, 0xFF, 0xFF, 0xD4, 0x16, 0x00, 0x00, 0x00, 0x00, 0x05, 0x6F, 0xCA,
    0xF2, 0xF4, 0xD0, 0x78, 0x08, 0x00, 0x00, 0x00, 0x00, 0x9F, 0xF4, 0x8B, 0x00, 0x13, 0xFF, 0xFF,
    0xFC, 0x02, 0x00, 0x9F, 0xF4, 0x8B, 0x00, 0x00, 0x00, 0x00, 0x00, 0x00, 0x00, 0x00, 0x00, 0x00,
    0x00, 0x00, 0x00, 0x00, 0x00, 0x00, 0x00, 0x00, 0x00, 0x00, 0x00, 0x00, 0x00, 0x00, 0x00, 0x00,
    0x00, 0x00, 0x00, 0x00, 0x00, 0x00, 0x9F, 0xF4, 0x8B, 0x00, 0x13, 0xFF, 0xFF, 0xFC, 0x02, 0x00,
    0x9F, 0xF4, 0x8B, 0x00, 0x00, 0x56, 0xEE, 0xC8, 0x10, 0x00, 0xBF, 0xFF, 0xFF, 0x53, 0x00, 0x57,
    0xEF, 0xC8, 0x11, 0x00, 0x00, 0x00, 0x00, 0x00, 0x00, 0x00, 0x00, 0x00, 0x00, 0x00, 0x00, 0x00,
    0x00, 0x00, 0x00, 0x00, 0x00, 0x00, 0x00, 0x00, 0x00, 0x00, 0x00, 0x00, 0x00, 0x00, 0x00, 0x00,
    0x00, 0x00, 0x8B, 0xFF, 0xD2, 0x00, 0x00, 0xB1, 0xFF, 0x8F, 0x00, 0x00, 0xD7, 0xFF, 0x4C, 0x00,
    0x02, 0xF9, 0xFB, 0x0E, 0x00, 0x22, 0xFF, 0xC6, 0x00, 0x00, 0x48, 0xFF, 0x83, 0x00, 0x00, 0x6D,
    0xFF, 0x41, 0x00, 0x00, 0x00, 0x00, 0x00, 0x00, 0x00, 0x00, 0x00, 0x00, 0x00, 0x00, 0x02, 0x03,
    0x00, 0x00, 0x00, 0x00, 0x00, 0x00, 0x00, 0x00, 0x02, 0x57, 0xD6, 0x1C, 0x00, 0x00, 0x00, 0x00,
    0x00, 0x00, 0x01, 0x55, 0xD4, 0xFF, 0xFF, 0x1C, 0x00, 0x00, 0x00, 0x00, 0x01, 0x53, 0xD3, 0xFF,
    0xFF, 0xE2, 0x6F, 0x04, 0x00, 0x00, 0x01, 0x51, 0xD1, 0xFF, 0xFF, 0xD9, 0x62, 0x05, 0x00, 0x00,
    0x00, 0x4F, 0xCF, 0xFF, 0xFF, 0xCE, 0x56, 0x02, 0x00, 0x00, 0x00, 0x00, 0xC6, 0xFF, 0xFF, 0xC3,
    0x49, 0x00, 0x00, 0x00, 0x00, 0x00, 0x00, 0x00, 0xF1, 0xFF, 0xF0, 0x66, 0x07, 0x00, 0x00, 0x00,
    0x00, 0x00, 0x00, 0x00, 0x26, 0xA4, 0xFD, 0xFF, 0xE5, 0x73, 0x0C, 0x00, 0x00, 0x00, 0x00, 0x00,
    0x00, 0x00, 0x28, 0xA6, 0xFD, 0xFF, 0xEE, 0x81, 0x13, 0x00, 0x00, 0x00, 0x00, 0x00, 0x00, 0x00,
    0x29, 0xA8, 0xFD, 0xFF, 0xF4, 0x8E, 0x1B, 0x00, 0x00, 0x00, 0x00, 0x00, 0x00, 0x00, 0x2B, 0xAA,
    0xFE, 0xFF, 0xF9, 0x17, 0x00, 0x00, 0x00, 0x00, 0x00, 0x00, 0x00, 0x00, 0x2D, 0xAC, 0xFE, 0x1C,
    0x00, 0x00, 0x00, 0x00, 0x00, 0x00, 0x00, 0x00, 0x00, 0x00, 0x2E, 0x0C, 0x4B, 0xDC, 0xDC, 0xDC,
    0xDC, 0xDC, 0xDC, 0xDC, 0xDC, 0xDC, 0xDC, 0x37, 0x58, 0xFF, 0xFF, 0xFF, 0xFF, 0xFF, 0xFF, 0xFF,
    0xFF, 0xFF, 0xFF, 0x40, 0x00, 0x00, 0x00, 0x00, 0x00, 0x00, 0x00, 0x00, 0x00, 0x00, 0x00, 0x00,
    0x00, 0x00, 0x00, 0x00, 0x00, 0x00, 0x00, 0x00, 0x00, 0x00, 0x00, 0x00, 0x00, 0x00, 0x00, 0x00,
    0x00, 0x00, 0x00, 0x00, 0x00, 0x00, 0x00, 0x00, 0x4B, 0xDC, 0xDC, 0xDC, 0xDC, 0xDC, 0xDC, 0xDC,
    0xDC, 0xDC, 0xDC, 0x37, 0x58, 0xFF, 0xFF, 0xFF, 0xFF, 0xFF, 0xFF, 0xFF, 0xFF, 0xFF, 0xFF, 0x40,
    0x05, 0x00, 0x00, 0x00, 0x00, 0x00, 0x00, 0x00, 0x00, 0x00, 0x00, 0x00, 0x38, 0xCA, 0x49, 0x00,
    0x00, 0x00, 0x00, 0x00, 0x00, 0x00, 0x00, 0x00, 0x38, 0xFF, 0xFF, 0xC8, 0x47, 0x00, 0x00, 0x00,
    0x00, 0x00, 0x00, 0x00, 0x0A, 0x7C, 0xEB, 0xFF, 0xFF, 0xC6, 0x45, 0x00, 0x00, 0x00, 0x00, 0x00,
    0x00, 0x00, 0x0A, 0x6F, 0xE3, 0xFF, 0xFF, 0xC4, 0x43, 0x00, 0x00, 0x00, 0x00, 0x00, 0x00, 0x00,
    0x05, 0x63, 0xDA, 0xFF, 0xFF, 0xC1, 0x40, 0x00, 0x00, 0x00, 0x00, 0x00, 0x00, 0x00, 0x02, 0x57,
    0xCF, 0xFF, 0xFF, 0xAA, 0x00, 0x00, 0x00, 0x00, 0x00, 0x00, 0x00, 0x0C, 0x74, 0xF9, 0xFF, 0xD5,
    0x00, 0x00, 0x00, 0x00, 0x00, 0x13, 0x81, 0xEE, 0xFF, 0xF9, 0x96, 0x1B, 0x00, 0x00, 0x00, 0x1B,
    0x8E, 0xF4, 0xFF, 0xF9, 0x98, 0x1D, 0x00, 0x00, 0x00, 0x25, 0x9C, 0xF9, 0xFF, 0xFA, 0x9A, 0x1F,
    0x00, 0x00, 0x00, 0x00, 0x2F, 0xFD, 0xFF, 0xFB, 0x9C, 0x20, 0x00, 0x00, 0x00, 0x00, 0x00, 0x00,
    0x38, 0xFB, 0x9E, 0x21, 0x00, 0x00, 0x00, 0x00, 0x00, 0x00, 0x00, 0x00, 0x18, 0x23, 0x00, 0x00,
    0x00, 0x00, 0x00, 0x00, 0x00, 0x00, 0x00, 0x00, 0x00, 0x00, 0x03, 0x68, 0xC6, 0xF0, 0xF4, 0xD2,
    0x7A, 0x09, 0x00, 0x00, 0x00, 0x07, 0xBC, 0xFF, 0xFF, 0xF2, 0xED, 0xFF, 0xFF, 0xD3, 0x10, 0x00,
    0x00, 0x81, 0xFF, 0xF2, 0x4F, 0x00, 0x00, 0x3A, 0xE1, 0xFF, 0x9B, 0x00, 0x00, 0xE0, 0xFF, 0x71,
    0x00, 0x00, 0x00, 0x00, 0x49, 0xFF, 0xF3, 0x00, 0x00, 0x72, 0x74, 0x1C, 0x00, 0x00, 0x00, 0x00,
    0x1F, 0xFF, 0xFF, 0x0B, 0x00, 0x00, 0x00, 0x00, 0x00, 0x00, 0x00, 0x00, 0x5B, 0xFF, 0xEC, 0x00,
    0x00, 0x00, 0x00, 0x00, 0x00, 0x00, 0x00, 0x42, 0xEF, 0xFF, 0x8A, 0x00, 0x00, 0x00, 0x00, 0x00,
    0x00, 0x05, 0x7E, 0xFA, 0xFF, 0xBD, 0x07, 0x00, 0x00, 0x00, 0x00, 0x00, 0x00, 0xB1, 0xFF, 0xF9,
    0x7B, 0x03, 0x00, 0x00, 0x00, 0x00, 0x00, 0x00, 0x39, 0xFF, 0xFD, 0x42, 0x00, 0x00, 0x00, 0x00,
    0x00, 0x00, 0x00, 0x00, 0x70, 0xFF, 0xC0, 0x00, 0x00, 0x00, 0x00, 0x00, 0x00, 0x00, 0x00, 0x00,
    0x64, 0xC8, 0x7E, 0x00, 0x00, 0x00, 0x00, 0x00, 0x00, 0x00, 0x00, 0x00, 0x00, 0x00, 0x00, 0x00,
    0x00, 0x00, 0x00, 0x00, 0x00, 0x00, 0x00, 0x00, 0x00, 0x00, 0x00, 0x00, 0x00, 0x00, 0x00, 0x00,
    0x00, 0x00, 0x00, 0x00, 0x83, 0xF3, 0xA3, 0x01, 0x00, 0x00, 0x00, 0x00, 0x00, 0x00, 0x00, 0x00,
    0xF3, 0xFF, 0xFF, 0x1B, 0x00, 0x00, 0x00, 0x00, 0x00, 0x00, 0x00, 0x00, 0x83, 0xF4, 0xA4, 0x01,
    0x00, 0x00, 0x00, 0x00, 0x00, 0x00, 0x00, 0x00, 0x00, 0x00, 0x3E, 0x8F, 0xC6, 0xEA, 0xF9, 0xF4,
    0xDF, 0xBA, 0x71, 0x1C, 0x00, 0x00, 0x00, 0x00, 0x00, 0x00, 0x00, 0x00, 0x00, 0x3B, 0xCE, 0xFF,
    0xFF, 0xFF, 0xF3, 0xE2, 0xE8, 0xFA, 0xFF, 0xFF, 0xF8, 0x8E, 0x0A, 0x00, 0x00, 0x00, 0x00, 0x00,
    0x00, 0x6F, 0xFD, 0xFF, 0xD4, 0x68, 0x1F, 0x00, 0x00, 0x00, 0x01, 0x32, 0x80, 0xEE, 0xFF, 0xCD,
    0x19, 0x00, 0x00, 0x00, 0x00, 0x62, 0xFF, 0xFE, 0x87, 0x03, 0x00, 0x00, 0x00, 0x00, 0x00, 0x00,
    0x00, 0x00, 0x0F, 0xB2, 0xFF, 0xCA, 0x07, 0x00, 0x00, 0x20, 0xF5, 0xFF, 0x68, 0x00, 0x00, 0x00,
    0x00, 0x00, 0x00, 0x00, 0x00, 0x00, 0x00, 0x00, 0x02, 0xB5, 0xFF, 0x83, 0x00, 0x00, 0x9A, 0xFF,
    0xAD, 0x00, 0x00, 0x00, 0x1D, 0x9A, 0xE4, 0xF7, 0xCF, 0x57, 0x70, 0xB4, 0x2A, 0x00, 0x14, 0xF3,
    0xF1, 0x0F, 0x07, 0xF3, 0xFD, 0x23, 0x00, 0x00, 0x2A, 0xE8, 0xFF, 0xF7, 0xE5, 0xFD, 0xFF, 0xE8,
    0xFF, 0x3C, 0x00, 0x00, 0x92, 0xFF, 0x58, 0x40, 0xFF, 0xC8, 0x00, 0x00, 0x00, 0xCD, 0xFF, 0x86,
    0x09, 0x00, 0x0B, 0x88, 0xFF, 0xFF, 0x3C, 0x00, 0x00, 0x49, 0xFF, 0x97, 0x6C, 0xFF, 0x90, 0x00,
    0x00, 0x3B, 0xFF, 0xB7, 0x00, 0x00, 0x00, 0x00, 0x00, 0xCF, 0xFF, 0x3C, 0x00, 0x00, 0x27, 0xFF,
    0xB2, 0x84, 0xFF, 0x70, 0x00, 0x00, 0x71, 0xFF, 0x5F, 0x00, 0x00, 0x00, 0x00, 0x00, 0x99, 0xFF,
    0x3C, 0x00, 0x00, 0x1F, 0xFF, 0xB9, 0x8C, 0xFF, 0x67, 0x00, 0x00, 0x81, 0xFF, 0x4D, 0x00, 0x00,
    0x00, 0x00, 0x00, 0x94, 0xFF, 0x3C, 0x00, 0x00, 0x28, 0xFF, 0xAC, 0x7D, 0xFF, 0x75, 0x00, 0x00,
    0x6D, 0xFF, 0x6B, 0x00, 0x00, 0x00, 0x00, 0x00, 0xAE, 0xFF, 0x3C, 0x00, 0x00, 0x3F, 0xFF, 0x9C,
    0x69, 0xFF, 0x8E, 0x00, 0x00, 0x36, 0xFF, 0xBD, 0x00, 0x00, 0x00, 0x00, 0x0C, 0xEE, 0xFF, 0x41,
    0x00, 0x00, 0x6D, 0xFF, 0x73, 0x3A, 0xFF, 0xCA, 0x00, 0x00, 0x01, 0xD3, 0xFF, 0x80, 0x05, 0x00,
    0x14, 0xAD, 0xF9, 0xFF, 0x96, 0x00, 0x11, 0xD6, 0xFF, 0x2A, 0x05, 0xF4, 0xFC, 0x21, 0x00, 0x00,
    0x38, 0xF3, 0xFF, 0xF6, 0xE8, 0xFF, 0xEE, 0x5D, 0xFF, 0xFF, 0xEA, 0xF6, 0xFF, 0xA7, 0x00, 0x00,
    0x99, 0xFF, 0x9C, 0x00, 0x00, 0x00, 0x2E, 0xAE, 0xE9, 0xF4, 0xBF, 0x30, 0x00, 0x5B, 0xCB, 0xF4,
    0xE7, 0x92, 0x08, 0x00, 0x00, 0x22, 0xF9, 0xFF, 0x59, 0x00, 0x00, 0x00, 0x00, 0x00, 0x00, 0x00,
    0x00, 0x00, 0x00, 0x00, 0x00, 0x00, 0x00, 0x00, 0x00, 0x00, 0x00, 0x65, 0xFF, 0xFB, 0x74, 0x02,
    0x00, 0x00, 0x00, 0x00, 0x00, 0x00, 0x00, 0x00, 0x00, 0x00, 0x00, 0x00, 0x00, 0x00, 0x00, 0x00,
    0x00, 0x79, 0xFD, 0xFF, 0xD9, 0x6F, 0x2C, 0x01, 0x00, 0x00, 0x00, 0x19, 0x55, 0x89, 0x00, 0x00,
    0x00, 0x00, 0x00, 0x00, 0x00, 0x00, 0x00, 0x42, 0xCD, 0xFF, 0xFF, 0xFF, 0xFA, 0xE9, 0xE1, 0xF5,
    0xFF, 0xFF, 0xFF, 0x27, 0x00, 0x00, 0x00, 0x00, 0x00, 0x00, 0x00, 0x00, 0x00, 0x00, 0x3F, 0x87,
    0xC3, 0xE2, 0xF3, 0xF9, 0xE5, 0xC1, 0x8A, 0x45, 0x03, 0x00, 0x00, 0x00, 0x00, 0x00, 0x00, 0x00,
    0x00, 0x00, 0x00, 0x3C, 0xFF, 0xFF, 0xB7, 0x00, 0x00, 0x00, 0x00, 0x00, 0x00, 0x00, 0x00, 0x00,
    0x00, 0x00, 0x00, 0x9C, 0xFF, 0xFD, 0xFD, 0x1B, 0x00, 0x00, 0x00, 0x00, 0x00, 0x00, 0x00, 0x00,
    0x00, 0x00, 0x09, 0xF1, 0xF7, 0x98, 0xFF, 0x79, 0x00, 0x00, 0x00, 0x00, 0x00, 0x00, 0x00, 0x00,
    0x00, 0x00, 0x5B, 0xFF, 0xB2, 0x39, 0xFF, 0xD9, 0x00, 0x00, 0x00, 0x00, 0x00, 0x00, 0x00, 0x00,
    0x00, 0x00, 0xBA, 0xFF, 0x5E, 0x01, 0xE4, 0xFF, 0x3A, 0x00, 0x00, 0x00, 0x00, 0x00, 0x00, 0x00,
    0x00, 0x1C, 0xFD, 0xF8, 0x0F, 0x00, 0x8E, 0xFF, 0x9B, 0x00, 0x00, 0x00, 0x00, 0x00, 0x00, 0x00,
    0x00, 0x79, 0xFF, 0xAD, 0x00, 0x00, 0x32, 0xFF, 0xF1, 0x0A, 0x00, 0x00, 0x00, 0x00, 0x00, 0x00,
    0x00, 0xD8, 0xFF, 0x4F, 0x00, 0x00, 0x00, 0xD1, 0xFF, 0x5C, 0x00, 0x00, 0x00, 0x00, 0x00, 0x00,
    0x38, 0xFF, 0xEA, 0x05, 0x00, 0x00, 0x00, 0x6F, 0xFF, 0xBD, 0x00, 0x00, 0x00, 0x00, 0x00, 0x00,
    0x98, 0xFF, 0x8F, 0x00, 0x00, 0x00, 0x00, 0x13, 0xF9, 0xFE, 0x20, 0x00, 0x00, 0x00, 0x00, 0x07,
    0xEF, 0xFF, 0xF3, 0xEC, 0xEC, 0xEC, 0xEC, 0xEC, 0xFC, 0xFF, 0x7F, 0x00, 0x00, 0x00, 0x00, 0x57,
    0xFF, 0xFF, 0xFF, 0xFF, 0xFF, 0xFF, 0xFF, 0xFF, 0xFF, 0xFF, 0xDE, 0x01, 0x00, 0x00, 0x00, 0xB6,
    0xFF, 0x80, 0x00, 0x00, 0x00, 0x00, 0x00, 0x00, 0x07, 0xF0, 0xFF, 0x40, 0x00, 0x00, 0x19, 0xFC,
    0xFF, 0x2A, 0x00, 0x00, 0x00, 0x00, 0x00, 0x00, 0x00, 0x9E, 0xFF, 0xA1, 0x00, 0x00, 0x75, 0xFF,
    0xD3, 0x00, 0x00, 0x00, 0x00, 0x00, 0x00, 0x00, 0x00, 0x44, 0xFF, 0xF4, 0x0C, 0x00, 0xD4, 0xFF,
    0x7D, 0x00, 0x00, 0x00, 0x00, 0x00, 0x00, 0x00, 0x00, 0x03, 0xE7, 0xFF, 0x62, 0x34, 0xFF, 0xFF,
    0x27, 0x00, 0x00, 0x00, 0x00, 0x00, 0x00, 0x00, 0x00, 0x00, 0x91, 0xFF, 0xC3, 0xE4, 0xFF, 0xFF,
    0xFF, 0xFF, 0xFF, 0xF9, 0xE4, 0xAC, 0x44, 0x00, 0x00, 0x00, 0xE4, 0xFF, 0xE8, 0xDC, 0xDC, 0xDC,
    0xE5, 0xFD, 0xFF, 0xFF, 0x82, 0x00, 0x00, 0xE4, 0xFF, 0x58, 0x00, 0x00, 0x00, 0x00, 0x0A, 0x7E,
    0xFF, 0xFF, 0x38, 0x00, 0xE4, 0xFF, 0x58, 0x00, 0x00, 0x00, 0x00, 0x00, 0x00, 0xB0, 0xFF, 0x8E,
    0x00, 0xE4, 0xFF, 0x58, 0x00, 0x00, 0x00, 0x00, 0x00, 0x00, 0x86, 0xFF, 0xA3, 0x00, 0xE4, 0xFF,
    0x58, 0x00, 0x00, 0x00, 0x00, 0x00, 0x02, 0xC6, 0xFF, 0x7A, 0x00, 0xE4, 0xFF, 0x58, 0x00, 0x00,
    0x00, 0x00, 0x19, 0xA2, 0xFF, 0xDA, 0x11, 0x00, 0xE4, 0xFF, 0xE8, 0xDC, 0xDC, 0xDC, 0xE8, 0xFF,
    0xF4, 0x78, 0x0F, 0x00, 0x00, 0xE4, 0xFF, 0xFF, 0xFF, 0xFF, 0xFF, 0xFF, 0xFF, 0xFF, 0xE6, 0x69,
    0x00, 0x00, 0xE4, 0xFF, 0x58, 0x00, 0x00, 0x00, 0x02, 0x20, 0x83, 0xFB, 0xFF, 0x72, 0x00, 0xE4,
    0xFF, 0x58, 0x00, 0x00, 0x00, 0x00, 0x00, 0x00, 0x69, 0xFF, 0xF2, 0x0B, 0xE4, 0xFF, 0x58, 0x00,
    0x00, 0x00, 0x00, 0x00, 0x00, 0x04, 0xED, 0xFF, 0x41, 0xE4, 0xFF, 0x58, 0x00, 0x00, 0x00, 0x00,
    0x00, 0x00, 0x00, 0xD9, 0xFF, 0x4F, 0xE4, 0xFF, 0x58, 0x00, 0x00, 0x00, 0x00, 0x00, 0x00, 0x20,
    0xFC, 0xFF, 0x2C, 0xE4, 0xFF, 0x58, 0x00, 0x00, 0x00, 0x00, 0x00, 0x30, 0xCE, 0xFF, 0xCC, 0x00,
    0xE4, 0xFF, 0xE8, 0xDC, 0xDC, 0xDC, 0xDD, 0xF0, 0xFF, 0xFF, 0xE5, 0x26, 0x00, 0xE4, 0xFF, 0xFF,
    0xFF, 0xFF, 0xFF, 0xFD, 0xEB, 0xCA, 0x7E, 0x10, 0x00, 0x00, 0x00, 0x00, 0x00, 0x00, 0x23, 0x8D,
    0xD3, 0xF5, 0xF7, 0xDF, 0xA5, 0x4A, 0x00, 0x00, 0x00, 0x00, 0x00, 0x00, 0x00, 0x6A, 0xFA, 0xFF,
    0xFF, 0xF2, 0xE4, 0xFB, 0xFF, 0xFF, 0xBB, 0x12, 0x00, 0x00, 0x00, 0x00, 0x82, 0xFF, 0xFE, 0x95,
    0x25, 0x00, 0x00, 0x0D, 0x60, 0xE4, 0xFF, 0xD2, 0x0A, 0x00, 0x00, 0x3D, 0xFD, 0xFE, 0x58, 0x00,
    0x00, 0x00, 0x00, 0x00, 0x00, 0x1A, 0xE1, 0xFF, 0x8A, 0x00, 0x00, 0xC1, 0xFF, 0x94, 0x00, 0x00,
    0x00, 0x00, 0x00, 0x00, 0x00, 0x00, 0x53, 0xFF, 0xEE, 0x04, 0x1E, 0xFE, 0xFF, 0x1F, 0x00, 0x00,
    0x00, 0x00, 0x00, 0x00, 0x00, 0x00, 0x06, 0x60, 0x60, 0x0F, 0x5B, 0xFF, 0xCF, 0x00, 0x00, 0x00,
    0x00, 0x00, 0x00, 0x00, 0x00, 0x00, 0x00, 0x00, 0x00, 0x00, 0x76, 0xFF, 0xAF, 0x00, 0x00, 0x00,
    0x00, 0x00, 0x00, 0x00, 0x00, 0x00, 0x00, 0x00, 0x00, 0x00, 0x89, 0xFF, 0x9D, 0x00, 0x00, 0x00,
    0x00, 0x00, 0x00, 0x00, 0x00, 0x00, 0x00, 0x00, 0x00, 0x00, 0x77, 0xFF, 0xAF, 0x00, 0x00, 0x00,
    0x00, 0x00, 0x00, 0x00, 0x00, 0x00, 0x00, 0x00, 0x00, 0x00, 0x5C, 0xFF, 0xD0, 0x00, 0x00, 0x00,
    0x00, 0x00, 0x00, 0x00, 0x00, 0x00, 0x00, 0x00, 0x00, 0x00, 0x20, 0xFE, 0xFF, 0x20, 0x00, 0x00,
    0x00, 0x00, 0x00, 0x00, 0x00, 0x00, 0x06, 0x64, 0x64, 0x0F, 0x00, 0xC3, 0xFF, 0x96, 0x00, 0x00,
    0x00, 0x00, 0x00, 0x00, 0x00, 0x00, 0x54, 0xFF, 0xEE, 0x04, 0x00, 0x40, 0xFD, 0xFE, 0x58, 0x00,
    0x00, 0x00, 0x00, 0x00, 0x00, 0x1A, 0xE1, 0xFF, 0x89, 0x00, 0x00, 0x00, 0x83, 0xFF, 0xFE, 0x93,
    0x24, 0x00, 0x00, 0x0C, 0x5E, 0xE4, 0xFF, 0xD3, 0x0B, 0x00, 0x00, 0x00, 0x00, 0x6C, 0xFA, 0xFF,
    0xFF, 0xF1, 0xE4, 0xFB, 0xFF, 0xFF, 0xBD, 0x13, 0x00, 0x00, 0x00, 0x00, 0x00, 0x00, 0x24, 0x8F,
    0xD3, 0xF6, 0xF7, 0xE0, 0xA7, 0x4E, 0x00, 0x00, 0x00, 0x00, 0xE4, 0xFF, 0xFF, 0xFF, 0xFF, 0xFF,
    0xF5, 0xDA, 0xA3, 0x47, 0x00, 0x00, 0x00, 0x00, 0xE4, 0xFF, 0xE8, 0xDC, 0xDC, 0xDD, 0xEE, 0xFF,
    0xFF, 0xFF, 0xB3, 0x10, 0x00, 0x00, 0xE4, 0xFF, 0x58, 0x00, 0x00, 0x00, 0x00, 0x18, 0x6C, 0xE8,
    0xFF, 0xD8, 0x0C, 0x00, 0xE4, 0xFF, 0x58, 0x00, 0x00, 0x00, 0x00, 0x00, 0x00, 0x1C, 0xDB, 0xFF,
    0x9C, 0x00, 0xE4, 0xFF, 0x58, 0x00, 0x00, 0x00, 0x00, 0x00, 0x00, 0x00, 0x37, 0xFF, 0xFE, 0x1F,
    0xE4, 0xFF, 0x58, 0x00, 0x00, 0x00, 0x00, 0x00, 0x00, 0x00, 0x00, 0xBF, 0xFF, 0x77, 0xE4, 0xFF,
    0x58, 0x00, 0x00, 0x00, 0x00, 0x00, 0x00, 0x00, 0x00, 0x7A, 0xFF, 0xB1, 0xE4, 0xFF, 0x58, 0x00,
    0x00, 0x00, 0x00, 0x00, 0x00, 0x00, 0x00, 0x55, 0xFF, 0xCB, 0xE4, 0xFF, 0x58, 0x00, 0x00, 0x00,
    0x00, 0x00, 0x00, 0x00, 0x00, 0x48, 0xFF, 0xDD, 0xE4, 0xFF, 0x58, 0x00, 0x00, 0x00, 0x00, 0x00,
    0x00, 0x00, 0x00, 0x56, 0xFF, 0xC9, 0xE4, 0xFF, 0x58, 0x00, 0x00, 0x00, 0x00, 0x00, 0x00, 0x00,
    0x00, 0x7D, 0xFF, 0xB0, 0xE4, 0xFF, 0x58, 0x00, 0x00, 0x00, 0x00, 0x00, 0x00, 0x00, 0x00, 0xC5,
    0xFF, 0x74, 0xE4, 0xFF, 0x58, 0x00, 0x00, 0x00, 0x00, 0x00, 0x00, 0x00, 0x3E, 0xFF, 0xFE, 0x1D,
    0xE4, 0xFF, 0x58, 0x00, 0x00, 0x00, 0x00, 0x00, 0x00, 0x22, 0xE1, 0xFF, 0x99, 0x00, 0xE4, 0xFF,
    0x58, 0x00, 0x00, 0x00, 0x00, 0x1F, 0x76, 0xED, 0xFF, 0xD4, 0x0B, 0x00, 0xE4, 0xFF, 0xE8, 0xDC,
    0xDC, 0xDE, 0xEF, 0xFF, 0xFF, 0xFF, 0xAA, 0x0D, 0x00, 0x00, 0xE4, 0xFF, 0xFF, 0xFF, 0xFF, 0xFE,
    0xF4, 0xD5, 0x9B, 0x3F, 0x00, 0x00, 0x00, 0x00, 0xE4, 0xFF, 0xFF, 0xFF, 0xFF, 0xFF, 0xFF, 0xFF,
    0xFF, 0xFF, 0xC0, 0xE4, 0xFF, 0xE8, 0xDC, 0xDC, 0xDC, 0xDC, 0xDC, 0xDC, 0xDC, 0xA5, 0xE4, 0xFF,
    0x58, 0x00, 0x00, 0x00, 0x00, 0x00, 0x00, 0x00, 0x00, 0xE4, 0xFF, 0x58, 0x00, 0x00, 0x00, 0x00,
    0x00, 0x00, 0x00, 0x00, 0xE4, 0xFF, 0x58, 0x00, 0x00, 0x00, 0x00, 0x00, 0x00, 0x00, 0x00, 0xE4,
    0xFF, 0x58, 0x00, 0x00, 0x00, 0x00, 0x00, 0x00, 0x00, 0x00, 0xE4, 0xFF, 0x58, 0x00, 0x00, 0x00,
    0x00, 0x00, 0x00, 0x00, 0x00, 0xE4, 0xFF, 0xE8, 0xDC, 0xDC, 0xDC, 0xDC, 0xDC, 0xDC, 0xDC, 0x25,
    0xE4, 0xFF, 0xFF, 0xFF, 0xFF, 0xFF, 0xFF, 0xFF, 0xFF, 0xFF, 0x2C, 0xE4, 0xFF, 0x58, 0x00, 0x00,
    0x00, 0x00, 0x00, 0x00, 0x00, 0x00, 0xE4, 0xFF, 0x58, 0x00, 0x00, 0x00, 0x00, 0x00, 0x00, 0x00,
    0x00, 0xE4, 0xFF, 0x58, 0x00, 0x00, 0x00, 0x00, 0x00, 0x00, 0x00, 0x00, 0xE4, 0xFF, 0x58, 0x00,
    0x00, 0x00, 0x00, 0x00, 0x00, 0x00, 0x00, 0xE4, 0xFF, 0x58, 0x00, 0x00, 0x00, 0x00, 0x00, 0x00,
    0x00, 0x00, 0xE4, 0xFF, 0x58, 0x00, 0x00, 0x00, 0x00, 0x00, 0x00, 0x00, 0x00, 0xE4, 0xFF, 0xE8,
    0xDC, 0xDC, 0xDC, 0xDC, 0xDC, 0xDC, 0xDC, 0xBD, 0xE4, 0xFF, 0xFF, 0xFF, 0xFF, 0xFF, 0xFF, 0xFF,
    0xFF, 0xFF, 0xDC, 0xE4, 0xFF, 0xFF, 0xFF, 0xFF, 0xFF, 0xFF, 0xFF, 0xFF, 0xFF, 0xAC, 0xE4, 0xFF,
    0xE8, 0xDC, 0xDC, 0xDC, 0xDC, 0xDC, 0xDC, 0xDC, 0x93, 0xE4, 0xFF, 0x58, 0x00, 0x00, 0x00, 0x00,
    0x00, 0x00, 0x00, 0x00, 0xE4, 0xFF, 0x58, 0x00, 0x00, 0x00, 0x00, 0x00, 0x00, 0x00, 0x00, 0xE4,
    0xFF, 0x58, 0x00, 0x00, 0x00, 0x00, 0x00, 0x00, 0x00, 0x00, 0xE4, 0xFF, 0x58, 0x00, 0x00, 0x00,
    0x00, 0x00, 0x00, 0x00, 0x00, 0xE4, 0xFF, 0x58, 0x00, 0x00, 0x00, 0x00, 0x00, 0x00, 0x00, 0x00,
    0xE4, 0xFF, 0x58, 0x00, 0x00, 0x00, 0x00, 0x00, 0x00, 0x00, 0x00, 0xE4, 0xFF, 0xFF, 0xFF, 0xFF,
    0xFF, 0xFF, 0xFF, 0xFF, 0xE0, 0x00, 0xE4, 0xFF, 0xE8, 0xDC, 0xDC, 0xDC, 0xDC, 0xDC, 0xDC, 0xC0,
    0x00, 0xE4, 0xFF, 0x58, 0x00, 0x00, 0x00, 0x00, 0x00, 0x00, 0x00, 0x00, 0xE4, 0xFF, 0x58, 0x00,
    0x00, 0x00, 0x00, 0x00, 0x00, 0x00, 0x00, 0xE4, 0xFF, 0x58, 0x00, 0x00, 0x00, 0x00, 0x00, 0x00,
    0x00, 0x00, 0xE4, 0xFF, 0x58, 0x00, 0x00, 0x00, 0x00, 0x00, 0x00, 0x00, 0x00, 0xE4, 0xFF, 0x58,
    0x00, 0x00, 0x00, 0x00, 0x00, 0x00, 0x00, 0x00, 0xE4, 0xFF, 0x58, 0x00, 0x00, 0x00, 0x00, 0x00,
    0x00, 0x00, 0x00, 0xE4, 0xFF, 0x58, 0x00, 0x00, 0x00, 0x00, 0x00, 0x00, 0x00, 0x00, 0x00, 0x00,
    0x00, 0x00, 0x28, 0x92, 0xD5, 0xF6, 0xF6, 0xDD, 0xA3, 0x4A, 0x00, 0x00, 0x00, 0x00, 0x00, 0x00,
    0x00, 0x73, 0xFC, 0xFF, 0xFF, 0xF1, 0xE9, 0xFF, 0xFF, 0xFF, 0xBE, 0x17, 0x00, 0x00, 0x00, 0x00,
    0x89, 0xFF, 0xFE, 0x92, 0x22, 0x00, 0x00, 0x0D, 0x6C, 0xEA, 0xFF, 0xDB, 0x12, 0x00, 0x00, 0x42,
    0xFE, 0xFE, 0x55, 0x00, 0x00, 0x00, 0x00, 0x00, 0x00, 0x29, 0xE9, 0xFF, 0x9F, 0x00, 0x00, 0xC4,
    0xFF, 0x92, 0x00, 0x00, 0x00, 0x00, 0x00, 0x00, 0x00, 0x00, 0x63, 0xFF, 0xFA, 0x11, 0x1F, 0xFE,
    0xFE, 0x1E, 0x00, 0x00, 0x00, 0x00, 0x00, 0x00, 0x00, 0x00, 0x03, 0x34, 0x34, 0x0C, 0x5C, 0xFF,
    0xCF, 0x00, 0x00, 0x00, 0x00, 0x00, 0x00, 0x00, 0x00, 0x00, 0x00, 0x00, 0x00, 0x00, 0x76, 0xFF,
    0xAF, 0x00, 0x00, 0x00, 0x00, 0x00, 0x00, 0x00, 0x00, 0x00, 0x00, 0x00, 0x00, 0x00, 0x89, 0xFF,
    0x9D, 0x00, 0x00, 0x00, 0x00, 0x00, 0x41, 0xDC, 0xDC, 0xDC, 0xDC, 0xDC, 0xDC, 0x59, 0x77, 0xFF,
    0xAF, 0x00, 0x00, 0x00, 0x00, 0x00, 0x4C, 0xFF, 0xFF, 0xFF, 0xFF, 0xFF, 0xFF, 0x68, 0x5C, 0xFF,
    0xD0, 0x00, 0x00, 0x00, 0x00, 0x00, 0x00, 0x00, 0x00, 0x00, 0x00, 0xD4, 0xFF, 0x59, 0x20, 0xFE,
    0xFF, 0x20, 0x00, 0x00, 0x00, 0x00, 0x00, 0x00, 0x00, 0x00, 0x07, 0xF5, 0xFF, 0x3B, 0x00, 0xC4,
    0xFF, 0x97, 0x00, 0x00, 0x00, 0x00, 0x00, 0x00, 0x00, 0x00, 0x5C, 0xFF, 0xF0, 0x0A, 0x00, 0x42,
    0xFE, 0xFE, 0x5B, 0x00, 0x00, 0x00, 0x00, 0x00, 0x00, 0x1C, 0xE8, 0xFF, 0x8E, 0x00, 0x00, 0x00,
    0x88, 0xFF, 0xFF, 0x97, 0x27, 0x00, 0x00, 0x09, 0x5E, 0xE8, 0xFF, 0xD2, 0x0B, 0x00, 0x00, 0x00,
    0x00, 0x71, 0xFC, 0xFF, 0xFF, 0xF3, 0xE4, 0xFC, 0xFF, 0xFF, 0xBB, 0x19, 0x00, 0x00, 0x00, 0x00,
    0x00, 0x00, 0x26, 0x8F, 0xD2, 0xF5, 0xF7, 0xDD, 0xAC, 0x4D, 0x01, 0x00, 0x00, 0x00, 0xE4, 0xFF,
    0x58, 0x00, 0x00, 0x00, 0x00, 0x00, 0x00, 0x00, 0x00, 0x80, 0xFF, 0xBC, 0xE4, 0xFF, 0x58, 0x00,
    0x00, 0x00, 0x00, 0x00, 0x00, 0x00, 0x00, 0x80, 0xFF, 0xBC, 0xE4, 0xFF, 0x58, 0x00, 0x00, 0x00,
    0x00, 0x00, 0x00, 0x00, 0x00, 0x80, 0xFF, 0xBC, 0xE4, 0xFF, 0x58, 0x00, 0x00, 0x00, 0x00, 0x00,
    0x00, 0x00, 0x00, 0x80, 0xFF, 0xBC, 0xE4, 0xFF, 0x58, 0x00, 0x00, 0x00, 0x00, 0x00, 0x00, 0x00,
    0x00, 0x80, 0xFF, 0xBC, 0xE4, 0xFF, 0x58, 0x00, 0x00, 0x00, 0x00, 0x00, 0x00, 0x00, 0x00, 0x80,
    0xFF, 0xBC, 0xE4, 0xFF, 0x58, 0x00, 0x00, 0x00, 0x00, 0x00, 0x00, 0x00, 0x00, 0x80, 0xFF, 0xBC,
    0xE4, 0xFF, 0xE8, 0xDC, 0xDC, 0xDC, 0xDC, 0xDC, 0xDC, 0xDC, 0xDC, 0xEE, 0xFF, 0xBC, 0xE4, 0xFF,
    0xFF, 0xFF, 0xFF, 0xFF, 0xFF, 0xFF, 0xFF, 0xFF, 0xFF, 0xFF, 0xFF, 0xBC, 0xE4, 0xFF, 0x58, 0x00,
    0x00, 0x00, 0x00, 0x00, 0x00, 0x00, 0x00, 0x80, 0xFF, 0xBC, 0xE4, 0xFF, 0x58, 0x00, 0x00, 0x00,
    0x00, 0x00, 0x00, 0x00, 0x00, 0x80, 0xFF, 0xBC, 0xE4, 0xFF, 0x58, 0x00, 0x00, 0x00, 0x00, 0x00,
    0x00, 0x00, 0x00, 0x80, 0xFF, 0xBC, 0xE4, 0xFF, 0x58, 0x00, 0x00, 0x00, 0x00, 0x00, 0x00, 0x00,
    0x00, 0x80, 0xFF, 0xBC, 0xE4, 0xFF, 0x58, 0x00, 0x00, 0x00, 0x00, 0x00, 0x00, 0x00, 0x00, 0x80,
    0xFF, 0xBC, 0xE4, 0xFF, 0x58, 0x00, 0x00, 0x00, 0x00, 0x00, 0x00, 0x00, 0x00, 0x80, 0xFF, 0xBC,
    0xE4, 0xFF, 0x58, 0x00, 0x00, 0x00, 0x00, 0x00, 0x00, 0x00, 0x00, 0x80, 0xFF, 0xBC, 0xE4, 0xFF,
    0x58, 0x00, 0x00, 0x00, 0x00, 0x00, 0x00, 0x00, 0x00, 0x80, 0xFF, 0xBC, 0xE4, 0xFF, 0x58, 0xE4,
    0xFF, 0x58, 0xE4, 0xFF, 0x58, 0xE4, 0xFF, 0x58, 0xE4, 0xFF, 0x58, 0xE4, 0xFF, 0x58, 0xE4, 0xFF,
    0x58, 0xE4, 0xFF, 0x58, 0xE4, 0xFF, 0x58, 0xE4, 0xFF, 0x58, 0xE4, 0xFF, 0x58, 0xE4, 0xFF, 0x58,
    0xE4, 0xFF, 0x58, 0xE4, 0xFF, 0x58, 0xE4, 0xFF, 0x58, 0xE4, 0xFF, 0x58, 0xE4, 0xFF, 0x58, 0x00,
    0x00, 0x00, 0x00, 0x00, 0x00, 0x00, 0x00, 0xA4, 0xFF, 0x98, 0x00, 0x00, 0x00, 0x00, 0x00, 0x00,
    0x00, 0x00, 0xA4, 0xFF, 0x98, 0x00, 0x00, 0x00, 0x00, 0x00, 0x00, 0x00, 0x00, 0xA4, 0xFF, 0x98,
    0x00, 0x00, 0x00, 0x00, 0x00, 0x00, 0x00, 0x00, 0xA4, 0xFF, 0x98, 0x00, 0x00, 0x00, 0x00, 0x00,
    0x00, 0x00, 0x00, 0xA4, 0xFF, 0x98, 0x00, 0x00, 0x00, 0x00, 0x00, 0x00, 0x00, 0x00, 0xA4, 0xFF,
    0x98, 0x00, 0x00, 0x00, 0x00, 0x00, 0x00, 0x00, 0x00, 0xA4, 0xFF, 0x98, 0x00, 0x00, 0x00, 0x00,
    0x00, 0x00, 0x00, 0x00, 0xA4, 0xFF, 0x98, 0x00, 0x00, 0x00, 0x00, 0x00, 0x00, 0x00, 0x00, 0xA4,
    0xFF, 0x98, 0x00, 0x00, 0x00, 0x00, 0x00, 0x00, 0x00, 0x00, 0xA4, 0xFF, 0x98, 0x00, 0x00, 0x00,
    0x00, 0x00, 0x00, 0x00, 0x00, 0xA4, 0xFF, 0x98, 0xC3, 0xEC, 0x5F, 0x00, 0x00, 0x00, 0x00, 0x00,
    0xA4, 0xFF, 0x97, 0xCA, 0xFF, 0x7B, 0x00, 0x00, 0x00, 0x00, 0x00, 0xB8, 0xFF, 0x8C, 0xA2, 0xFF,
    0xBC, 0x00, 0x00, 0x00, 0x00, 0x0D, 0xEB, 0xFF, 0x65, 0x43, 0xFF, 0xFF, 0x83, 0x08, 0x00, 0x16,
    0xB0, 0xFF, 0xF2, 0x14, 0x00, 0x88, 0xFF, 0xFF, 0xFB, 0xE6, 0xFE, 0xFF, 0xF9, 0x52, 0x00, 0x00,
    0x00, 0x4B, 0xB8, 0xEE, 0xFB, 0xE6, 0xA5, 0x2E, 0x00, 0x00, 0xE4, 0xFF, 0x58, 0x00, 0x00, 0x00,
    0x00, 0x00, 0x00, 0x17, 0xDA, 0xFF, 0xDE, 0x1B, 0xE4, 0xFF, 0x58, 0x00, 0x00, 0x00, 0x00, 0x00,
    0x11, 0xD1, 0xFF, 0xE5, 0x22, 0x00, 0xE4, 0xFF, 0x58, 0x00, 0x00, 0x00, 0x00, 0x0C, 0xC8, 0xFF,
    0xEA, 0x29, 0x00, 0x00, 0xE4, 0xFF, 0x58, 0x00, 0x00, 0x00, 0x08, 0xBF, 0xFF, 0xEF, 0x31, 0x00,
    0x00, 0x00, 0xE4, 0xFF, 0x58, 0x00, 0x00, 0x05, 0xB4, 0xFF, 0xF4, 0x39, 0x00, 0x00, 0x00, 0x00,
    0xE4, 0xFF, 0x57, 0x00, 0x02, 0xA8, 0xFF, 0xF8, 0x43, 0x00, 0x00, 0x00, 0x00, 0x00, 0xE4, 0xFF,
    0x55, 0x00, 0x94, 0xFF, 0xFA, 0x4C, 0x00, 0x00, 0x00, 0x00, 0x00, 0x00, 0xE4, 0xFF, 0x51, 0x76,
    0xFF, 0xFF, 0x99, 0x00, 0x00, 0x00, 0x00, 0x00, 0x00, 0x00, 0xE4, 0xFF, 0x9A, 0xFD, 0xFD, 0xFF,
    0xF9, 0x33, 0x00, 0x00, 0x00, 0x00, 0x00, 0x00, 0xE4, 0xFF, 0xFF, 0xF9, 0x4A, 0xB0, 0xFF, 0xDB,
    0x0D, 0x00, 0x00, 0x00, 0x00, 0x00, 0xE4, 0xFF, 0xFA, 0x4E, 0x00, 0x12, 0xE2, 0xFF, 0xA6, 0x00,
    0x00, 0x00, 0x00, 0x00, 0xE4, 0xFF, 0x73, 0x00, 0x00, 0x00, 0x3C, 0xFC, 0xFF, 0x63, 0x00, 0x00,
    0x00, 0x00, 0xE4, 0xFF, 0x58, 0x00, 0x00, 0x00, 0x00, 0x7C, 0xFF, 0xF5, 0x2A, 0x00, 0x00, 0x00,
    0xE4, 0xFF, 0x58, 0x00, 0x00, 0x00, 0x00, 0x02, 0xBD, 0xFF, 0xD4, 0x09, 0x00, 0x00, 0xE4, 0xFF,
    0x58, 0x00, 0x00, 0x00, 0x00, 0x00, 0x19, 0xEA, 0xFF, 0x9A, 0x00, 0x00, 0xE4, 0xFF, 0x58, 0x00,
    0x00, 0x00, 0x00, 0x00, 0x00, 0x48, 0xFE, 0xFF, 0x57, 0x00, 0xE4, 0xFF, 0x58, 0x00, 0x00, 0x00,
    0x00, 0x00, 0x00, 0x00, 0x8A, 0xFF, 0xF1, 0x23, 0xE4, 0xFF, 0x58, 0x00, 0x00, 0x00, 0x00, 0x00,
    0x00, 0x00, 0x00, 0xE4, 0xFF, 0x58, 0x00, 0x00, 0x00, 0x00, 0x00, 0x00, 0x00, 0x00, 0xE4, 0xFF,
    0x58, 0x00, 0x00, 0x00, 0x00, 0x00, 0x00, 0x00, 0x00, 0xE4, 0xFF, 0x58, 0x00, 0x00, 0x00, 0x00,
    0x00, 0x00, 0x00, 0x00, 0xE4, 0xFF, 0x58, 0x00, 0x00, 0x00, 0x00, 0x00, 0x00, 0x00, 0x00, 0xE4,
    0xFF, 0x58, 0x00, 0x00, 0x00, 0x00, 0x00, 0x00, 0x00, 0x00, 0xE4, 0xFF, 0x58, 0x00, 0x00, 0x00,
    0x00, 0x00, 0x00, 0x00, 0x00, 0xE4, 0xFF, 0x58, 0x00, 0x00, 0x00, 0x00, 0x00, 0x00, 0x00, 0x00,
    0xE4, 0xFF, 0x58, 0x00, 0x00, 0x00, 0x00, 0x00, 0x00, 0x00, 0x00, 0xE4, 0xFF, 0x58, 0x00, 0x00,
    0x00, 0x00, 0x00, 0x00, 0x00, 0x00, 0xE4, 0xFF, 0x58, 0x00, 0x00, 0x00, 0x00, 0x00, 0x00, 0x00,
    0x00, 0xE4, 0xFF, 0x58, 0x00, 0x00, 0x00, 0x00, 0x00, 0x00, 0x00, 0x00, 0xE4, 0xFF, 0x58, 0x00,
    0x00, 0x00, 0x00, 0x00, 0x00, 0x00, 0x00, 0xE4, 0xFF, 0x58, 0x00, 0x00, 0x00, 0x00, 0x00, 0x00,
    0x00, 0x00, 0xE4, 0xFF, 0x58, 0x00, 0x00, 0x00, 0x00, 0x00, 0x00, 0x00, 0x00, 0xE4, 0xFF, 0xF5,
    0xF0, 0xF0, 0xF0, 0xF0, 0xF0, 0xF0, 0xF0, 0x65, 0xE4, 0xFF, 0xFF, 0xFF, 0xFF, 0xFF, 0xFF, 0xFF,
    0xFF, 0xFF, 0x6C, 0xE4, 0xFF, 0xFF, 0x7A, 0x00, 0x00, 0x00, 0x00, 0x00, 0x00, 0x00, 0x00, 0x00,
    0x00, 0xCE, 0xFF, 0xFF, 0x94, 0xE4, 0xFF, 0xFF, 0xDF, 0x02, 0x00, 0x00, 0x00, 0x00, 0x00, 0x00,
    0x00, 0x00, 0x33, 0xFF, 0xFF, 0xFF, 0x94, 0xE4, 0xFF, 0xF4, 0xFF, 0x47, 0x00, 0x00, 0x00, 0x00,
    0x00, 0x00, 0x00, 0x00, 0x98, 0xFF, 0xF4, 0xFF, 0x94, 0xE4, 0xFF, 0xAB, 0xFF, 0xAE, 0x00, 0x00,
    0x00, 0x00, 0x00, 0x00, 0x00, 0x0B, 0xF2, 0xFE, 0xAE, 0xFF, 0x94, 0xE4, 0xFF, 0x56, 0xFF, 0xFB,
    0x19, 0x00, 0x00, 0x00, 0x00, 0x00, 0x00, 0x62, 0xFF, 0xC4, 0x98, 0xFF, 0x94, 0xE4, 0xFF, 0x35,
    0xCC, 0xFF, 0x7B, 0x00, 0x00, 0x00, 0x00, 0x00, 0x00, 0xC7, 0xFF, 0x6A, 0x9D, 0xFF, 0x94, 0xE4,
    0xFF, 0x3A, 0x6F, 0xFF, 0xDF, 0x02, 0x00, 0x00, 0x00, 0x00, 0x2C, 0xFF, 0xF9, 0x13, 0x9F, 0xFF,
    0x94, 0xE4, 0xFF, 0x3B, 0x12, 0xF7, 0xFF, 0x48, 0x00, 0x00, 0x00, 0x00, 0x91, 0xFF, 0xA6, 0x00,
    0xA0, 0xFF, 0x94, 0xE4, 0xFF, 0x3C, 0x00, 0xA2, 0xFF, 0xAE, 0x00, 0x00, 0x00, 0x08, 0xEE, 0xFF,
    0x3F, 0x00, 0xA0, 0xFF, 0x94, 0xE4, 0xFF, 0x3C, 0x00, 0x38, 0xFF, 0xFB, 0x19, 0x00, 0x00, 0x5B,
    0xFF, 0xD6, 0x00, 0x00, 0xA0, 0xFF, 0x94, 0xE4, 0xFF, 0x3C, 0x00, 0x00, 0xCE, 0xFF, 0x7B, 0x00,
    0x00, 0xC0, 0xFF, 0x6F, 0x00, 0x00, 0xA0, 0xFF, 0x94, 0xE4, 0xFF, 0x3C, 0x00, 0x00, 0x65, 0xFF,
    0xDB, 0x00, 0x22, 0xFE, 0xF6, 0x10, 0x00, 0x00, 0xA0, 0xFF, 0x94, 0xE4, 0xFF, 0x3C, 0x00, 0x00,
    0x0A, 0xF0, 0xFF, 0x31, 0x77, 0xFF, 0x9F, 0x00, 0x00, 0x00, 0xA0, 0xFF, 0x94, 0xE4, 0xFF, 0x3C,
    0x00, 0x00, 0x00, 0x92, 0xFF, 0x82, 0xCA, 0xFF, 0x37, 0x00, 0x00, 0x00, 0xA0, 0xFF, 0x94, 0xE4,
    0xFF, 0x3C, 0x00, 0x00, 0x00, 0x28, 0xFF, 0xE3, 0xFE, 0xCF, 0x00, 0x00, 0x00, 0x00, 0xA0, 0xFF,
    0x94, 0xE4, 0xFF, 0x3C, 0x00, 0x00, 0x00, 0x00, 0xBF, 0xFF, 0xFF, 0x67, 0x00, 0x00, 0x00, 0x00,
    0xA0, 0xFF, 0x94, 0xE4, 0xFF, 0x3C, 0x00, 0x00, 0x00, 0x00, 0x55, 0xFF, 0xF3, 0x0C, 0x00, 0x00,
    0x00, 0x00, 0xA0, 0xFF, 0x94, 0xE4, 0xFF, 0xF1, 0x1D, 0x00, 0x00, 0x00, 0x00, 0x00, 0x00, 0x00,
    0x40, 0xFF, 0xF8, 0xE4, 0xFF, 0xFF, 0xB6, 0x00, 0x00, 0x00, 0x00, 0x00, 0x00, 0x00, 0x40, 0xFF,
    0xF8, 0xE4, 0xFF, 0xFA, 0xFF, 0x5D, 0x00, 0x00, 0x00, 0x00, 0x00, 0x00, 0x40, 0xFF, 0xF8, 0xE4,
    0xFF, 0x94, 0xFF, 0xED, 0x17, 0x00, 0x00, 0x00, 0x00, 0x00, 0x40, 0xFF, 0xF8, 0xE4, 0xFF, 0x42,
    0xCA, 0xFF, 0xAB, 0x00, 0x00, 0x00, 0x00, 0x00, 0x40, 0xFF, 0xF8, 0xE4, 0xFF, 0x4A, 0x35, 0xFD,
    0xFF, 0x52, 0x00, 0x00, 0x00, 0x00, 0x40, 0xFF, 0xF8, 0xE4, 0xFF, 0x53, 0x00, 0x96, 0xFF, 0xE7,
    0x11, 0x00, 0x00, 0x00, 0x40, 0xFF, 0xF8, 0xE4, 0xFF, 0x57, 0x00, 0x0D, 0xE2, 0xFF, 0xA0, 0x00,
    0x00, 0x00, 0x40, 0xFF, 0xF8, 0xE4, 0xFF, 0x58, 0x00, 0x00, 0x48, 0xFF, 0xFF, 0x48, 0x00, 0x00,
    0x40, 0xFF, 0xF8, 0xE4, 0xFF, 0x58, 0x00, 0x00, 0x00, 0x9F, 0xFF, 0xE1, 0x0D, 0x00, 0x40, 0xFF,
    0xF8, 0xE4, 0xFF, 0x58, 0x00, 0x00, 0x00, 0x10, 0xE5, 0xFF, 0x96, 0x00, 0x40, 0xFF, 0xF8, 0xE4,
    0xFF, 0x58, 0x00, 0x00, 0x00, 0x00, 0x4D, 0xFF, 0xFE, 0x38, 0x3E, 0xFF, 0xF8, 0xE4, 0xFF, 0x58,
    0x00, 0x00, 0x00, 0x00, 0x00, 0xA4, 0xFF, 0xCB, 0x38, 0xFF, 0xF8, 0xE4, 0xFF, 0x58, 0x00, 0x00,
    0x00, 0x00, 0x00, 0x12, 0xE8, 0xFF, 0x85, 0xFF, 0xF8, 0xE4, 0xFF, 0x58, 0x00, 0x00, 0x00, 0x00,
    0x00, 0x00, 0x52, 0xFF, 0xF2, 0xFF, 0xF8, 0xE4, 0xFF, 0x58, 0x00, 0x00, 0x00, 0x00, 0x00, 0x00,
    0x00, 0xA9, 0xFF, 0xFF, 0xF8, 0xE4, 0xFF, 0x58, 0x00, 0x00, 0x00, 0x00, 0x00, 0x00, 0x00, 0x15,
    0xEB, 0xFF, 0xF8, 0x00, 0x00, 0x00, 0x00, 0x22, 0x8C, 0xD2, 0xF5, 0xFA, 0xE2, 0xAA, 0x4B, 0x00,
    0x00, 0x00, 0x00, 0x00, 0x00, 0x00, 0x68, 0xF9, 0xFF, 0xFF, 0xF2, 0xE7, 0xFE, 0xFF, 0xFF, 0xB2,
    0x0E, 0x00, 0x00, 0x00, 0x00, 0x7F, 0xFF, 0xFF, 0x97, 0x26, 0x00, 0x00, 0x0C, 0x69, 0xEA, 0xFF,
    0xD3, 0x0A, 0x00, 0x00, 0x3D, 0xFD, 0xFF, 0x5B, 0x00, 0x00, 0x00, 0x00, 0x00, 0x00, 0x1F, 0xDE,
    0xFF, 0x97, 0x00, 0x00, 0xC1, 0xFF, 0x98, 0x00, 0x00, 0x00, 0x00, 0x00, 0x00, 0x00, 0x00, 0x3F,
    0xFF, 0xFE, 0x1E, 0x1E, 0xFE, 0xFF, 0x22, 0x00, 0x00, 0x00, 0x00, 0x00, 0x00, 0x00, 0x00, 0x00,
    0xC8, 0xFF, 0x78, 0x5B, 0xFF, 0xD1, 0x00, 0x00, 0x00, 0x00, 0x00, 0x00, 0x00, 0x00, 0x00, 0x00,
    0x78, 0xFF, 0xB7, 0x76, 0xFF, 0xB0, 0x00, 0x00, 0x00, 0x00, 0x00, 0x00, 0x00, 0x00, 0x00, 0x00,
    0x59, 0xFF, 0xD1, 0x89, 0xFF, 0x9D, 0x00, 0x00, 0x00, 0x00, 0x00, 0x00, 0x00, 0x00, 0x00, 0x00,
    0x46, 0xFF, 0xE5, 0x77, 0xFF, 0xAF, 0x00, 0x00, 0x00, 0x00, 0x00, 0x00, 0x00, 0x00, 0x00, 0x00,
    0x58, 0xFF, 0xD2, 0x5C, 0xFF, 0xD0, 0x00, 0x00, 0x00, 0x00, 0x00, 0x00, 0x00, 0x00, 0x00, 0x00,
    0x78, 0xFF, 0xB7, 0x20, 0xFE, 0xFF, 0x20, 0x00, 0x00, 0x00, 0x00, 0x00, 0x00, 0x00, 0x00, 0x00,
    0xC8, 0xFF, 0x7A, 0x00, 0xC3, 0xFF, 0x97, 0x00, 0x00, 0x00, 0x00, 0x00, 0x00, 0x00, 0x00, 0x3E,
    0xFF, 0xFE, 0x1F, 0x00, 0x3F, 0xFD, 0xFE, 0x5B, 0x00, 0x00, 0x00, 0x00, 0x00, 0x00, 0x1E, 0xDE,
    0xFF, 0x99, 0x00, 0x00, 0x00, 0x80, 0xFF, 0xFF, 0x96, 0x26, 0x00, 0x00, 0x0B, 0x65, 0xE8, 0xFF,
    0xD4, 0x0B, 0x00, 0x00, 0x00, 0x00, 0x69, 0xF9, 0xFF, 0xFF, 0xF2, 0xE7, 0xFE, 0xFF, 0xFF, 0xB3,
    0x0F, 0x00, 0x00, 0x00, 0x00, 0x00, 0x00, 0x23, 0x8D, 0xD3, 0xF6, 0xFB, 0xE3, 0xAB, 0x4C, 0x00,
    0x00, 0x00, 0x00, 0xE4, 0xFF, 0xFF, 0xFF, 0xFF, 0xFF, 0xF5, 0xDB, 0x9C, 0x33, 0x00, 0x00, 0x00,
    0xE4, 0xFF, 0xE8, 0xDC, 0xDC, 0xDC, 0xE5, 0xFE, 0xFF, 0xFC, 0x71, 0x00, 0x00, 0xE4, 0xFF, 0x58,
    0x00, 0x00, 0x00, 0x00, 0x11, 0x89, 0xFF, 0xFE, 0x43, 0x00, 0xE4, 0xFF, 0x58, 0x00, 0x00, 0x00,
    0x00, 0x00, 0x00, 0xB3, 0xFF, 0xB6, 0x00, 0xE4, 0xFF, 0x58, 0x00, 0x00, 0x00, 0x00, 0x00, 0x00,
    0x51, 0xFF, 0xF1, 0x00, 0xE4, 0xFF, 0x58, 0x00, 0x00, 0x00, 0x00, 0x00, 0x00, 0x36, 0xFF, 0xFF,
    0x05, 0xE4, 0xFF, 0x58, 0x00, 0x00, 0x00, 0x00, 0x00, 0x00, 0x59, 0xFF, 0xEC, 0x00, 0xE4, 0xFF,
    0x58, 0x00, 0x00, 0x00, 0x00, 0x00, 0x01, 0xC7, 0xFF, 0xA7, 0x00, 0xE4, 0xFF, 0x58, 0x00, 0x00,
    0x00, 0x08, 0x32, 0xAA, 0xFF, 0xF8, 0x30, 0x00, 0xE4, 0xFF, 0xFF, 0xFF, 0xFF, 0xFF, 0xFF, 0xFF,
    0xFF, 0xF2, 0x52, 0x00, 0x00, 0xE4, 0xFF, 0xE8, 0xDC, 0xDC, 0xDC, 0xD2, 0xB8, 0x7A, 0x1A, 0x00,
    0x00, 0x00, 0xE4, 0xFF, 0x58, 0x00, 0x00, 0x00, 0x00, 0x00, 0x00, 0x00, 0x00, 0x00, 0x00, 0xE4,
    0xFF, 0x58, 0x00, 0x00, 0x00, 0x00, 0x00, 0x00, 0x00, 0x00, 0x00, 0x00, 0xE4, 0xFF, 0x58, 0x00,
    0x00, 0x00, 0x00, 0x00, 0x00, 0x00, 0x00, 0x00, 0x00, 0xE4, 0xFF, 0x58, 0x00, 0x00, 0x00, 0x00,
    0x00, 0x00, 0x00, 0x00, 0x00, 0x00, 0xE4, 0xFF, 0x58, 0x00, 0x00, 0x00, 0x00, 0x00, 0x00, 0x00,
    0x00, 0x00, 0x00, 0xE4, 0xFF, 0x58, 0x00, 0x00, 0x00, 0x00, 0x00, 0x00, 0x00, 0x00, 0x00, 0x00,
    0x00, 0x00, 0x00, 0x00, 0x22, 0x8C, 0xD2, 0xF5, 0xFA, 0xE2, 0xAA, 0x4B, 0x00, 0x00, 0x00, 0x00,
    0x00, 0x00, 0x00, 0x68, 0xF9, 0xFF, 0xFF, 0xFF, 0xFF, 0xFF, 0xFF, 0xFF, 0xB2, 0x0E, 0x00, 0x00,
    0x00, 0x00, 0x7F, 0xFF, 0xFF, 0xBB, 0x4D, 0x1B, 0x0F, 0x32, 0x8E, 0xF7, 0xFF, 0xD3, 0x0A, 0x00,
    0x00, 0x3D, 0xFD, 0xFF, 0x7B, 0x00, 0x00, 0x00, 0x00, 0x00, 0x00, 0x34, 0xEA, 0xFF, 0x97, 0x00,
    0x00, 0xC1, 0xFF, 0xAA, 0x00, 0x00, 0x00, 0x00, 0x00, 0x00, 0x00, 0x00, 0x4F, 0xFF, 0xFE, 0x1E,
    0x1E, 0xFE, 0xFF, 0x28, 0x00, 0x00, 0x00, 0x00, 0x00, 0x00, 0x00, 0x00, 0x00, 0xCF, 0xFF, 0x79,
    0x5B, 0xFF, 0xD4, 0x00, 0x00, 0x00, 0x00, 0x00, 0x00, 0x00, 0x00, 0x00, 0x00, 0x7C, 0xFF, 0xB7,
    0x76, 0xFF, 0xB0, 0x00, 0x00, 0x00, 0x00, 0x00, 0x00, 0x00, 0x00, 0x00, 0x00, 0x59, 0xFF, 0xD2,
    0x89, 0xFF, 0x9E, 0x00, 0x00, 0x00, 0x00, 0x00, 0x00, 0x00, 0x00, 0x00, 0x00, 0x46, 0xFF, 0xE5,
    0x77, 0xFF, 0xB0, 0x00, 0x00, 0x00, 0x00, 0x00, 0x00, 0x00, 0x00, 0x00, 0x00, 0x56, 0xFF, 0xD3,
    0x5C, 0xFF, 0xD2, 0x00, 0x00, 0x00, 0x00, 0x00, 0x00, 0x00, 0x00, 0x00, 0x00, 0x7B, 0xFF, 0xB9,
    0x20, 0xFE, 0xFF, 0x26, 0x00, 0x00, 0x00, 0x28, 0x74, 0x6C, 0x03, 0x00, 0x00, 0xC9, 0xFF, 0x75,
    0x00, 0xC3, 0xFF, 0xA8, 0x00, 0x00, 0x00, 0x04, 0xC0, 0xFF, 0x8B, 0x00, 0x4A, 0xFF, 0xFC, 0x22,
    0x00, 0x3F, 0xFD, 0xFF, 0x7A, 0x00, 0x00, 0x00, 0x15, 0xE1, 0xFF, 0x7B, 0xEB, 0xFF, 0x91, 0x00,
    0x00, 0x00, 0x80, 0xFF, 0xFF, 0xBA, 0x4C, 0x1A, 0x0A, 0x60, 0xFF, 0xFF, 0xFF, 0xC8, 0x0D, 0x00,
    0x00, 0x00, 0x00, 0x69, 0xF9, 0xFF, 0xFF, 0xFF, 0xFF, 0xFF, 0xFF, 0xFF, 0xFB, 0x1B, 0x00, 0x00,
    0x00, 0x00, 0x00, 0x00, 0x23, 0x8D, 0xD3, 0xF6, 0xF8, 0xDF, 0xA3, 0xB3, 0xFF, 0xA6, 0x00, 0x00,
    0x00, 0x00, 0x00, 0x00, 0x00, 0x00, 0x00, 0x00, 0x00, 0x00, 0x00, 0x0C, 0xDA, 0xFF, 0x64, 0x00,
    0x00, 0x00, 0x00, 0x00, 0x00, 0x00, 0x00, 0x00, 0x00, 0x00, 0x00, 0x00, 0x2D, 0x7C, 0x72, 0x02,
    0xE4, 0xFF, 0xFF, 0xFF, 0xFF, 0xFF, 0xF6, 0xDF, 0xA6, 0x44, 0x00, 0x00, 0x00, 0xE4, 0xFF, 0xE8,
    0xDC, 0xDC, 0xDC, 0xE4, 0xFC, 0xFF, 0xFF, 0x94, 0x00, 0x00, 0xE4, 0xFF, 0x58, 0x00, 0x00, 0x00,
    0x00, 0x0B, 0x70, 0xFD, 0xFF, 0x61, 0x00, 0xE4, 0xFF, 0x58, 0x00, 0x00, 0x00, 0x00, 0x00, 0x00,
    0x93, 0xFF, 0xCD, 0x00, 0xE4, 0xFF, 0x58, 0x00, 0x00, 0x00, 0x00, 0x00, 0x00, 0x45, 0xFF, 0xF9,
    0x01, 0xE4, 0xFF, 0x58, 0x00, 0x00, 0x00, 0x00, 0x00, 0x00, 0x40, 0xFF, 0xFA, 0x02, 0xE4, 0xFF,
    0x58, 0x00, 0x00, 0x00, 0x00, 0x00, 0x00, 0x89, 0xFF, 0xD3, 0x00, 0xE4, 0xFF, 0x58, 0x00, 0x00,
    0x00, 0x00, 0x09, 0x68, 0xFB, 0xFF, 0x6C, 0x00, 0xE4, 0xFF, 0xE8, 0xDC, 0xDC, 0xDC, 0xE2, 0xFB,
    0xFF, 0xFF, 0xA4, 0x02, 0x00, 0xE4, 0xFF, 0xFF, 0xFF, 0xFF, 0xFF, 0xFF, 0xFF, 0xF5, 0x4A, 0x00,
    0x00, 0x00, 0xE4, 0xFF, 0x58, 0x00, 0x00, 0x00, 0x3A, 0xFF, 0xFF, 0x46, 0x00, 0x00, 0x00, 0xE4,
    0xFF, 0x58, 0x00, 0x00, 0x00, 0x00, 0xB5, 0xFF, 0xCC, 0x01, 0x00, 0x00, 0xE4, 0xFF, 0x58, 0x00,
    0x00, 0x00, 0x00, 0x31, 0xFE, 0xFF, 0x55, 0x00, 0x00, 0xE4, 0xFF, 0x58, 0x00, 0x00, 0x00, 0x00,
    0x00, 0xAC, 0xFF, 0xD8, 0x03, 0x00, 0xE4, 0xFF, 0x58, 0x00, 0x00, 0x00, 0x00, 0x00, 0x2A, 0xFD,
    0xFF, 0x64, 0x00, 0xE4, 0xFF, 0x58, 0x00, 0x00, 0x00, 0x00, 0x00, 0x00, 0xA3, 0xFF, 0xE3, 0x08,
    0xE4, 0xFF, 0x58, 0x00, 0x00, 0x00, 0x00, 0x00, 0x00, 0x23, 0xFB, 0xFF, 0x74, 0x00, 0x00, 0x00,
    0x3D, 0xA0, 0xDE, 0xF7, 0xF0, 0xD2, 0x89, 0x1C, 0x00, 0x00, 0x00, 0x00, 0x02, 0x99, 0xFF, 0xFF,
    0xFE, 0xE6, 0xF1, 0xFF, 0xFF, 0xF5, 0x57, 0x00, 0x00, 0x00, 0x7D, 0xFF, 0xEF, 0x68, 0x09, 0x00,
    0x00, 0x25, 0xA5, 0xFF, 0xFC, 0x32, 0x00, 0x01, 0xF0, 0xFF, 0x4D, 0x00, 0x00, 0x00, 0x00, 0x00,
    0x00, 0xB8, 0xFF, 0xA2, 0x00, 0x1A, 0xFF, 0xFF, 0x0C, 0x00, 0x00, 0x00, 0x00, 0x00, 0x00, 0x2A,
    0x60, 0x4A, 0x00, 0x0B, 0xFB, 0xFF, 0x4E, 0x00, 0x00, 0x00, 0x00, 0x00, 0x00, 0x00, 0x00, 0x00,
    0x00, 0x00, 0xA1, 0xFF, 0xF8, 0x82, 0x14, 0x00, 0x00, 0x00, 0x00, 0x00, 0x00, 0x00, 0x00, 0x00,
    0x0B, 0xA7, 0xFF, 0xFF, 0xFC, 0xC2, 0x7F, 0x36, 0x01, 0x00, 0x00, 0x00, 0x00, 0x00, 0x00, 0x00,
    0x43, 0xA8, 0xF6, 0xFF, 0xFF, 0xFF, 0xDF, 0x69, 0x06, 0x00, 0x00, 0x00, 0x00, 0x00, 0x00, 0x00,
    0x09, 0x45, 0x8C, 0xE0, 0xFF, 0xFF, 0xCC, 0x11, 0x00, 0x00, 0x00, 0x00, 0x00, 0x00, 0x00, 0x00,
    0x00, 0x00, 0x48, 0xE5, 0xFF, 0xA0, 0x00, 0x00, 0x00, 0x00, 0x00, 0x00, 0x00, 0x00, 0x00, 0x00,
    0x00, 0x4C, 0xFF, 0xF4, 0x00, 0x5B, 0x9C, 0x6F, 0x00, 0x00, 0x00, 0x00, 0x00, 0x00, 0x00, 0x2E,
    0xFF, 0xFB, 0x03, 0x67, 0xFF, 0xF0, 0x18, 0x00, 0x00, 0x00, 0x00, 0x00, 0x00, 0x8E, 0xFF, 0xD0,
    0x00, 0x0C, 0xE1, 0xFF, 0xD9, 0x4A, 0x05, 0x00, 0x00, 0x22, 0x98, 0xFF, 0xFF, 0x58, 0x00, 0x00,
    0x2B, 0xE0, 0xFF, 0xFF, 0xF7, 0xE1, 0xEC, 0xFF, 0xFF, 0xFB, 0x76, 0x00, 0x00, 0x00, 0x00, 0x0B,
    0x70, 0xC0, 0xEC, 0xFB, 0xEF, 0xD4, 0x90, 0x2A, 0x00, 0x00, 0x00, 0xD8, 0xFF, 0xFF, 0xFF, 0xFF,
    0xFF, 0xFF, 0xFF, 0xFF, 0xFF, 0xFF, 0xFF, 0xFF, 0x58, 0xB9, 0xDC, 0xDC, 0xDC, 0xDC, 0xE8, 0xFF,
    0xFB, 0xDC, 0xDC, 0xDC, 0xDC, 0xDC, 0x4B, 0x00, 0x00, 0x00, 0x00, 0x00, 0x5C, 0xFF, 0xE0, 0x00,
    0x00, 0x00, 0x00, 0x00, 0x00, 0x00, 0x00, 0x00, 0x00, 0x00, 0x5C, 0xFF, 0xE0, 0x00, 0x00, 0x00,
    0x00, 0x00, 0x00, 0x00, 0x00, 0x00, 0x00, 0x00, 0x5C, 0xFF, 0xE0, 0x00, 0x00, 0x00, 0x00, 0x00,
    0x00, 0x00, 0x00, 0x00, 0x00, 0x00, 0x5C, 0xFF, 0xE0, 0x00, 0x00, 0x00, 0x00, 0x00, 0x00, 0x00,
    0x00, 0x00, 0x00, 0x00, 0x5C, 0xFF, 0xE0, 0x00, 0x00, 0x00, 0x00, 0x00, 0x00, 0x00, 0x00, 0x00,
    0x00, 0x00, 0x5C, 0xFF, 0xE0, 0x00, 0x00, 0x00, 0x00, 0x00, 0x00, 0x00, 0x00, 0x00, 0x00, 0x00,
    0x5C, 0xFF, 0xE0, 0x00, 0x00, 0x00, 0x00, 0x00, 0x00, 0x00, 0x00, 0x00, 0x00, 0x00, 0x5C, 0xFF,
    0xE0, 0x00, 0x00, 0x00, 0x00, 0x00, 0x00, 0x00, 0x00, 0x00, 0x00, 0x00, 0x5C, 0xFF, 0xE0, 0x00,
    0x00, 0x00, 0x00, 0x00, 0x00, 0x00, 0x00, 0x00, 0x00, 0x00, 0x5C, 0xFF, 0xE0, 0x00, 0x00, 0x00,
    0x00, 0x00, 0x00, 0x00, 0x00, 0x00, 0x00, 0x00, 0x5C, 0xFF, 0xE0, 0x00, 0x00, 0x00, 0x00, 0x00,
    0x00, 0x00, 0x00, 0x00, 0x00, 0x00, 0x5C, 0xFF, 0xE0, 0x00, 0x00, 0x00, 0x00, 0x00, 0x00, 0x00,
    0x00, 0x00, 0x00, 0x00, 0x5C, 0xFF, 0xE0, 0x00, 0x00, 0x00, 0x00, 0x00, 0x00, 0x00, 0x00, 0x00,
    0x00, 0x00, 0x5C, 0xFF, 0xE0, 0x00, 0x00, 0x00, 0x00, 0x00, 0x00, 0x00, 0x00, 0x00, 0x00, 0x00,
    0x5C, 0xFF, 0xE0, 0x00, 0x00, 0x00, 0x00, 0x00, 0x00, 0xE4, 0xFF, 0x58, 0x00, 0x00, 0x00, 0x00,
    0x00, 0x00, 0x00, 0x00, 0x78, 0xFF, 0xC0, 0xE4, 0xFF, 0x58, 0x00, 0x00, 0x00, 0x00, 0x00, 0x00,
    0x00, 0x00, 0x78, 0xFF, 0xC0, 0xE4, 0xFF, 0x58, 0x00, 0x00, 0x00, 0x00, 0x00, 0x00, 0x00, 0x00,
    0x78, 0xFF, 0xC0, 0xE4, 0xFF, 0x58, 0x00, 0x00, 0x00, 0x00, 0x00, 0x00, 0x00, 0x00, 0x78, 0xFF,
    0xC0, 0xE4, 0xFF, 0x58, 0x00, 0x00, 0x00, 0x00, 0x00, 0x00, 0x00, 0x00, 0x78, 0xFF, 0xC0, 0xE4,
    0xFF, 0x58, 0x00, 0x00, 0x00, 0x00, 0x00, 0x00, 0x00, 0x00, 0x78, 0xFF, 0xC0, 0xE4, 0xFF, 0x58,
    0x00, 0x00, 0x00, 0x00, 0x00, 0x00, 0x00, 0x00, 0x78, 0xFF, 0xC0, 0xE4, 0xFF, 0x58, 0x00, 0x00,
    0x00, 0x00, 0x00, 0x00, 0x00, 0x00, 0x78, 0xFF, 0xC0, 0xE4, 0xFF, 0x58, 0x00, 0x00, 0x00, 0x00,
    0x00, 0x00, 0x00, 0x00, 0x78, 0xFF, 0xC0, 0xE4, 0xFF, 0x58, 0x00, 0x00, 0x00, 0x00, 0x00, 0x00,
    0x00, 0x00, 0x78, 0xFF, 0xC0, 0xE4, 0xFF, 0x58, 0x00, 0x00, 0x00, 0x00, 0x00, 0x00, 0x00, 0x00,
    0x78, 0xFF, 0xC0, 0xD4, 0xFF, 0x68, 0x00, 0x00, 0x00, 0x00, 0x00, 0x00, 0x00, 0x00, 0x89, 0xFF,
    0xB0, 0xAE, 0xFF, 0xA4, 0x00, 0x00, 0x00, 0x00, 0x00, 0x00, 0x00, 0x00, 0xC7, 0xFF, 0x8A, 0x51,
    0xFF, 0xFA, 0x3B, 0x00, 0x00, 0x00, 0x00, 0x00, 0x00, 0x58, 0xFF, 0xFF, 0x2C, 0x02, 0xB5, 0xFF,
    0xF4, 0x70, 0x10, 0x00, 0x00, 0x18, 0x82, 0xFB, 0xFF, 0x92, 0x00, 0x00, 0x0D, 0xAC, 0xFF, 0xFF,
    0xFD, 0xE7, 0xEA, 0xFE, 0xFF, 0xFE, 0x93, 0x03, 0x00, 0x00, 0x00, 0x00, 0x46, 0xA3, 0xDB, 0xF5,
    0xF2, 0xD8, 0x97, 0x36, 0x00, 0x00, 0x00, 0x34, 0xFF, 0xFF, 0x23, 0x00, 0x00, 0x00, 0x00, 0x00,
    0x00, 0x00, 0x00, 0x00, 0x9A, 0xFF, 0xC3, 0x00, 0xD3, 0xFF, 0x80, 0x00, 0x00, 0x00, 0x00, 0x00,
    0x00, 0x00, 0x00, 0x06, 0xEE, 0xFF, 0x64, 0x00, 0x72, 0xFF, 0xDC, 0x00, 0x00, 0x00, 0x00, 0x00,
    0x00, 0x00, 0x00, 0x50, 0xFF, 0xF6, 0x0E, 0x00, 0x16, 0xFB, 0xFF, 0x3B, 0x00, 0x00, 0x00, 0x00,
    0x00, 0x00, 0x00, 0xAB, 0xFF, 0xA4, 0x00, 0x00, 0x00, 0xB1, 0xFF, 0x98, 0x00, 0x00, 0x00, 0x00,
    0x00, 0x00, 0x0E, 0xF7, 0xFF, 0x44, 0x00, 0x00, 0x00, 0x50, 0xFF, 0xEE, 0x07, 0x00, 0x00, 0x00,
    0x00, 0x00, 0x61, 0xFF, 0xE2, 0x02, 0x00, 0x00, 0x00, 0x05, 0xEA, 0xFF, 0x53, 0x00, 0x00, 0x00,
    0x00, 0x00, 0xBD, 0xFF, 0x85, 0x00, 0x00, 0x00, 0x00, 0x00, 0x8F, 0xFF, 0xB1, 0x00, 0x00, 0x00,
    0x00, 0x1A, 0xFD, 0xFF, 0x26, 0x00, 0x00, 0x00, 0x00, 0x00, 0x2E, 0xFF, 0xFA, 0x14, 0x00, 0x00,
    0x00, 0x73, 0xFF, 0xC5, 0x00, 0x00, 0x00, 0x00, 0x00, 0x00, 0x00, 0xCD, 0xFF, 0x6C, 0x00, 0x00,
    0x00, 0xCE, 0xFF, 0x66, 0x00, 0x00, 0x00, 0x00, 0x00, 0x00, 0x00, 0x6D, 0xFF, 0xC9, 0x00, 0x00,
    0x28, 0xFF, 0xF6, 0x0F, 0x00, 0x00, 0x00, 0x00, 0x00, 0x00, 0x00, 0x13, 0xF9, 0xFF, 0x20, 0x00,
    0x82, 0xFF, 0xA6, 0x00, 0x00, 0x00, 0x00, 0x00, 0x00, 0x00, 0x00, 0x00, 0xAB, 0xFF, 0x74, 0x00,
    0xD6, 0xFF, 0x46, 0x00, 0x00, 0x00, 0x00, 0x00, 0x00, 0x00, 0x00, 0x00, 0x4B, 0xFF, 0xC7, 0x26,
    0xFF, 0xE4, 0x02, 0x00, 0x00, 0x00, 0x00, 0x00, 0x00, 0x00, 0x00, 0x00, 0x03, 0xE6, 0xFE, 0x8C,
    0xFF, 0x87, 0x00, 0x00, 0x00, 0x00, 0x00, 0x00, 0x00, 0x00, 0x00, 0x00, 0x00, 0x89, 0xFF, 0xFB,
    0xFF, 0x27, 0x00, 0x00, 0x00, 0x00, 0x00, 0x00, 0x00, 0x00, 0x00, 0x00, 0x00, 0x28, 0xFF, 0xFF,
    0xC7, 0x00, 0x00, 0x00, 0x00, 0x00, 0x00, 0x41, 0xFF, 0xF9, 0x0B, 0x00, 0x00, 0x00, 0x00, 0x00,
    0x00, 0x93, 0xFF, 0xFF, 0x39, 0x00, 0x00, 0x00, 0x00, 0x00, 0x00, 0x62, 0xFF, 0xE6, 0x00, 0x05,
    0xF2, 0xFF, 0x49, 0x00, 0x00, 0x00, 0x00, 0x00, 0x00, 0xD8, 0xFF, 0xFF, 0x7E, 0x00, 0x00, 0x00,
    0x00, 0x00, 0x00, 0xA6, 0xFF, 0x9F, 0x00, 0x00, 0xB1, 0xFF, 0x8D, 0x00, 0x00, 0x00, 0x00, 0x00,
    0x1D, 0xFF, 0xF7, 0xFF, 0xC3, 0x00, 0x00, 0x00, 0x00, 0x00, 0x01, 0xE8, 0xFF, 0x57, 0x00, 0x00,
    0x69, 0xFF, 0xD1, 0x00, 0x00, 0x00, 0x00, 0x00, 0x63, 0xFF, 0xA5, 0xF9, 0xFA, 0x0C, 0x00, 0x00,
    0x00, 0x00, 0x2E, 0xFF, 0xFD, 0x12, 0x00, 0x00, 0x21, 0xFF, 0xFE, 0x16, 0x00, 0x00, 0x00, 0x00,
    0xA8, 0xFF, 0x68, 0xCA, 0xFF, 0x4C, 0x00, 0x00, 0x00, 0x00, 0x72, 0xFF, 0xC7, 0x00, 0x00, 0x00,
    0x00, 0xDA, 0xFF, 0x58, 0x00, 0x00, 0x00, 0x01, 0xEB, 0xFF, 0x29, 0x8B, 0xFF, 0x90, 0x00, 0x00,
    0x00, 0x00, 0xB5, 0xFF, 0x7F, 0x00, 0x00, 0x00, 0x00, 0x92, 0xFF, 0x9C, 0x00, 0x00, 0x00, 0x33,
    0xFF, 0xE6, 0x00, 0x47, 0xFF, 0xD5, 0x00, 0x00, 0x00, 0x05, 0xF3, 0xFF, 0x37, 0x00, 0x00, 0x00,
    0x00, 0x4A, 0xFF, 0xE0, 0x00, 0x00, 0x00, 0x78, 0xFF, 0x9F, 0x00, 0x08, 0xF6, 0xFF, 0x1A, 0x00,
    0x00, 0x3D, 0xFF, 0xEC, 0x02, 0x00, 0x00, 0x00, 0x00, 0x0A, 0xF8, 0xFF, 0x24, 0x00, 0x00, 0xBE,
    0xFF, 0x58, 0x00, 0x00, 0xB8, 0xFF, 0x5E, 0x00, 0x00, 0x81, 0xFF, 0xA7, 0x00, 0x00, 0x00, 0x00,
    0x00, 0x00, 0xBB, 0xFF, 0x68, 0x00, 0x0A, 0xF8, 0xFD, 0x13, 0x00, 0x00, 0x70, 0xFF, 0xA3, 0x00,
    0x00, 0xC5, 0xFF, 0x5F, 0x00, 0x00, 0x00, 0x00, 0x00, 0x00, 0x73, 0xFF, 0xAB, 0x00, 0x47, 0xFF,
    0xC9, 0x00, 0x00, 0x00, 0x28, 0xFF, 0xE6, 0x00, 0x0C, 0xFB, 0xFE, 0x18, 0x00, 0x00, 0x00, 0x00,
    0x00, 0x00, 0x2B, 0xFF, 0xE8, 0x00, 0x89, 0xFF, 0x81, 0x00, 0x00, 0x00, 0x00, 0xDF, 0xFF, 0x24,
    0x48, 0xFF, 0xCF, 0x00, 0x00, 0x00, 0x00, 0x00, 0x00, 0x00, 0x00, 0xE3, 0xFF, 0x25, 0xC9, 0xFF,
    0x39, 0x00, 0x00, 0x00, 0x00, 0x98, 0xFF, 0x60, 0x86, 0xFF, 0x87, 0x00, 0x00, 0x00, 0x00, 0x00,
    0x00, 0x00, 0x00, 0x9C, 0xFF, 0x64, 0xF9, 0xEE, 0x03, 0x00, 0x00, 0x00, 0x00, 0x50, 0xFF, 0x9D,
    0xBF, 0xFF, 0x3F, 0x00, 0x00, 0x00, 0x00, 0x00, 0x00, 0x00, 0x00, 0x54, 0xFF, 0xCB, 0xFF, 0xAA,
    0x00, 0x00, 0x00, 0x00, 0x00, 0x0D, 0xFA, 0xDC, 0xF2, 0xF2, 0x05, 0x00, 0x00, 0x00, 0x00, 0x00,
    0x00, 0x00, 0x00, 0x0F, 0xFB, 0xFF, 0xFF, 0x63, 0x00, 0x00, 0x00, 0x00, 0x00, 0x00, 0xC0, 0xFF,
    0xFF, 0xAF, 0x00, 0x00, 0x00, 0x00, 0x00, 0x00, 0x00, 0x00, 0x00, 0x00, 0xC4, 0xFF, 0xFF, 0x1C,
    0x00, 0x00, 0x00, 0x00, 0x00, 0x00, 0x78, 0xFF, 0xFF, 0x67, 0x00, 0x00, 0x00, 0x00, 0x00, 0x00,
    0x97, 0xFF, 0xE7, 0x14, 0x00, 0x00, 0x00, 0x00, 0x00, 0x00, 0x00, 0x7F, 0xFF, 0xEB, 0x19, 0x00,
    0x0A, 0xD9, 0xFF, 0xAC, 0x00, 0x00, 0x00, 0x00, 0x00, 0x00, 0x36, 0xFB, 0xFF, 0x50, 0x00, 0x00,
    0x00, 0x35, 0xFB, 0xFF, 0x5D, 0x00, 0x00, 0x00, 0x00, 0x0B, 0xDA, 0xFF, 0x99, 0x00, 0x00, 0x00,
    0x00, 0x00, 0x7D, 0xFF, 0xF0, 0x1D, 0x00, 0x00, 0x00, 0x9A, 0xFF, 0xD9, 0x0B, 0x00, 0x00, 0x00,
    0x00, 0x00, 0x03, 0xC6, 0xFF, 0xB9, 0x00, 0x00, 0x4C, 0xFF, 0xFA, 0x33, 0x00, 0x00, 0x00, 0x00,
    0x00, 0x00, 0x00, 0x23, 0xF3, 0xFF, 0x5E, 0x0D, 0xE5, 0xFF, 0x78, 0x00, 0x00, 0x00, 0x00, 0x00,
    0x00, 0x00, 0x00, 0x00, 0x64, 0xFF, 0xE7, 0x91, 0xFF, 0xC0, 0x02, 0x00, 0x00, 0x00, 0x00, 0x00,
    0x00, 0x00, 0x00, 0x00, 0x00, 0xB0, 0xFF, 0xFF, 0xEF, 0x1E, 0x00, 0x00, 0x00, 0x00, 0x00, 0x00,
    0x00, 0x00, 0x00, 0x00, 0x00, 0x45, 0xFF, 0xFF, 0xB6, 0x00, 0x00, 0x00, 0x00, 0x00, 0x00, 0x00,
    0x00, 0x00, 0x00, 0x00, 0x0B, 0xD9, 0xFF, 0xF6, 0xFF, 0x5D, 0x00, 0x00, 0x00, 0x00, 0x00, 0x00,
    0x00, 0x00, 0x00, 0x00, 0x9E, 0xFF, 0xBF, 0x62, 0xFF, 0xF2, 0x21, 0x00, 0x00, 0x00, 0x00, 0x00,
    0x00, 0x00, 0x00, 0x58, 0xFF, 0xF7, 0x2A, 0x01, 0xC2, 0xFF, 0xC6, 0x03, 0x00, 0x00, 0x00, 0x00,
    0x00, 0x00, 0x20, 0xF0, 0xFF, 0x6F, 0x00, 0x00, 0x21, 0xF2, 0xFF, 0x80, 0x00, 0x00, 0x00, 0x00,
    0x00, 0x04, 0xC6, 0xFF, 0xB7, 0x01, 0x00, 0x00, 0x00, 0x5D, 0xFF, 0xFC, 0x39, 0x00, 0x00, 0x00,
    0x00, 0x84, 0xFF, 0xE9, 0x17, 0x00, 0x00, 0x00, 0x00, 0x00, 0xA6, 0xFF, 0xDE, 0x0D, 0x00, 0x00,
    0x40, 0xFD, 0xFE, 0x49, 0x00, 0x00, 0x00, 0x00, 0x00, 0x00, 0x0F, 0xDF, 0xFF, 0xA2, 0x00, 0x12,
    0xE4, 0xFF, 0x90, 0x00, 0x00, 0x00, 0x00, 0x00, 0x00, 0x00, 0x00, 0x3B, 0xFC, 0xFF, 0x58, 0x1F,
    0xF4, 0xFF, 0x7F, 0x00, 0x00, 0x00, 0x00, 0x00, 0x00, 0x00, 0x00, 0x36, 0xFD, 0xFF, 0x5E, 0x00,
    0x70, 0xFF, 0xF8, 0x26, 0x00, 0x00, 0x00, 0x00, 0x00, 0x00, 0x03, 0xCF, 0xFF, 0xBB, 0x00, 0x00,
    0x02, 0xCA, 0xFF, 0xBE, 0x00, 0x00, 0x00, 0x00, 0x00, 0x00, 0x72, 0xFF, 0xF6, 0x22, 0x00, 0x00,
    0x00, 0x2E, 0xFB, 0xFF, 0x5F, 0x00, 0x00, 0x00, 0x00, 0x1D, 0xF3, 0xFF, 0x75, 0x00, 0x00, 0x00,
    0x00, 0x00, 0x87, 0xFF, 0xEB, 0x13, 0x00, 0x00, 0x00, 0xB0, 0xFF, 0xCE, 0x04, 0x00, 0x00, 0x00,
    0x00, 0x00, 0x08, 0xDB, 0xFF, 0x9E, 0x00, 0x00, 0x4E, 0xFF, 0xFC, 0x33, 0x00, 0x00, 0x00, 0x00,
    0x00, 0x00, 0x00, 0x42, 0xFF, 0xFE, 0x39, 0x09, 0xDF, 0xFF, 0x8C, 0x00, 0x00, 0x00, 0x00, 0x00,
    0x00, 0x00, 0x00, 0x00, 0x9F, 0xFF, 0xC1, 0x6F, 0xFF, 0xDF, 0x0A, 0x00, 0x00, 0x00, 0x00, 0x00,
    0x00, 0x00, 0x00, 0x00, 0x12, 0xE9, 0xFF, 0xF2, 0xFF, 0x48, 0x00, 0x00, 0x00, 0x00, 0x00, 0x00,
    0x00, 0x00, 0x00, 0x00, 0x00, 0x59, 0xFF, 0xFF, 0xA4, 0x00, 0x00, 0x00, 0x00, 0x00, 0x00, 0x00,
    0x00, 0x00, 0x00, 0x00, 0x00, 0x00, 0xF8, 0xFF, 0x44, 0x00, 0x00, 0x00, 0x00, 0x00, 0x00, 0x00,
    0x00, 0x00, 0x00, 0x00, 0x00, 0x00, 0xF8, 0xFF, 0x44, 0x00, 0x00, 0x00, 0x00, 0x00, 0x00, 0x00,
    0x00, 0x00, 0x00, 0x00, 0x00, 0x00, 0xF8, 0xFF, 0x44, 0x00, 0x00, 0x00, 0x00, 0x00, 0x00, 0x00,
    0x00, 0x00, 0x00, 0x00, 0x00, 0x00, 0xF8, 0xFF, 0x44, 0x00, 0x00, 0x00, 0x00, 0x00, 0x00, 0x00,
    0x00, 0x00, 0x00, 0x00, 0x00, 0x00, 0xF8, 0xFF, 0x44, 0x00, 0x00, 0x00, 0x00, 0x00, 0x00, 0x00,
    0x00, 0x00, 0x00, 0x00, 0x00, 0x00, 0xF8, 0xFF, 0x44, 0x00, 0x00, 0x00, 0x00, 0x00, 0x00, 0x00,
    0x00, 0x00, 0x00, 0x00, 0x00, 0x00, 0xF8, 0xFF, 0x44, 0x00, 0x00, 0x00, 0x00, 0x00, 0x00, 0x90,
    0xFF, 0xFF, 0xFF, 0xFF, 0xFF, 0xFF, 0xFF, 0xFF, 0xFF, 0xFF, 0xFF, 0x94, 0x7B, 0xDC, 0xDC, 0xDC,
    0xDC, 0xDC, 0xDC, 0xDC, 0xDC, 0xDC, 0xFF, 0xFF, 0x80, 0x00, 0x00, 0x00, 0x00, 0x00, 0x00, 0x00,
    0x00, 0x00, 0x70, 0xFF, 0xDC, 0x0C, 0x00, 0x00, 0x00, 0x00, 0x00, 0x00, 0x00, 0x00, 0x34, 0xFA,
    0xFD, 0x3B, 0x00, 0x00, 0x00, 0x00, 0x00, 0x00, 0x00, 0x00, 0x0A, 0xDA, 0xFF, 0x87, 0x00, 0x00,
    0x00, 0x00, 0x00, 0x00, 0x00, 0x00, 0x00, 0x96, 0xFF, 0xD0, 0x06, 0x00, 0x00, 0x00, 0x00, 0x00,
    0x00, 0x00, 0x00, 0x47, 0xFF, 0xF8, 0x2D, 0x00, 0x00, 0x00, 0x00, 0x00, 0x00, 0x00, 0x00, 0x11,
    0xE5, 0xFF, 0x75, 0x00, 0x00, 0x00, 0x00, 0x00, 0x00, 0x00, 0x00, 0x00, 0xA7, 0xFF, 0xC2, 0x02,
    0x00, 0x00, 0x00, 0x00, 0x00, 0x00, 0x00, 0x00, 0x56, 0xFF, 0xF2, 0x21, 0x00, 0x00, 0x00, 0x00,
    0x00, 0x00, 0x00, 0x00, 0x19, 0xED, 0xFF, 0x63, 0x00, 0x00, 0x00, 0x00, 0x00, 0x00, 0x00, 0x00,
    0x00, 0xB6, 0xFF, 0xB2, 0x00, 0x00, 0x00, 0x00, 0x00, 0x00, 0x00, 0x00, 0x00, 0x68, 0xFF, 0xEA,
    0x17, 0x00, 0x00, 0x00, 0x00, 0x00, 0x00, 0x00, 0x00, 0x23, 0xF4, 0xFF, 0x4B, 0x00, 0x00, 0x00,
    0x00, 0x00, 0x00, 0x00, 0x00, 0x02, 0xC4, 0xFF, 0x89, 0x00, 0x00, 0x00, 0x00, 0x00, 0x00, 0x00,
    0x00, 0x00, 0x62, 0xFF, 0xFF, 0xDF, 0xDC, 0xDC, 0xDC, 0xDC, 0xDC, 0xDC, 0xDC, 0xDC, 0x93, 0x78,
    0xFF, 0xFF, 0xFF, 0xFF, 0xFF, 0xFF, 0xFF, 0xFF, 0xFF, 0xFF, 0xFF, 0xAC, 0x58, 0xFF, 0xFF, 0xFF,
    0xFF, 0x50, 0x58, 0xFF, 0xF4, 0xDC, 0xDC, 0x44, 0x58, 0xFF, 0xAC, 0x00, 0x00, 0x00, 0x58, 0xFF,
    0xAC, 0x00, 0x00, 0x00, 0x58, 0xFF, 0xAC, 0x00, 0x00, 0x00, 0x58, 0xFF, 0xAC, 0x00, 0x00, 0x00,
    0x58, 0xFF, 0xAC, 0x00, 0x00, 0x00, 0x58, 0xFF, 0xAC, 0x00, 0x00, 0x00, 0x58, 0xFF, 0xAC, 0x00,
    0x00, 0x00, 0x58, 0xFF, 0xAC, 0x00, 0x00, 0x00, 0x58, 0xFF, 0xAC, 0x00, 0x00, 0x00, 0x58, 0xFF,
    0xAC, 0x00, 0x00, 0x00, 0x58, 0xFF, 0xAC, 0x00, 0x00, 0x00, 0x58, 0xFF, 0xAC, 0x00, 0x00, 0x00,
    0x58, 0xFF, 0xAC, 0x00, 0x00, 0x00, 0x58, 0xFF, 0xAC, 0x00, 0x00, 0x00, 0x58, 0xFF, 0xAC, 0x00,
    0x00, 0x00, 0x58, 0xFF, 0xAC, 0x00, 0x00, 0x00, 0x58, 0xFF, 0xAC, 0x00, 0x00, 0x00, 0x58, 0xFF,
    0xF4, 0xDC, 0xDC, 0x44, 0x58, 0xFF, 0xFF, 0xFF, 0xFF, 0x50, 0x31, 0x80, 0x46, 0x00, 0x00, 0x00,
    0x00, 0x00, 0x00, 0x2E, 0xFF, 0xC2, 0x00, 0x00, 0x00, 0x00, 0x00, 0x00, 0x00, 0xE6, 0xFA, 0x0D,
    0x00, 0x00, 0x00, 0x00, 0x00, 0x00, 0xA2, 0xFF, 0x4E, 0x00, 0x00, 0x00, 0x00, 0x00, 0x00, 0x5B,
    0xFF, 0x94, 0x00, 0x00, 0x00, 0x00, 0x00, 0x00, 0x16, 0xFE, 0xDB, 0x00, 0x00, 0x00, 0x00, 0x00,
    0x00, 0x00, 0xCF, 0xFF, 0x21, 0x00, 0x00, 0x00, 0x00, 0x00, 0x00, 0x89, 0xFF, 0x67, 0x00, 0x00,
    0x00, 0x00, 0x00, 0x00, 0x42, 0xFF, 0xAD, 0x00, 0x00, 0x00, 0x00, 0x00, 0x00, 0x06, 0xF5, 0xF0,
    0x03, 0x00, 0x00, 0x00, 0x00, 0x00, 0x00, 0xB6, 0xFF, 0x3A, 0x00, 0x00, 0x00, 0x00, 0x00, 0x00,
    0x70, 0xFF, 0x80, 0x00, 0x00, 0x00, 0x00, 0x00, 0x00, 0x29, 0xFF, 0xC6, 0x00, 0x00, 0x00, 0x00,
    0x00, 0x00, 0x00, 0xE2, 0xFC, 0x10, 0x00, 0x00, 0x00, 0x00, 0x00, 0x00, 0x9D, 0xFF, 0x53, 0x00,
    0x00, 0x00, 0x00, 0x00, 0x00, 0x57, 0xFF, 0x99, 0x00, 0x00, 0x00, 0x00, 0x00, 0x00, 0x12, 0xFD,
    0xDF, 0x00, 0x00, 0x00, 0x00, 0x00, 0x00, 0x00, 0xCA, 0xFF, 0x26, 0x00, 0x00, 0x00, 0x00, 0x00,
    0x00, 0x84, 0xFF, 0x6C, 0x00, 0x00, 0x00, 0x00, 0x00, 0x00, 0x3E, 0xFF, 0xB2, 0x00, 0x00, 0x00,
    0x00, 0x00, 0x00, 0x05, 0xF2, 0xF3, 0x05, 0x90, 0xFF, 0xFF, 0xFF, 0xFF, 0x1C, 0x7B, 0xDC, 0xDC,
    0xFC, 0xFF, 0x1C, 0x00, 0x00, 0x00, 0xE8, 0xFF, 0x1C, 0x00, 0x00, 0x00, 0xE8, 0xFF, 0x1C, 0x00,
    0x00, 0x00, 0xE8, 0xFF, 0x1C, 0x00, 0x00, 0x00, 0xE8, 0xFF, 0x1C, 0x00, 0x00, 0x00, 0xE8, 0xFF,
    0x1C, 0x00, 0x00, 0x00, 0xE8, 0xFF, 0x1C, 0x00, 0x00, 0x00, 0xE8, 0xFF, 0x1C, 0x00, 0x00, 0x00,
    0xE8, 0xFF, 0x1C, 0x00, 0x00, 0x00, 0xE8, 0xFF, 0x1C, 0x00, 0x00, 0x00, 0xE8, 0xFF, 0x1C, 0x00,
    0x00, 0x00, 0xE8, 0xFF, 0x1C, 0x00, 0x00, 0x00, 0xE8, 0xFF, 0x1C, 0x00, 0x00, 0x00, 0xE8, 0xFF,
    0x1C, 0x00, 0x00, 0x00, 0xE8, 0xFF, 0x1C, 0x00, 0x00, 0x00, 0xE8, 0xFF, 0x1C, 0x00, 0x00, 0x00,
    0xE8, 0xFF, 0x1C, 0x00, 0x00, 0x00, 0xE8, 0xFF, 0x1C, 0x7B, 0xDC, 0xDC, 0xFC, 0xFF, 0x1C, 0x90,
    0xFF, 0xFF, 0xFF, 0xFF, 0x1C, 0x00, 0x00, 0x00, 0x00, 0xC4, 0xFF, 0xF8, 0x1B, 0x00, 0x00, 0x00,
    0x00, 0x00, 0x00, 0x45, 0xFF, 0xEF, 0xFF, 0x94, 0x00, 0x00, 0x00, 0x00, 0x00, 0x00, 0xC5, 0xFF,
    0x3F, 0xE2, 0xF8, 0x1C, 0x00, 0x00, 0x00, 0x00, 0x46, 0xFF, 0xBE, 0x00, 0x6C, 0xFF, 0x95, 0x00,
    0x00, 0x00, 0x00, 0xC6, 0xFF, 0x43, 0x00, 0x08, 0xE7, 0xF9, 0x1C, 0x00, 0x00, 0x47, 0xFF, 0xC8,
    0x00, 0x00, 0x00, 0x73, 0xFF, 0x96, 0x00, 0x00, 0xC7, 0xFF, 0x4D, 0x00, 0x00, 0x00, 0x0B, 0xEB,
    0xF9, 0x1E, 0xDC, 0xDC, 0xDC, 0xDC, 0xDC, 0xDC, 0xDC, 0xDC, 0xDC, 0xDC, 0xD1, 0xFF, 0xFF, 0xFF,
    0xFF, 0xFF, 0xFF, 0xFF, 0xFF, 0xFF, 0xFF, 0xF4, 0x09, 0xD3, 0xFF, 0x61, 0x00, 0x00, 0x28, 0xF4,
    0xE4, 0x09, 0x00, 0x00, 0x5C, 0xFF, 0x79, 0x00, 0x00, 0x37, 0xA4, 0xE1, 0xFA, 0xEA, 0xC1, 0x5F,
    0x01, 0x00, 0x00, 0x75, 0xFE, 0xFF, 0xFD, 0xE6, 0xF4, 0xFF, 0xFF, 0x9D, 0x00, 0x3B, 0xFF, 0xFF,
    0x91, 0x12, 0x00, 0x00, 0x54, 0xFB, 0xFF, 0x3C, 0x1B, 0x71, 0x7B, 0x00, 0x00, 0x00, 0x00, 0x00,
    0xA3, 0xFF, 0x85, 0x00, 0x00, 0x00, 0x00, 0x00, 0x00, 0x00, 0x00, 0x8F, 0xFF, 0x9C, 0x00, 0x00,
    0x01, 0x34, 0x63, 0x8A, 0xA7, 0xCC, 0xFE, 0xFF, 0xA0, 0x01, 0x77, 0xE3, 0xFF, 0xFF, 0xFF, 0xFE,
    0xDB, 0xD1, 0xFF, 0xA0, 0x7C, 0xFF, 0xFC, 0x9A, 0x52, 0x27, 0x08, 0x00, 0x7C, 0xFF, 0xA0, 0xDB,
    0xFF, 0x60, 0x00, 0x00, 0x00, 0x00, 0x00, 0x88, 0xFF, 0xA0, 0xE4, 0xFF, 0x3E, 0x00, 0x00, 0x00,
    0x00, 0x08, 0xDA, 0xFF, 0xA0, 0xAE, 0xFF, 0xC0, 0x1F, 0x00, 0x00, 0x28, 0xBB, 0xFE, 0xFF, 0xA0,
    0x2A, 0xEF, 0xFF, 0xFE, 0xE7, 0xEA, 0xFF, 0xE7, 0x90, 0xFF, 0xA0, 0x00, 0x21, 0x9F, 0xE4, 0xFA,
    0xE8, 0xA0, 0x1C, 0x74, 0xFF, 0xA0, 0x24, 0xFF, 0xF8, 0x00, 0x00, 0x00, 0x00, 0x00, 0x00, 0x00,
    0x00, 0x00, 0x00, 0x24, 0xFF, 0xF8, 0x00, 0x00, 0x00, 0x00, 0x00, 0x00, 0x00, 0x00, 0x00, 0x00,
    0x24, 0xFF, 0xF8, 0x00, 0x00, 0x00, 0x00, 0x00, 0x00, 0x00, 0x00, 0x00, 0x00, 0x24, 0xFF, 0xF8,
    0x00, 0x00, 0x00, 0x00, 0x00, 0x00, 0x00, 0x00, 0x00, 0x00, 0x24, 0xFF, 0xF8, 0x00, 0x49, 0xC7,
    0xF5, 0xEC, 0xC0, 0x55, 0x00, 0x00, 0x00, 0x24, 0xFF, 0xF8, 0x4B, 0xFD, 0xFA, 0xE3, 0xF8, 0xFF,
    0xFF, 0x9C, 0x01, 0x00, 0x24, 0xFF, 0xFD, 0xEA, 0x8B, 0x0D, 0x00, 0x04, 0x66, 0xF9, 0xFF, 0x6A,
    0x00, 0x24, 0xFF, 0xFF, 0xB2, 0x00, 0x00, 0x00, 0x00, 0x00, 0x6D, 0xFF, 0xE9, 0x03, 0x24, 0xFF,
    0xFF, 0x3E, 0x00, 0x00, 0x00, 0x00, 0x00, 0x06, 0xF3, 0xFF, 0x3E, 0x24, 0xFF, 0xFF, 0x0E, 0x00,
    0x00, 0x00, 0x00, 0x00, 0x00, 0xC1, 0xFF, 0x63, 0x24, 0xFF, 0xF7, 0x00, 0x00, 0x00, 0x00, 0x00,
    0x00, 0x00, 0xB1, 0xFF, 0x75, 0x24, 0xFF, 0xFF, 0x11, 0x00, 0x00, 0x00, 0x00, 0x00, 0x00, 0xC5,
    0xFF, 0x63, 0x24, 0xFF, 0xFF, 0x45, 0x00, 0x00, 0x00, 0x00, 0x00, 0x0A, 0xF7, 0xFF, 0x3E, 0x24,
    0xFF, 0xFF, 0xBB, 0x00, 0x00, 0x00, 0x00, 0x00, 0x77, 0xFF, 0xEA, 0x03, 0x24, 0xFF, 0xF8, 0xF0,
    0x92, 0x0F, 0x00, 0x05, 0x6C, 0xFB, 0xFF, 0x6C, 0x00, 0x24, 0xFF, 0xE4, 0x52, 0xFE, 0xFA, 0xE2,
    0xF8, 0xFF, 0xFF, 0x9E, 0x01, 0x00, 0x24, 0xFF, 0xE4, 0x00, 0x4A, 0xC7, 0xF5, 0xED, 0xC1, 0x58,
    0x00, 0x00, 0x00, 0x00, 0x00, 0x02, 0x5E, 0xC1, 0xEA, 0xF4, 0xD3, 0x85, 0x17, 0x00, 0x00, 0x00,
    0x0C, 0xB7, 0xFF, 0xFF, 0xF3, 0xE8, 0xFF, 0xFF, 0xEB, 0x36, 0x00, 0x00, 0xA0, 0xFF, 0xE6, 0x46,
    0x00, 0x00, 0x1C, 0xAD, 0xFF, 0xEA, 0x0C, 0x2D, 0xFF, 0xFC, 0x30, 0x00, 0x00, 0x00, 0x00, 0x03,
    0xCA, 0xC7, 0x38, 0x84, 0xFF, 0xB1, 0x00, 0x00, 0x00, 0x00, 0x00, 0x00, 0x01, 0x00, 0x00, 0xAE,
    0xFF, 0x74, 0x00, 0x00, 0x00, 0x00, 0x00, 0x00, 0x00, 0x00, 0x00, 0xC1, 0xFF, 0x61, 0x00, 0x00,
    0x00, 0x00, 0x00, 0x00, 0x00, 0x00, 0x00, 0xAE, 0xFF, 0x73, 0x00, 0x00, 0x00, 0x00, 0x00, 0x00,
    0x00, 0x00, 0x00, 0x85, 0xFF, 0xB0, 0x00, 0x00, 0x00, 0x00, 0x00, 0x00, 0x0A, 0x00, 0x00, 0x2E,
    0xFF, 0xFC, 0x2E, 0x00, 0x00, 0x00, 0x00, 0x02, 0xC8, 0xE2, 0x47, 0x00, 0xA2, 0xFF, 0xE4, 0x44,
    0x00, 0x00, 0x19, 0xA7, 0xFF, 0xED, 0x0E, 0x00, 0x0D, 0xB8, 0xFF, 0xFF, 0xF3, 0xE7, 0xFE, 0xFF,
    0xED, 0x37, 0x00, 0x00, 0x00, 0x02, 0x5E, 0xC1, 0xEB, 0xF4, 0xD3, 0x88, 0x19, 0x00, 0x00, 0x00,
    0x00, 0x00, 0x00, 0x00, 0x00, 0x00, 0x00, 0x00, 0x44, 0xFF, 0xD8, 0x00, 0x00, 0x00, 0x00, 0x00,
    0x00, 0x00, 0x00, 0x00, 0x44, 0xFF, 0xD8, 0x00, 0x00, 0x00, 0x00, 0x00, 0x00, 0x00, 0x00, 0x00,
    0x44, 0xFF, 0xD8, 0x00, 0x00, 0x00, 0x00, 0x00, 0x00, 0x00, 0x00, 0x00, 0x44, 0xFF, 0xD8, 0x00,
    0x00, 0x0C, 0x78, 0xD3, 0xF5, 0xED, 0xAA, 0x1F, 0x44, 0xFF, 0xD8, 0x00, 0x19, 0xD1, 0xFF, 0xFF,
    0xF0, 0xE6, 0xFF, 0xE3, 0x59, 0xFF, 0xD8, 0x00, 0xB9, 0xFF, 0xDD, 0x3B, 0x00, 0x00, 0x24, 0xC1,
    0xE7, 0xFF, 0xD8, 0x3C, 0xFF, 0xF9, 0x25, 0x00, 0x00, 0x00, 0x00, 0x0F, 0xEF, 0xFF, 0xD8, 0x8C,
    0xFF, 0xA9, 0x00, 0x00, 0x00, 0x00, 0x00, 0x00, 0x8A, 0xFF, 0xD8, 0xB1, 0xFF, 0x71, 0x00, 0x00,
    0x00, 0x00, 0x00, 0x00, 0x5B, 0xFF, 0xD8, 0xC2, 0xFF, 0x61, 0x00, 0x00, 0x00, 0x00, 0x00, 0x00,
    0x44, 0xFF, 0xD8, 0xB0, 0xFF, 0x74, 0x00, 0x00, 0x00, 0x00, 0x00, 0x00, 0x5E, 0xFF, 0xD8, 0x8B,
    0xFF, 0xB1, 0x00, 0x00, 0x00, 0x00, 0x00, 0x00, 0x92, 0xFF, 0xD8, 0x3A, 0xFF, 0xFC, 0x2C, 0x00,
    0x00, 0x00, 0x00, 0x13, 0xF3, 0xFF, 0xD8, 0x00, 0xB8, 0xFF, 0xE2, 0x3F, 0x00, 0x00, 0x27, 0xC7,
    0xE7, 0xFF, 0xD8, 0x00, 0x1A, 0xD3, 0xFF, 0xFF, 0xF0, 0xE6, 0xFF, 0xE7, 0x4A, 0xFF, 0xD8, 0x00,
    0x00, 0x0D, 0x7B, 0xD4, 0xF5, 0xEE, 0xAA, 0x21, 0x30, 0xFF, 0xD8, 0x00, 0x00, 0x03, 0x60, 0xC3,
    0xEC, 0xF7, 0xD4, 0x85, 0x14, 0x00, 0x00, 0x00, 0x0D, 0xB8, 0xFF, 0xFF, 0xEE, 0xEC, 0xFF, 0xFF,
    0xE7, 0x2E, 0x00, 0x00, 0xA2, 0xFF, 0xCC, 0x34, 0x00, 0x00, 0x21, 0xB8, 0xFF, 0xDF, 0x07, 0x2E,
    0xFF, 0xE3, 0x10, 0x00, 0x00, 0x00, 0x00, 0x09, 0xDA, 0xFF, 0x61, 0x84, 0xFF, 0x7F, 0x00, 0x00,
    0x00, 0x00, 0x00, 0x00, 0x7E, 0xFF, 0xA8, 0xAE, 0xFF, 0xE9, 0xDC, 0xDC, 0xDC, 0xDC, 0xDC, 0xDC,
    0xE8, 0xFF, 0xC6, 0xC1, 0xFF, 0xFF, 0xFF, 0xFF, 0xFF, 0xFF, 0xFF, 0xFF, 0xFF, 0xFF, 0xD3, 0xB0,
    0xFF, 0x69, 0x00, 0x00, 0x00, 0x00, 0x00, 0x00, 0x00, 0x00, 0x00, 0x88, 0xFF, 0x9E, 0x00, 0x00,
    0x00, 0x00, 0x00, 0x00, 0x00, 0x00, 0x00, 0x33, 0xFF, 0xF6, 0x22, 0x00, 0x00, 0x00, 0x00, 0x00,
    0x82, 0x91, 0x32, 0x00, 0xA6, 0xFF, 0xDF, 0x46, 0x02, 0x00, 0x0C, 0x7D, 0xFE, 0xFF, 0x35, 0x00,
    0x0E, 0xB8, 0xFF, 0xFF, 0xF2, 0xE2, 0xFA, 0xFF, 0xFE, 0x6D, 0x00, 0x00, 0x00, 0x02, 0x5B, 0xBC,
    0xE7, 0xF8, 0xDD, 0xA4, 0x34, 0x00, 0x00, 0x00, 0x00, 0x00, 0x00, 0x13, 0x5D, 0x7B, 0x6A, 0x1F,
    0x00, 0x00, 0x00, 0x50, 0xF2, 0xFF, 0xFF, 0xFF, 0x48, 0x00, 0x00, 0x09, 0xF0, 0xFF, 0xB9, 0x66,
    0x70, 0x04, 0x00, 0x00, 0x2B, 0xFF, 0xFA, 0x08, 0x00, 0x00, 0x00, 0x00, 0x00, 0x30, 0xFF, 0xEC,
    0x00, 0x00, 0x00, 0x00, 0xC4, 0xFF, 0xFF, 0xFF, 0xFF, 0xFF, 0xFF, 0xF4, 0x00, 0xA8, 0xDC, 0xE2,
    0xFF, 0xFD, 0xDC, 0xDC, 0xD1, 0x00, 0x00, 0x00, 0x30, 0xFF, 0xEC, 0x00, 0x00, 0x00, 0x00, 0x00,
    0x00, 0x30, 0xFF, 0xEC, 0x00, 0x00, 0x00, 0x00, 0x00, 0x00, 0x30, 0xFF, 0xEC, 0x00, 0x00, 0x00,
    0x00, 0x00, 0x00, 0x30, 0xFF, 0xEC, 0x00, 0x00, 0x00, 0x00, 0x00, 0x00, 0x30, 0xFF, 0xEC, 0x00,
    0x00, 0x00, 0x00, 0x00, 0x00, 0x30, 0xFF, 0xEC, 0x00, 0x00, 0x00, 0x00, 0x00, 0x00, 0x30, 0xFF,
    0xEC, 0x00, 0x00, 0x00, 0x00, 0x00, 0x00, 0x30, 0xFF, 0xEC, 0x00, 0x00, 0x00, 0x00, 0x00, 0x00,
    0x30, 0xFF, 0xEC, 0x00, 0x00, 0x00, 0x00, 0x00, 0x00, 0x30, 0xFF, 0xEC, 0x00, 0x00, 0x00, 0x00,
    0x00, 0x00, 0x30, 0xFF, 0xEC, 0x00, 0x00, 0x00, 0x00, 0x00, 0x00, 0x08, 0x71, 0xD0, 0xF4, 0xEF,
    0xAE, 0x25, 0x30, 0xFF, 0xE0, 0x00, 0x12, 0xC7, 0xFF, 0xFF, 0xF1, 0xE6, 0xFF, 0xEB, 0x4F, 0xFF,
    0xE0, 0x00, 0xA9, 0xFF, 0xE4, 0x42, 0x00, 0x00, 0x24, 0xC5, 0xEB, 0xFF, 0xE0, 0x2F, 0xFF, 0xFD,
    0x30, 0x00, 0x00, 0x00, 0x00, 0x12, 0xF2, 0xFF, 0xE0, 0x83, 0xFF, 0xB3, 0x00, 0x00, 0x00, 0x00,
    0x00, 0x00, 0x8F, 0xFF, 0xE0, 0xAD, 0xFF, 0x75, 0x00, 0x00, 0x00, 0x00, 0x00, 0x00, 0x5B, 0xFF,
    0xE0, 0xC1, 0xFF, 0x62, 0x00, 0x00, 0x00, 0x00, 0x00, 0x00, 0x40, 0xFF, 0xE0, 0xB3, 0xFF, 0x7A,
    0x00, 0x00, 0x00, 0x00, 0x00, 0x00, 0x56, 0xFF, 0xE0, 0x93, 0xFF, 0xAB, 0x00, 0x00, 0x00, 0x00,
    0x00, 0x00, 0x81, 0xFF, 0xE0, 0x44, 0xFF, 0xFC, 0x25, 0x00, 0x00, 0x00, 0x00, 0x0A, 0xEA, 0xFF,
    0xE0, 0x02, 0xC5, 0xFF, 0xD6, 0x34, 0x00, 0x00, 0x1F, 0xB9, 0xF5, 0xFF, 0xE0, 0x00, 0x20, 0xDA,
    0xFF, 0xFF, 0xEB, 0xE5, 0xFE, 0xF1, 0x61, 0xFF, 0xE0, 0x00, 0x00, 0x10, 0x81, 0xD6, 0xF6, 0xEF,
    0xB3, 0x2C, 0x3C, 0xFF, 0xE0, 0x00, 0x00, 0x00, 0x00, 0x00, 0x00, 0x00, 0x00, 0x00, 0x42, 0xFF,
    0xD6, 0x00, 0x0F, 0x53, 0x00, 0x00, 0x00, 0x00, 0x00, 0x00, 0x81, 0xFF, 0xB3, 0x0C, 0xE3, 0xFF,
    0x96, 0x1A, 0x00, 0x00, 0x0D, 0x72, 0xF8, 0xFF, 0x52, 0x00, 0x53, 0xF4, 0xFF, 0xFF, 0xE7, 0xE6,
    0xFE, 0xFF, 0xFF, 0x8F, 0x00, 0x00, 0x00, 0x22, 0x8C, 0xD5, 0xF0, 0xF8, 0xE1, 0xA7, 0x40, 0x00,
    0x00, 0x24, 0xFF, 0xF8, 0x00, 0x00, 0x00, 0x00, 0x00, 0x00, 0x00, 0x00, 0x00, 0x24, 0xFF, 0xF8,
    0x00, 0x00, 0x00, 0x00, 0x00, 0x00, 0x00, 0x00, 0x00, 0x24, 0xFF, 0xF8, 0x00, 0x00, 0x00, 0x00,
    0x00, 0x00, 0x00, 0x00, 0x00, 0x24, 0xFF, 0xF8, 0x00, 0x00, 0x00, 0x00, 0x00, 0x00, 0x00, 0x00,
    0x00, 0x24, 0xFF, 0xF8, 0x00, 0x49, 0xC2, 0xF2, 0xF2, 0xBD, 0x42, 0x00, 0x00, 0x24, 0xFF, 0xF8,
    0x59, 0xFE, 0xF9, 0xE9, 0xFF, 0xFF, 0xFD, 0x57, 0x00, 0x24, 0xFF, 0xFB, 0xE1, 0x62, 0x04, 0x00,
    0x23, 0xC9, 0xFF, 0xE7, 0x05, 0x24, 0xFF, 0xFF, 0x6F, 0x00, 0x00, 0x00, 0x00, 0x22, 0xFC, 0xFF,
    0x35, 0x24, 0xFF, 0xFF, 0x18, 0x00, 0x00, 0x00, 0x00, 0x00, 0xDC, 0xFF, 0x51, 0x24, 0xFF, 0xF9,
    0x00, 0x00, 0x00, 0x00, 0x00, 0x00, 0xC8, 0xFF, 0x58, 0x24, 0xFF, 0xF8, 0x00, 0x00, 0x00, 0x00,
    0x00, 0x00, 0xC8, 0xFF, 0x58, 0x24, 0xFF, 0xF8, 0x00, 0x00, 0x00, 0x00, 0x00, 0x00, 0xC8, 0xFF,
    0x58, 0x24, 0xFF, 0xF8, 0x00, 0x00, 0x00, 0x00, 0x00, 0x00, 0xC8, 0xFF, 0x58, 0x24, 0xFF, 0xF8,
    0x00, 0x00, 0x00, 0x00, 0x00, 0x00, 0xC8, 0xFF, 0x58, 0x24, 0xFF, 0xF8, 0x00, 0x00, 0x00, 0x00,
    0x00, 0x00, 0xC8, 0xFF, 0x58, 0x24, 0xFF, 0xF8, 0x00, 0x00, 0x00, 0x00, 0x00, 0x00, 0xC8, 0xFF,
    0x58, 0x24, 0xFF, 0xF8, 0x00, 0x00, 0x00, 0x00, 0x00, 0x00, 0xC8, 0xFF, 0x58, 0x1C, 0xBA, 0xAC,
    0x0D, 0x7B, 0xFF, 0xFF, 0x5A, 0x2D, 0xE3, 0xD4, 0x19, 0x00, 0x00, 0x00, 0x00, 0x00, 0x00, 0x00,
    0x00, 0x24, 0xFF, 0xF8, 0x00, 0x24, 0xFF, 0xF8, 0x00, 0x24, 0xFF, 0xF8, 0x00, 0x24, 0xFF, 0xF8,
    0x00, 0x24, 0xFF, 0xF8, 0x00, 0x24, 0xFF, 0xF8, 0x00, 0x24, 0xFF, 0xF8, 0x00, 0x24, 0xFF, 0xF8,
    0x00, 0x24, 0xFF, 0xF8, 0x00, 0x24, 0xFF, 0xF8, 0x00, 0x24, 0xFF, 0xF8, 0x00, 0x24, 0xFF, 0xF8,
    0x00, 0x24, 0xFF, 0xF8, 0x00, 0x00, 0x00, 0x1E, 0xBC, 0xAA, 0x0B, 0x00, 0x00, 0x7F, 0xFF, 0xFF,
    0x56, 0x00, 0x00, 0x30, 0xE4, 0xD2, 0x17, 0x00, 0x00, 0x00, 0x00, 0x00, 0x00, 0x00, 0x00, 0x00,
    0x00, 0x00, 0x00, 0x00, 0x00, 0x28, 0xFF, 0xF8, 0x00, 0x00, 0x00, 0x28, 0xFF, 0xF8, 0x00, 0x00,
    0x00, 0x28, 0xFF, 0xF8, 0x00, 0x00, 0x00, 0x28, 0xFF, 0xF8, 0x00, 0x00, 0x00, 0x28, 0xFF, 0xF8,
    0x00, 0x00, 0x00, 0x28, 0xFF, 0xF8, 0x00, 0x00, 0x00, 0x28, 0xFF, 0xF8, 0x00, 0x00, 0x00, 0x28,
    0xFF, 0xF8, 0x00, 0x00, 0x00, 0x28, 0xFF, 0xF8, 0x00, 0x00, 0x00, 0x28, 0xFF, 0xF8, 0x00, 0x00,
    0x00, 0x28, 0xFF, 0xF8, 0x00, 0x00, 0x00, 0x28, 0xFF, 0xF8, 0x00, 0x00, 0x00, 0x28, 0xFF, 0xF8,
    0x00, 0x00, 0x00, 0x28, 0xFF, 0xF8, 0x00, 0x00, 0x00, 0x36, 0xFF, 0xE6, 0x00, 0x00, 0x03, 0x9D,
    0xFF, 0xBB, 0x00, 0x48, 0xF7, 0xFF, 0xFF, 0x43, 0x00, 0x50, 0xF9, 0xCF, 0x57, 0x00, 0x00, 0x24,
    0xFF, 0xF8, 0x00, 0x00, 0x00, 0x00, 0x00, 0x00, 0x00, 0x00, 0x00, 0x24, 0xFF, 0xF8, 0x00, 0x00,
    0x00, 0x00, 0x00, 0x00, 0x00, 0x00, 0x00, 0x24, 0xFF, 0xF8, 0x00, 0x00, 0x00, 0x00, 0x00, 0x00,
    0x00, 0x00, 0x00, 0x24, 0xFF, 0xF8, 0x00, 0x00, 0x00, 0x00, 0x00, 0x00, 0x00, 0x00, 0x00, 0x24,
    0xFF, 0xF8, 0x00, 0x00, 0x00, 0x00, 0x02, 0xA6, 0xFF, 0xD9, 0x18, 0x24, 0xFF, 0xF8, 0x00, 0x00,
    0x00, 0x02, 0xA1, 0xFF, 0xDB, 0x1A, 0x00, 0x24, 0xFF, 0xF8, 0x00, 0x00, 0x01, 0x9C, 0xFF, 0xDD,
    0x1C, 0x00, 0x00, 0x24, 0xFF, 0xF8, 0x00, 0x00, 0x97, 0xFF, 0xE0, 0x1F, 0x00, 0x00, 0x00, 0x24,
    0xFF, 0xF8, 0x00, 0x92, 0xFF, 0xE2, 0x21, 0x00, 0x00, 0x00, 0x00, 0x24, 0xFF, 0xFA, 0x93, 0xFF,
    0xFF, 0x30, 0x00, 0x00, 0x00, 0x00, 0x00, 0x24, 0xFF, 0xFF, 0xFF, 0xFF, 0xFF, 0xAD, 0x01, 0x00,
    0x00, 0x00, 0x00, 0x24, 0xFF, 0xFF, 0xBD, 0x4F, 0xFC, 0xFF, 0x7A, 0x00, 0x00, 0x00, 0x00, 0x24,
    0xFF, 0xFA, 0x07, 0x00, 0x73, 0xFF, 0xFD, 0x47, 0x00, 0x00, 0x00, 0x24, 0xFF, 0xF8, 0x00, 0x00,
    0x00, 0xA6, 0xFF, 0xEE, 0x22, 0x00, 0x00, 0x24, 0xFF, 0xF8, 0x00, 0x00, 0x00, 0x0A, 0xD0, 0xFF,
    0xD1, 0x0A, 0x00, 0x24, 0xFF, 0xF8, 0x00, 0x00, 0x00, 0x00, 0x21, 0xED, 0xFF, 0xA6, 0x00, 0x24,
    0xFF, 0xF8, 0x00, 0x00, 0x00, 0x00, 0x00, 0x45, 0xFC, 0xFF, 0x72, 0x24, 0xFF, 0xF8, 0x24, 0xFF,
    0xF8, 0x24, 0xFF, 0xF8, 0x24, 0xFF, 0xF8, 0x24, 0xFF, 0xF8, 0x24, 0xFF, 0xF8, 0x24, 0xFF, 0xF8,
    0x24, 0xFF, 0xF8, 0x24, 0xFF, 0xF8, 0x24, 0xFF, 0xF8, 0x24, 0xFF, 0xF8, 0x24, 0xFF, 0xF8, 0x24,
    0xFF, 0xF8, 0x24, 0xFF, 0xF8, 0x24, 0xFF, 0xF8, 0x24, 0xFF, 0xF8, 0x24, 0xFF, 0xF8, 0x24, 0xFF,
    0xE8, 0x00, 0x56, 0xCD, 0xF5, 0xD8, 0x5E, 0x00, 0x00, 0x3D, 0xB7, 0xED, 0xF2, 0xBD, 0x40, 0x00,
    0x00, 0x24, 0xFF, 0xEA, 0x68, 0xFF, 0xEE, 0xF4, 0xFF, 0xFF, 0x56, 0x55, 0xFC, 0xFC, 0xE6, 0xFD,
    0xFF, 0xFD, 0x49, 0x00, 0x24, 0xFF, 0xF4, 0xD5, 0x41, 0x00, 0x01, 0x6A, 0xFF, 0xD9, 0xEA, 0x95,
    0x0A, 0x00, 0x18, 0xB9, 0xFF, 0xD3, 0x00, 0x24, 0xFF, 0xFF, 0x4E, 0x00, 0x00, 0x00, 0x00, 0xB4,
    0xFF, 0xD2, 0x02, 0x00, 0x00, 0x00, 0x1C, 0xFF, 0xFF, 0x13, 0x24, 0xFF, 0xFE, 0x0C, 0x00, 0x00,
    0x00, 0x00, 0x8D, 0xFF, 0x99, 0x00, 0x00, 0x00, 0x00, 0x00, 0xF4, 0xFF, 0x29, 0x24, 0xFF, 0xF8,
    0x00, 0x00, 0x00, 0x00, 0x00, 0x8C, 0xFF, 0x90, 0x00, 0x00, 0x00, 0x00, 0x00, 0xF0, 0xFF, 0x2C,
    0x24, 0xFF, 0xF8, 0x00, 0x00, 0x00, 0x00, 0x00, 0x8C, 0xFF, 0x90, 0x00, 0x00, 0x00, 0x00, 0x00,
    0xF0, 0xFF, 0x2C, 0x24, 0xFF, 0xF8, 0x00, 0x00, 0x00, 0x00, 0x00, 0x8C, 0xFF, 0x90, 0x00, 0x00,
    0x00, 0x00, 0x00, 0xF0, 0xFF, 0x2C, 0x24, 0xFF, 0xF8, 0x00, 0x00, 0x00, 0x00, 0x00, 0x8C, 0xFF,
    0x90, 0x00, 0x00, 0x00, 0x00, 0x00, 0xF0, 0xFF, 0x2C, 0x24, 0xFF, 0xF8, 0x00, 0x00, 0x00, 0x00,
    0x00, 0x8C, 0xFF, 0x90, 0x00, 0x00, 0x00, 0x00, 0x00, 0xF0, 0xFF, 0x2C, 0x24, 0xFF, 0xF8, 0x00,
    0x00, 0x00, 0x00, 0x00, 0x8C, 0xFF, 0x90, 0x00, 0x00, 0x00, 0x00, 0x00, 0xF0, 0xFF, 0x2C, 0x24,
    0xFF, 0xF8, 0x00, 0x00, 0x00, 0x00, 0x00, 0x8C, 0xFF, 0x90, 0x00, 0x00, 0x00, 0x00, 0x00, 0xF0,
    0xFF, 0x2C, 0x24, 0xFF, 0xF8, 0x00, 0x00, 0x00, 0x00, 0x00, 0x8C, 0xFF, 0x90, 0x00, 0x00, 0x00,
    0x00, 0x00, 0xF0, 0xFF, 0x2C, 0x24, 0xFF, 0xE0, 0x00, 0x4A, 0xC2, 0xF2, 0xF2, 0xBD, 0x42, 0x00,
    0x00, 0x24, 0xFF, 0xE1, 0x5C, 0xFE, 0xF9, 0xE9, 0xFF, 0xFF, 0xFD, 0x56, 0x00, 0x24, 0xFF, 0xEE,
    0xE1, 0x62, 0x04, 0x00, 0x23, 0xC9, 0xFF, 0xE5, 0x04, 0x24, 0xFF, 0xFF, 0x6F, 0x00, 0x00, 0x00,
    0x00, 0x22, 0xFC, 0xFF, 0x31, 0x24, 0xFF, 0xFF, 0x18, 0x00, 0x00, 0x00, 0x00, 0x00, 0xDC, 0xFF,
    0x4D, 0x24, 0xFF, 0xF9, 0x00, 0x00, 0x00, 0x00, 0x00, 0x00, 0xC8, 0xFF, 0x54, 0x24, 0xFF, 0xF8,
    0x00, 0x00, 0x00, 0x00, 0x00, 0x00, 0xC8, 0xFF, 0x54, 0x24, 0xFF, 0xF8, 0x00, 0x00, 0x00, 0x00,
    0x00, 0x00, 0xC8, 0xFF, 0x54, 0x24, 0xFF, 0xF8, 0x00, 0x00, 0x00, 0x00, 0x00, 0x00, 0xC8, 0xFF,
    0x54, 0x24, 0xFF, 0xF8, 0x00, 0x00, 0x00, 0x00, 0x00, 0x00, 0xC8, 0xFF, 0x54, 0x24, 0xFF, 0xF8,
    0x00, 0x00, 0x00, 0x00, 0x00, 0x00, 0xC8, 0xFF, 0x54, 0x24, 0xFF, 0xF8, 0x00, 0x00, 0x00, 0x00,
    0x00, 0x00, 0xC8, 0xFF, 0x54, 0x24, 0xFF, 0xF8, 0x00, 0x00, 0x00, 0x00, 0x00, 0x00, 0xC8, 0xFF,
    0x54, 0x00, 0x00, 0x02, 0x5E, 0xC1, 0xEA, 0xF4, 0xD6, 0x88, 0x1A, 0x00, 0x00, 0x00, 0x00, 0x0C,
    0xB7, 0xFF, 0xFF, 0xF3, 0xE8, 0xFF, 0xFF, 0xEB, 0x3C, 0x00, 0x00, 0x00, 0xA0, 0xFF, 0xE6, 0x46,
    0x00, 0x00, 0x1C, 0xAD, 0xFF, 0xEB, 0x17, 0x00, 0x2D, 0xFF, 0xFC, 0x30, 0x00, 0x00, 0x00, 0x00,
    0x03, 0xC5, 0xFF, 0x90, 0x00, 0x84, 0xFF, 0xB1, 0x00, 0x00, 0x00, 0x00, 0x00, 0x00, 0x4D, 0xFF,
    0xE8, 0x00, 0xAE, 0xFF, 0x74, 0x00, 0x00, 0x00, 0x00, 0x00, 0x00, 0x0D, 0xFF, 0xFF, 0x11, 0xC1,
    0xFF, 0x61, 0x00, 0x00, 0x00, 0x00, 0x00, 0x00, 0x00, 0xFA, 0xFF, 0x25, 0xAE, 0xFF, 0x73, 0x00,
    0x00, 0x00, 0x00, 0x00, 0x00, 0x0C, 0xFF, 0xFF, 0x11, 0x85, 0xFF, 0xB0, 0x00, 0x00, 0x00, 0x00,
    0x00, 0x00, 0x4B, 0xFF, 0xE8, 0x00, 0x2E, 0xFF, 0xFC, 0x2E, 0x00, 0x00, 0x00, 0x00, 0x02, 0xC3,
    0xFF, 0x91, 0x00, 0x00, 0xA2, 0xFF, 0xE4, 0x44, 0x00, 0x00, 0x1A, 0xAA, 0xFF, 0xEC, 0x18, 0x00,
    0x00, 0x0D, 0xB8, 0xFF, 0xFF, 0xF3, 0xE7, 0xFE, 0xFF, 0xEB, 0x3D, 0x00, 0x00, 0x00, 0x00, 0x02,
    0x5E, 0xC1, 0xEB, 0xF5, 0xD6, 0x89, 0x1B, 0x00, 0x00, 0x00, 0x24, 0xFF, 0xE4, 0x00, 0x50, 0xCA,
    0xF5, 0xEC, 0xC0, 0x55, 0x00, 0x00, 0x00, 0x24, 0xFF, 0xE4, 0x5A, 0xFF, 0xFA, 0xE3, 0xF8, 0xFF,
    0xFF, 0x9C, 0x01, 0x00, 0x24, 0xFF, 0xF9, 0xF4, 0x8B, 0x0D, 0x00, 0x04, 0x66, 0xF9, 0xFF, 0x6A,
    0x00, 0x24, 0xFF, 0xFF, 0xB2, 0x00, 0x00, 0x00, 0x00, 0x00, 0x6D, 0xFF, 0xE9, 0x03, 0x24, 0xFF,
    0xFF, 0x3E, 0x00, 0x00, 0x00, 0x00, 0x00, 0x06, 0xF3, 0xFF, 0x3E, 0x24, 0xFF, 0xFF, 0x0E, 0x00,
    0x00, 0x00, 0x00, 0x00, 0x00, 0xC1, 0xFF, 0x63, 0x24, 0xFF, 0xF7, 0x00, 0x00, 0x00, 0x00, 0x00,
    0x00, 0x00, 0xB1, 0xFF, 0x75, 0x24, 0xFF, 0xFF, 0x11, 0x00, 0x00, 0x00, 0x00, 0x00, 0x00, 0xC5,
    0xFF, 0x63, 0x24, 0xFF, 0xFF, 0x45, 0x00, 0x00, 0x00, 0x00, 0x00, 0x0A, 0xF7, 0xFF, 0x3E, 0x24,
    0xFF, 0xFF, 0xBB, 0x00, 0x00, 0x00, 0x00, 0x00, 0x77, 0xFF, 0xEA, 0x03, 0x24, 0xFF, 0xFD, 0xF1,
    0x92, 0x0F, 0x00, 0x05, 0x6C, 0xFB, 0xFF, 0x6C, 0x00, 0x24, 0xFF, 0xF8, 0x53, 0xFE, 0xFA, 0xE2,
    0xF8, 0xFF, 0xFF, 0x9E, 0x01, 0x00, 0x24, 0xFF, 0xF8, 0x00, 0x4A, 0xC7, 0xF5, 0xED, 0xC1, 0x58,
    0x00, 0x00, 0x00, 0x24, 0xFF, 0xF8, 0x00, 0x00, 0x00, 0x00, 0x00, 0x00, 0x00, 0x00, 0x00, 0x00,
    0x24, 0xFF, 0xF8, 0x00, 0x00, 0x00, 0x00, 0x00, 0x00, 0x00, 0x00, 0x00, 0x00, 0x24, 0xFF, 0xF8,
    0x00, 0x00, 0x00, 0x00, 0x00, 0x00, 0x00, 0x00, 0x00, 0x00, 0x24, 0xFF, 0xF8, 0x00, 0x00, 0x00,
    0x00, 0x00, 0x00, 0x00, 0x00, 0x00, 0x00, 0x24, 0xFF, 0xF8, 0x00, 0x00, 0x00, 0x00, 0x00, 0x00,
    0x00, 0x00, 0x00, 0x00, 0x00, 0x00, 0x0C, 0x78, 0xD3, 0xF5, 0xEE, 0xAD, 0x24, 0x30, 0xFF, 0xD8,
    0x00, 0x19, 0xD1, 0xFF, 0xFF, 0xF0, 0xE6, 0xFF, 0xEA, 0x4E, 0xFF, 0xD8, 0x00, 0xB9, 0xFF, 0xDD,
    0x3B, 0x00, 0x00, 0x24, 0xC1, 0xEE, 0xFF, 0xD8, 0x3C, 0xFF, 0xF9, 0x25, 0x00, 0x00, 0x00, 0x00,
    0x0F, 0xEF, 0xFF, 0xD8, 0x8C, 0xFF, 0xA9, 0x00, 0x00, 0x00, 0x00, 0x00, 0x00, 0x8A, 0xFF, 0xD8,
    0xB1, 0xFF, 0x71, 0x00, 0x00, 0x00, 0x00, 0x00, 0x00, 0x5B, 0xFF, 0xD8, 0xC2, 0xFF, 0x61, 0x00,
    0x00, 0x00, 0x00, 0x00, 0x00, 0x44, 0xFF, 0xD8, 0xB0, 0xFF, 0x74, 0x00, 0x00, 0x00, 0x00, 0x00,
    0x00, 0x5E, 0xFF, 0xD8, 0x8B, 0xFF, 0xB1, 0x00, 0x00, 0x00, 0x00, 0x00, 0x00, 0x92, 0xFF, 0xD8,
    0x3A, 0xFF, 0xFC, 0x2C, 0x00, 0x00, 0x00, 0x00, 0x13, 0xF3, 0xFF, 0xD8, 0x00, 0xB8, 0xFF, 0xE2,
    0x3F, 0x00, 0x00, 0x27, 0xC7, 0xEE, 0xFF, 0xD8, 0x00, 0x1A, 0xD3, 0xFF, 0xFF, 0xF0, 0xE6, 0xFF,
    0xE7, 0x5E, 0xFF, 0xD8, 0x00, 0x00, 0x0D, 0x7B, 0xD4, 0xF5, 0xEE, 0xAA, 0x21, 0x44, 0xFF, 0xD8,
    0x00, 0x00, 0x00, 0x00, 0x00, 0x00, 0x00, 0x00, 0x00, 0x44, 0xFF, 0xD8, 0x00, 0x00, 0x00, 0x00,
    0x00, 0x00, 0x00, 0x00, 0x00, 0x44, 0xFF, 0xD8, 0x00, 0x00, 0x00, 0x00, 0x00, 0x00, 0x00, 0x00,
    0x00, 0x44, 0xFF, 0xD8, 0x00, 0x00, 0x00, 0x00, 0x00, 0x00, 0x00, 0x00, 0x00, 0x44, 0xFF, 0xD8,
    0x00, 0x00, 0x00, 0x00, 0x00, 0x00, 0x00, 0x00, 0x00, 0x44, 0xFF, 0xD8, 0x24, 0xFF, 0xE4, 0x02,
    0x75, 0xDB, 0xFC, 0x7E, 0x24, 0xFF, 0xE4, 0x95, 0xFF, 0xF7, 0xE6, 0x7E, 0x24, 0xFF, 0xFC, 0xED,
    0x58, 0x03, 0x00, 0x02, 0x24, 0xFF, 0xFF, 0x5A, 0x00, 0x00, 0x00, 0x00, 0x24, 0xFF, 0xFE, 0x0C,
    0x00, 0x00, 0x00, 0x00, 0x24, 0xFF, 0xF8, 0x00, 0x00, 0x00, 0x00, 0x00, 0x24, 0xFF, 0xF8, 0x00,
    0x00, 0x00, 0x00, 0x00, 0x24, 0xFF, 0xF8, 0x00, 0x00, 0x00, 0x00, 0x00, 0x24, 0xFF, 0xF8, 0x00,
    0x00, 0x00, 0x00, 0x00, 0x24, 0xFF, 0xF8, 0x00, 0x00, 0x00, 0x00, 0x00, 0x24, 0xFF, 0xF8, 0x00,
    0x00, 0x00, 0x00, 0x00, 0x24, 0xFF, 0xF8, 0x00, 0x00, 0x00, 0x00, 0x00, 0x24, 0xFF, 0xF8, 0x00,
    0x00, 0x00, 0x00, 0x00, 0x00, 0x00, 0x3C, 0xAB, 0xE7, 0xF9, 0xE0, 0xAA, 0x2F, 0x00, 0x00, 0x00,
    0x6E, 0xFF, 0xFF, 0xF9, 0xE4, 0xF8, 0xFF, 0xF8, 0x43, 0x00, 0x1A, 0xF9, 0xFF, 0x80, 0x0A, 0x00,
    0x08, 0x8A, 0xFF, 0xE2, 0x06, 0x49, 0xFF, 0xDE, 0x00, 0x00, 0x00, 0x00, 0x00, 0x7B, 0x56, 0x09,
    0x2A, 0xFF, 0xF7, 0x31, 0x00, 0x00, 0x00, 0x00, 0x00, 0x00, 0x00, 0x00, 0xA2, 0xFF, 0xFB, 0xB5,
    0x73, 0x3B, 0x05, 0x00, 0x00, 0x00, 0x00, 0x01, 0x6A, 0xD2, 0xFF, 0xFF, 0xFF, 0xEE, 0x94, 0x0F,
    0x00, 0x00, 0x00, 0x00, 0x00, 0x1D, 0x57, 0x95, 0xEC, 0xFF, 0xD3, 0x07, 0x00, 0x00, 0x00, 0x00,
    0x00, 0x00, 0x00, 0x16, 0xEA, 0xFF, 0x54, 0x4A, 0xA2, 0x5C, 0x00, 0x00, 0x00, 0x00, 0x00, 0xCD,
    0xFF, 0x6A, 0x62, 0xFF, 0xED, 0x49, 0x01, 0x00, 0x0C, 0x80, 0xFF, 0xFD, 0x2B, 0x06, 0xB2, 0xFF,
    0xFF, 0xF1, 0xE4, 0xFB, 0xFF, 0xFF, 0x78, 0x00, 0x00, 0x05, 0x63, 0xC2, 0xE8, 0xF9, 0xE5, 0xAA,
    0x3C, 0x00, 0x00, 0x00, 0x00, 0xCC, 0xFF, 0x50, 0x00, 0x00, 0x00, 0x00, 0x00, 0xCC, 0xFF, 0x50,
    0x00, 0x00, 0x00, 0x00, 0x00, 0xCC, 0xFF, 0x50, 0x00, 0x00, 0x00, 0xC4, 0xFF, 0xFF, 0xFF, 0xFF,
    0xFF, 0xFF, 0x04, 0xA8, 0xDC, 0xF8, 0xFF, 0xE7, 0xDC, 0xDC, 0x03, 0x00, 0x00, 0xCC, 0xFF, 0x50,
    0x00, 0x00, 0x00, 0x00, 0x00, 0xCC, 0xFF, 0x50, 0x00, 0x00, 0x00, 0x00, 0x00, 0xCC, 0xFF, 0x50,
    0x00, 0x00, 0x00, 0x00, 0x00, 0xCC, 0xFF, 0x50, 0x00, 0x00, 0x00, 0x00, 0x00, 0xCC, 0xFF, 0x50,
    0x00, 0x00, 0x00, 0x00, 0x00, 0xCC, 0xFF, 0x50, 0x00, 0x00, 0x00, 0x00, 0x00, 0xCC, 0xFF, 0x50,
    0x00, 0x00, 0x00, 0x00, 0x00, 0xCA, 0xFF, 0x53, 0x00, 0x00, 0x00, 0x00, 0x00, 0xA9, 0xFF, 0x92,
    0x00, 0x00, 0x00, 0x00, 0x00, 0x46, 0xFF, 0xFF, 0xE6, 0xE8, 0x10, 0x00, 0x00, 0x00, 0x51, 0xCB,
    0xF4, 0xF0, 0x3A, 0x24, 0xFF, 0xF8, 0x00, 0x00, 0x00, 0x00, 0x00, 0x00, 0xC8, 0xFF, 0x58, 0x24,
    0xFF, 0xF8, 0x00, 0x00, 0x00, 0x00, 0x00, 0x00, 0xC8, 0xFF, 0x58, 0x24, 0xFF, 0xF8, 0x00, 0x00,
    0x00, 0x00, 0x00, 0x00, 0xC8, 0xFF, 0x58, 0x24, 0xFF, 0xF8, 0x00, 0x00, 0x00, 0x00, 0x00, 0x00,
    0xC8, 0xFF, 0x58, 0x24, 0xFF, 0xF8, 0x00, 0x00, 0x00, 0x00, 0x00, 0x00, 0xC8, 0xFF, 0x58, 0x24,
    0xFF, 0xF8, 0x00, 0x00, 0x00, 0x00, 0x00, 0x00, 0xC8, 0xFF, 0x58, 0x24, 0xFF, 0xF8, 0x00, 0x00,
    0x00, 0x00, 0x00, 0x00, 0xC8, 0xFF, 0x58, 0x24, 0xFF, 0xF8, 0x00, 0x00, 0x00, 0x00, 0x00, 0x00,
    0xCA, 0xFF, 0x58, 0x1E, 0xFF, 0xFF, 0x0C, 0x00, 0x00, 0x00, 0x00, 0x00, 0xEA, 0xFF, 0x58, 0x08,
    0xFB, 0xFF, 0x4D, 0x00, 0x00, 0x00, 0x00, 0x40, 0xFF, 0xFF, 0x58, 0x00, 0xBB, 0xFF, 0xE1, 0x38,
    0x00, 0x01, 0x46, 0xE3, 0xE8, 0xFF, 0x58, 0x00, 0x30, 0xF4, 0xFF, 0xFF, 0xEE, 0xF3, 0xFF, 0x9A,
    0xB4, 0xFF, 0x58, 0x00, 0x00, 0x2A, 0xAC, 0xED, 0xF7, 0xD3, 0x6E, 0x01, 0xB4, 0xFF, 0x58, 0x2B,
    0xFF, 0xFE, 0x1F, 0x00, 0x00, 0x00, 0x00, 0x00, 0x00, 0xA3, 0xFF, 0xAA, 0x00, 0xC9, 0xFF, 0x7A,
    0x00, 0x00, 0x00, 0x00, 0x00, 0x0A, 0xF3, 0xFF, 0x48, 0x00, 0x66, 0xFF, 0xD7, 0x00, 0x00, 0x00,
    0x00, 0x00, 0x5B, 0xFF, 0xE3, 0x02, 0x00, 0x0E, 0xF5, 0xFF, 0x34, 0x00, 0x00, 0x00, 0x00, 0xB7,
    0xFF, 0x83, 0x00, 0x00, 0x00, 0xA1, 0xFF, 0x91, 0x00, 0x00, 0x00, 0x17, 0xFB, 0xFE, 0x22, 0x00,
    0x00, 0x00, 0x3F, 0xFF, 0xE9, 0x04, 0x00, 0x00, 0x70, 0xFF, 0xBE, 0x00, 0x00, 0x00, 0x00, 0x00,
    0xDB, 0xFF, 0x4A, 0x00, 0x00, 0xCC, 0xFF, 0x5B, 0x00, 0x00, 0x00, 0x00, 0x00, 0x7A, 0xFF, 0xA7,
    0x00, 0x27, 0xFF, 0xF0, 0x09, 0x00, 0x00, 0x00, 0x00, 0x00, 0x1A, 0xFC, 0xF3, 0x08, 0x7E, 0xFF,
    0x96, 0x00, 0x00, 0x00, 0x00, 0x00, 0x00, 0x00, 0xB5, 0xFF, 0x4C, 0xD0, 0xFF, 0x34, 0x00, 0x00,
    0x00, 0x00, 0x00, 0x00, 0x00, 0x52, 0xFF, 0xAE, 0xFF, 0xD1, 0x00, 0x00, 0x00, 0x00, 0x00, 0x00,
    0x00, 0x00, 0x05, 0xEA, 0xFF, 0xFF, 0x6F, 0x00, 0x00, 0x00, 0x00, 0x00, 0x00, 0x00, 0x00, 0x00,
    0x8D, 0xFF, 0xF9, 0x13, 0x00, 0x00, 0x00, 0x00, 0x0C, 0xF8, 0xFF, 0x33, 0x00, 0x00, 0x00, 0x00,
    0x6C, 0xFF, 0xFF, 0x1A, 0x00, 0x00, 0x00, 0x00, 0x90, 0xFF, 0xAC, 0x00, 0xB7, 0xFF, 0x7B, 0x00,
    0x00, 0x00, 0x00, 0xB2, 0xFF, 0xFF, 0x60, 0x00, 0x00, 0x00, 0x00, 0xD8, 0xFF, 0x5E, 0x00, 0x69,
    0xFF, 0xC3, 0x00, 0x00, 0x00, 0x05, 0xF3, 0xF0, 0xFF, 0xA5, 0x00, 0x00, 0x00, 0x1F, 0xFF, 0xFC,
    0x13, 0x00, 0x1B, 0xFF, 0xFB, 0x0F, 0x00, 0x00, 0x3F, 0xFF, 0x94, 0xEB, 0xE9, 0x01, 0x00, 0x00,
    0x67, 0xFF, 0xC1, 0x00, 0x00, 0x00, 0xCD, 0xFF, 0x53, 0x00, 0x00, 0x86, 0xFF, 0x52, 0xAE, 0xFF,
    0x31, 0x00, 0x00, 0xAF, 0xFF, 0x72, 0x00, 0x00, 0x00, 0x7F, 0xFF, 0x9B, 0x00, 0x00, 0xCB, 0xFD,
    0x11, 0x6B, 0xFF, 0x76, 0x00, 0x04, 0xF1, 0xFF, 0x24, 0x00, 0x00, 0x00, 0x30, 0xFF, 0xE0, 0x00,
    0x12, 0xFD, 0xC8, 0x00, 0x25, 0xFF, 0xB9, 0x00, 0x3B, 0xFF, 0xD5, 0x00, 0x00, 0x00, 0x00, 0x00,
    0xE1, 0xFF, 0x24, 0x54, 0xFF, 0x80, 0x00, 0x00, 0xDC, 0xF5, 0x06, 0x7E, 0xFF, 0x87, 0x00, 0x00,
    0x00, 0x00, 0x00, 0x94, 0xFF, 0x65, 0x93, 0xFF, 0x35, 0x00, 0x00, 0x92, 0xFF, 0x38, 0xBF, 0xFF,
    0x38, 0x00, 0x00, 0x00, 0x00, 0x00, 0x46, 0xFF, 0xA1, 0xCE, 0xE8, 0x01, 0x00, 0x00, 0x47, 0xFF,
    0x77, 0xF6, 0xE8, 0x01, 0x00, 0x00, 0x00, 0x00, 0x00, 0x06, 0xF1, 0xE2, 0xFC, 0x9F, 0x00, 0x00,
    0x00, 0x07, 0xF4, 0xE0, 0xFF, 0x9B, 0x00, 0x00, 0x00, 0x00, 0x00, 0x00, 0x00, 0xAA, 0xFF, 0xFF,
    0x54, 0x00, 0x00, 0x00, 0x00, 0xB1, 0xFF, 0xFF, 0x4D, 0x00, 0x00, 0x00, 0x00, 0x00, 0x00, 0x00,
    0x5B, 0xFF, 0xFA, 0x0E, 0x00, 0x00, 0x00, 0x00, 0x66, 0xFF, 0xF5, 0x09, 0x00, 0x00, 0x00, 0x00,
    0xA1, 0xFF, 0xCC, 0x03, 0x00, 0x00, 0x00, 0x00, 0x9C, 0xFF, 0xC7, 0x02, 0x00, 0x0F, 0xE3, 0xFF,
    0x71, 0x00, 0x00, 0x00, 0x42, 0xFF, 0xF6, 0x27, 0x00, 0x00, 0x00, 0x46, 0xFF, 0xF4, 0x1E, 0x00,
    0x08, 0xDD, 0xFF, 0x72, 0x00, 0x00, 0x00, 0x00, 0x00, 0x97, 0xFF, 0xAB, 0x00, 0x7D, 0xFF, 0xC4,
    0x02, 0x00, 0x00, 0x00, 0x00, 0x00, 0x0B, 0xDD, 0xFF, 0x55, 0xF3, 0xF5, 0x24, 0x00, 0x00, 0x00,
    0x00, 0x00, 0x00, 0x00, 0x3D, 0xFD, 0xFC, 0xFF, 0x6E, 0x00, 0x00, 0x00, 0x00, 0x00, 0x00, 0x00,
    0x00, 0x00, 0xCD, 0xFF, 0xE8, 0x03, 0x00, 0x00, 0x00, 0x00, 0x00, 0x00, 0x00, 0x00, 0x66, 0xFF,
    0xF4, 0xFF, 0x72, 0x00, 0x00, 0x00, 0x00, 0x00, 0x00, 0x00, 0x24, 0xF4, 0xF8, 0x36, 0xEF, 0xF8,
    0x2E, 0x00, 0x00, 0x00, 0x00, 0x00, 0x03, 0xC7, 0xFF, 0x83, 0x00, 0x6A, 0xFF, 0xD4, 0x08, 0x00,
    0x00, 0x00, 0x00, 0x7E, 0xFF, 0xD8, 0x08, 0x00, 0x02, 0xC3, 0xFF, 0x92, 0x00, 0x00, 0x00, 0x35,
    0xFB, 0xFC, 0x38, 0x00, 0x00, 0x00, 0x25, 0xF6, 0xFE, 0x48, 0x00, 0x0A, 0xD8, 0xFF, 0x89, 0x00,
    0x00, 0x00, 0x00, 0x00, 0x71, 0xFF, 0xE7, 0x15, 0x2C, 0xFF, 0xFE, 0x1E, 0x00, 0x00, 0x00, 0x00,
    0x00, 0x00, 0x9F, 0xFF, 0xAA, 0x00, 0xCA, 0xFF, 0x79, 0x00, 0x00, 0x00, 0x00, 0x00, 0x08, 0xF1,
    0xFF, 0x48, 0x00, 0x69, 0xFF, 0xD5, 0x00, 0x00, 0x00, 0x00, 0x00, 0x57, 0xFF, 0xE3, 0x02, 0x00,
    0x10, 0xF7, 0xFF, 0x31, 0x00, 0x00, 0x00, 0x00, 0xB4, 0xFF, 0x84, 0x00, 0x00, 0x00, 0xA7, 0xFF,
    0x8D, 0x00, 0x00, 0x00, 0x14, 0xFB, 0xFE, 0x23, 0x00, 0x00, 0x00, 0x46, 0xFF, 0xE6, 0x02, 0x00,
    0x00, 0x6C, 0xFF, 0xBF, 0x00, 0x00, 0x00, 0x00, 0x02, 0xE2, 0xFF, 0x44, 0x00, 0x00, 0xC9, 0xFF,
    0x5D, 0x00, 0x00, 0x00, 0x00, 0x00, 0x84, 0xFF, 0xA0, 0x00, 0x24, 0xFF, 0xF1, 0x09, 0x00, 0x00,
    0x00, 0x00, 0x00, 0x24, 0xFF, 0xEF, 0x04, 0x7A, 0xFF, 0x98, 0x00, 0x00, 0x00, 0x00, 0x00, 0x00,
    0x00, 0xC2, 0xFF, 0x42, 0xCA, 0xFF, 0x36, 0x00, 0x00, 0x00, 0x00, 0x00, 0x00, 0x00, 0x61, 0xFF,
    0xA0, 0xFE, 0xD4, 0x00, 0x00, 0x00, 0x00, 0x00, 0x00, 0x00, 0x00, 0x0C, 0xF4, 0xFD, 0xFF, 0x72,
    0x00, 0x00, 0x00, 0x00, 0x00, 0x00, 0x00, 0x00, 0x00, 0x9F, 0xFF, 0xFA, 0x15, 0x00, 0x00, 0x00,
    0x00, 0x00, 0x00, 0x00, 0x00, 0x00, 0x7B, 0xFF, 0xAD, 0x00, 0x00, 0x00, 0x00, 0x00, 0x00, 0x00,
    0x00, 0x00, 0x00, 0xD4, 0xFF, 0x4B, 0x00, 0x00, 0x00, 0x00, 0x00, 0x00, 0x00, 0x00, 0x00, 0x6B,
    0xFF, 0xD4, 0x02, 0x00, 0x00, 0x00, 0x00, 0x00, 0x00, 0x06, 0xE4, 0xE8, 0xFF, 0xF9, 0x40, 0x00,
    0x00, 0x00, 0x00, 0x00, 0x00, 0x00, 0x33, 0xF1, 0xF3, 0xC2, 0x3F, 0x00, 0x00, 0x00, 0x00, 0x00,
    0x00, 0x00, 0x48, 0xFF, 0xFF, 0xFF, 0xFF, 0xFF, 0xFF, 0xFF, 0xFF, 0xFF, 0x8C, 0x3D, 0xDC, 0xDC,
    0xDC, 0xDC, 0xDC, 0xDC, 0xE4, 0xFF, 0xFF, 0x78, 0x00, 0x00, 0x00, 0x00, 0x00, 0x00, 0x00, 0xA7,
    0xFF, 0xCF, 0x07, 0x00, 0x00, 0x00, 0x00, 0x00, 0x00, 0x6A, 0xFF, 0xF2, 0x25, 0x00, 0x00, 0x00,
    0x00, 0x00, 0x00, 0x32, 0xF8, 0xFF, 0x59, 0x00, 0x00, 0x00, 0x00, 0x00, 0x00, 0x0F, 0xDC, 0xFF,
    0x9A, 0x00, 0x00, 0x00, 0x00, 0x00, 0x00, 0x00, 0xAD, 0xFF, 0xD2, 0x09, 0x00, 0x00, 0x00, 0x00,
    0x00, 0x00, 0x6F, 0xFF, 0xF4, 0x28, 0x00, 0x00, 0x00, 0x00, 0x00, 0x00, 0x36, 0xFA, 0xFF, 0x5F,
    0x00, 0x00, 0x00, 0x00, 0x00, 0x00, 0x11, 0xE0, 0xFF, 0xA0, 0x00, 0x00, 0x00, 0x00, 0x00, 0x00,
    0x01, 0xB2, 0xFF, 0xD6, 0x0B, 0x00, 0x00, 0x00, 0x00, 0x00, 0x00, 0x63, 0xFF, 0xFF, 0xEC, 0xDC,
    0xDC, 0xDC, 0xDC, 0xDC, 0xDC, 0xAB, 0x84, 0xFF, 0xFF, 0xFF, 0xFF, 0xFF, 0xFF, 0xFF, 0xFF, 0xFF,
    0xC8, 0x00, 0x00, 0x00, 0x00, 0x00, 0x26, 0x64, 0x60, 0x00, 0x00, 0x00, 0x00, 0x94, 0xFF, 0xFF,
    0xCC, 0x00, 0x00, 0x00, 0x4B, 0xFF, 0xFB, 0x99, 0x54, 0x00, 0x00, 0x00, 0x9A, 0xFF, 0x80, 0x00,
    0x00, 0x00, 0x00, 0x00, 0xB9, 0xFF, 0x40, 0x00, 0x00, 0x00, 0x00, 0x00, 0xC0, 0xFF, 0x30, 0x00,
    0x00, 0x00, 0x00, 0x00, 0xC0, 0xFF, 0x30, 0x00, 0x00, 0x00, 0x00, 0x00, 0xC1, 0xFF, 0x30, 0x00,
    0x00, 0x00, 0x00, 0x00, 0xD9, 0xFF, 0x27, 0x00, 0x00, 0x00, 0x00, 0x50, 0xFF, 0xE8, 0x05, 0x00,
    0x00, 0x44, 0xEB, 0xFC, 0xC5, 0x3C, 0x00, 0x00, 0x00, 0x50, 0xFF, 0xF4, 0x9D, 0x1F, 0x00, 0x00,
    0x00, 0x00, 0x11, 0x7A, 0xFF, 0xD3, 0x00, 0x00, 0x00, 0x00, 0x00, 0x01, 0xE3, 0xFF, 0x20, 0x00,
    0x00, 0x00, 0x00, 0x00, 0xC4, 0xFF, 0x30, 0x00, 0x00, 0x00, 0x00, 0x00, 0xC0, 0xFF, 0x30, 0x00,
    0x00, 0x00, 0x00, 0x00, 0xC0, 0xFF, 0x30, 0x00, 0x00, 0x00, 0x00, 0x00, 0xBC, 0xFF, 0x36, 0x00,
    0x00, 0x00, 0x00, 0x00, 0xAA, 0xFF, 0x59, 0x00, 0x00, 0x00, 0x00, 0x00, 0x73, 0xFF, 0xCE, 0x1C,
    0x00, 0x00, 0x00, 0x00, 0x14, 0xE9, 0xFF, 0xFE, 0xBA, 0x00, 0x00, 0x00, 0x00, 0x24, 0xA4, 0xE5,
    0xC7, 0xEC, 0xE8, 0xEC, 0xE8, 0xEC, 0xE8, 0xEC, 0xE8, 0xEC, 0xE8, 0xEC, 0xE8, 0xEC, 0xE8, 0xEC,
    0xE8, 0xEC, 0xE8, 0xEC, 0xE8, 0xEC, 0xE8, 0xEC, 0xE8, 0xEC, 0xE8, 0xEC, 0xE8, 0xEC, 0xE8, 0xEC,
    0xE8, 0xEC, 0xE8, 0xEC, 0xE8, 0xEC, 0xE8, 0xEC, 0xE8, 0xEC, 0xE8, 0xEC, 0xE8, 0xEC, 0xE8, 0xEC,
    0xE8, 0xEC, 0xE8, 0xEC, 0xE8, 0xEC, 0xE8, 0xEC, 0xE8, 0x45, 0x6C, 0x39, 0x00, 0x00, 0x00, 0x00,
    0x00, 0x90, 0xFF, 0xFF, 0xC2, 0x0C, 0x00, 0x00, 0x00, 0x39, 0x85, 0xEF, 0xFF, 0x88, 0x00, 0x00,
    0x00, 0x00, 0x00, 0x47, 0xFF, 0xD5, 0x00, 0x00, 0x00, 0x00, 0x00, 0x06, 0xFE, 0xF4, 0x00, 0x00,
    0x00, 0x00, 0x00, 0x00, 0xF4, 0xFC, 0x00, 0x00, 0x00, 0x00, 0x00, 0x00, 0xF4, 0xFC, 0x00, 0x00,
    0x00, 0x00, 0x00, 0x00, 0xF4, 0xFD, 0x00, 0x00, 0x00, 0x00, 0x00, 0x00, 0xEB, 0xFF, 0x17, 0x00,
    0x00, 0x00, 0x00, 0x00, 0xB1, 0xFF, 0x96, 0x06, 0x00, 0x00, 0x00, 0x00, 0x15, 0xA2, 0xF2, 0xF8,
    0x7B, 0x00, 0x00, 0x00, 0x07, 0x7F, 0xE4, 0xFF, 0x8C, 0x00, 0x00, 0x00, 0x99, 0xFF, 0xB9, 0x28,
    0x04, 0x00, 0x00, 0x00, 0xE5, 0xFF, 0x26, 0x00, 0x00, 0x00, 0x00, 0x00, 0xF4, 0xFE, 0x03, 0x00,
    0x00, 0x00, 0x00, 0x00, 0xF4, 0xFC, 0x00, 0x00, 0x00, 0x00, 0x00, 0x00, 0xF4, 0xFC, 0x00, 0x00,
    0x00, 0x00, 0x00, 0x01, 0xF9, 0xF8, 0x00, 0x00, 0x00, 0x00, 0x00, 0x1E, 0xFF, 0xE5, 0x00, 0x00,
    0x00, 0x00, 0x0A, 0xA7, 0xFF, 0xB0, 0x00, 0x00, 0x00, 0x81, 0xFC, 0xFF, 0xFD, 0x3D, 0x00, 0x00,
    0x00, 0x8D, 0xED, 0xB8, 0x41, 0x00, 0x00, 0x00, 0x00, 0x00, 0x03, 0x7E, 0xE0, 0xF8, 0xD2, 0x65,
    0x01, 0x00, 0x00, 0x07, 0x8C, 0x7B, 0x00, 0x84, 0xFF, 0xFD, 0xE9, 0xFF, 0xFF, 0xC0, 0x24, 0x00,
    0x5A, 0xFF, 0xC9, 0x00, 0xE8, 0xFE, 0x36, 0x00, 0x32, 0xD2, 0xFF, 0xFE, 0xE7, 0xFE, 0xFF, 0x64,
    0x01, 0x8F, 0x85, 0x00, 0x00, 0x00, 0x06, 0x79, 0xDC, 0xFA, 0xDA, 0x6D, 0x00, 0x00, 0x9F, 0xF4,
    0x88, 0x00, 0x13, 0xFF, 0xFF, 0xF9, 0x01, 0x00, 0x9F, 0xF4, 0x88, 0x00, 0x00, 0x00, 0x00, 0x00,
    0x00, 0x00, 0x00, 0x00, 0x00, 0x00, 0x00, 0x96, 0xFF, 0x84, 0x00, 0x00, 0x99, 0xFF, 0x87, 0x00,
    0x00, 0x9D, 0xFF, 0x8A, 0x00, 0x00, 0xA0, 0xFF, 0x8D, 0x00, 0x00, 0xA3, 0xFF, 0x90, 0x00, 0x00,
    0xA7, 0xFF, 0x93, 0x00, 0x00, 0xAA, 0xFF, 0x96, 0x00, 0x00, 0xAD, 0xFF, 0x99, 0x00, 0x00, 0xB1,
    0xFF, 0x9C, 0x00, 0x00, 0xB4, 0xFF, 0x9F, 0x00, 0x00, 0xB7, 0xFF, 0xA2, 0x00, 0x00, 0xBA, 0xFF,
    0xA6, 0x00, 0x00, 0x00, 0x00, 0x00, 0x00, 0xA4, 0xC0, 0x00, 0x00, 0x00, 0x00, 0x00, 0x00, 0x00,
    0x00, 0x00, 0x00, 0xA4, 0xC0, 0x00, 0x00, 0x00, 0x00, 0x00, 0x00, 0x00, 0x00, 0x56, 0xB5, 0xF4,
    0xFA, 0xC7, 0x81, 0x11, 0x00, 0x00, 0x00, 0x08, 0xB2, 0xFF, 0xFF, 0xFE, 0xFB, 0xFF, 0xFF, 0xEB,
    0x31, 0x00, 0x00, 0x9B, 0xFF, 0xE4, 0x46, 0xA5, 0xC0, 0x1A, 0xAC, 0xFF, 0xE9, 0x0C, 0x2A, 0xFE,
    0xFD, 0x32, 0x00, 0xA4, 0xC0, 0x00, 0x04, 0xCE, 0xD1, 0x3B, 0x80, 0xFF, 0xB6, 0x00, 0x00, 0xA4,
    0xC0, 0x00, 0x00, 0x04, 0x00, 0x00, 0xAE, 0xFF, 0x76, 0x00, 0x00, 0xA4, 0xC0, 0x00, 0x00, 0x00,
    0x00, 0x00, 0xC2, 0xFF, 0x60, 0x00, 0x00, 0xA4, 0xC0, 0x00, 0x00, 0x00, 0x00, 0x00, 0xB2, 0xFF,
    0x6F, 0x00, 0x00, 0xA4, 0xC0, 0x00, 0x00, 0x00, 0x00, 0x00, 0x8B, 0xFF, 0xA6, 0x00, 0x00, 0xA4,
    0xC0, 0x00, 0x00, 0x01, 0x00, 0x00, 0x39, 0xFF, 0xF7, 0x1D, 0x00, 0xA4, 0xC0, 0x00, 0x00, 0xB5,
    0xC4, 0x3E, 0x00, 0xB3, 0xFF, 0xCD, 0x20, 0xA4, 0xC0, 0x05, 0x86, 0xFF, 0xF7, 0x19, 0x00, 0x14,
    0xD0, 0xFF, 0xFC, 0xF1, 0xF2, 0xEE, 0xFF, 0xFA, 0x50, 0x00, 0x00, 0x00, 0x0B, 0x7C, 0xDB, 0xFF,
    0xFF, 0xEF, 0xAB, 0x2D, 0x00, 0x00, 0x00, 0x00, 0x00, 0x00, 0x00, 0xA6, 0xC4, 0x01, 0x00, 0x00,
    0x00, 0x00, 0x00, 0x00, 0x00, 0x00, 0x00, 0xA4, 0xC0, 0x00, 0x00, 0x00, 0x00, 0x00, 0x00, 0x00,
    0x00, 0x01, 0x63, 0xC1, 0xEC, 0xF9, 0xDC, 0x8D, 0x14, 0x00, 0x00, 0x00, 0x00, 0x05, 0xB8, 0xFF,
    0xFF, 0xFE, 0xF6, 0xFF, 0xFF, 0xE5, 0x26, 0x00, 0x00, 0x00, 0x80, 0xFF, 0xEA, 0x54, 0x09, 0x00,
    0x29, 0xC1, 0xFF, 0xCD, 0x00, 0x00, 0x00, 0xE3, 0xFF, 0x58, 0x00, 0x00, 0x00, 0x00, 0x0E, 0xF0,
    0xFF, 0x35, 0x00, 0x05, 0xFF, 0xFF, 0x17, 0x00, 0x00, 0x00, 0x00, 0x00, 0x2A, 0x1C, 0x02, 0x00,
    0x06, 0xFF, 0xFF, 0x13, 0x00, 0x00, 0x00, 0x00, 0x00, 0x00, 0x00, 0x00, 0x00, 0x00, 0xFD, 0xFF,
    0x1D, 0x00, 0x00, 0x00, 0x00, 0x00, 0x00, 0x00, 0x00, 0x9A, 0xDC, 0xFF, 0xFF, 0xE0, 0xDC, 0xDC,
    0xDC, 0xDC, 0xAF, 0x00, 0x00, 0x00, 0xB4, 0xFF, 0xFF, 0xFF, 0xFF, 0xFF, 0xFF, 0xFF, 0xFF, 0xCC,
    0x00, 0x00, 0x00, 0x00, 0x00, 0xE5, 0xFF, 0x33, 0x00, 0x00, 0x00, 0x00, 0x00, 0x00, 0x00, 0x00,
    0x00, 0x00, 0xDD, 0xFF, 0x3B, 0x00, 0x00, 0x00, 0x00, 0x00, 0x00, 0x00, 0x00, 0x00, 0x00, 0xD5,
    0xFF, 0x43, 0x00, 0x00, 0x00, 0x00, 0x00, 0x00, 0x00, 0x00, 0x00, 0x00, 0xCF, 0xFF, 0x48, 0x00,
    0x00, 0x00, 0x00, 0x00, 0x00, 0x00, 0x00, 0x00, 0x00, 0xE2, 0xFF, 0x27, 0x00, 0x00, 0x00, 0x00,
    0x00, 0x6E, 0xB0, 0x3C, 0x01, 0x5C, 0xFF, 0x87, 0x00, 0x00, 0x00, 0x00, 0x00, 0x01, 0xBC, 0xFF,
    0x42, 0xAF, 0xFF, 0xFD, 0xEC, 0xEC, 0xEC, 0xEC, 0xEC, 0xEC, 0xF2, 0xFF, 0xEF, 0x10, 0xB4, 0xFF,
    0xFF, 0xFF, 0xFF, 0xFF, 0xFF, 0xFF, 0xFF, 0xF7, 0xCE, 0x43, 0x00, 0x00, 0x0D, 0x00, 0x00, 0x00,
    0x00, 0x00, 0x00, 0x00, 0x00, 0x00, 0x00, 0x00, 0x0D, 0x00, 0x00, 0x14, 0xD5, 0x85, 0x00, 0x34,
    0x9F, 0xE1, 0xF9, 0xEC, 0xB8, 0x59, 0x02, 0x34, 0xEB, 0x53, 0x00, 0x47, 0xFB, 0xFF, 0xC3, 0xFE,
    0xFF, 0xFC, 0xE5, 0xF7, 0xFF, 0xFF, 0xCA, 0xEE, 0xFF, 0xAD, 0x00, 0x00, 0x56, 0xFE, 0xFF, 0xE8,
    0x60, 0x08, 0x00, 0x01, 0x3F, 0xC5, 0xFF, 0xFF, 0xB3, 0x06, 0x00, 0x00, 0x54, 0xFF, 0xE1, 0x1B,
    0x00, 0x00, 0x00, 0x00, 0x00, 0x05, 0xAD, 0xFF, 0xA3, 0x00, 0x00, 0x00, 0xD5, 0xFF, 0x41, 0x00,
    0x00, 0x00, 0x00, 0x00, 0x00, 0x00, 0x0E, 0xEB, 0xFE, 0x23, 0x00, 0x24, 0xFF, 0xD3, 0x00, 0x00,
    0x00, 0x00, 0x00, 0x00, 0x00, 0x00, 0x00, 0x8E, 0xFF, 0x72, 0x00, 0x4A, 0xFF, 0xA4, 0x00, 0x00,
    0x00, 0x00, 0x00, 0x00, 0x00, 0x00, 0x00, 0x60, 0xFF, 0x98, 0x00, 0x4B, 0xFF, 0xA3, 0x00, 0x00,
    0x00, 0x00, 0x00, 0x00, 0x00, 0x00, 0x00, 0x60, 0xFF, 0x9A, 0x00, 0x29, 0xFF, 0xD4, 0x00, 0x00,
    0x00, 0x00, 0x00, 0x00, 0x00, 0x00, 0x00, 0x8F, 0xFF, 0x78, 0x00, 0x01, 0xD5, 0xFF, 0x43, 0x00,
    0x00, 0x00, 0x00, 0x00, 0x00, 0x00, 0x0F, 0xEC, 0xFF, 0x2D, 0x00, 0x00, 0x56, 0xFF, 0xE3, 0x1E,
    0x00, 0x00, 0x00, 0x00, 0x00, 0x06, 0xB1, 0xFF, 0xB1, 0x00, 0x00, 0x00, 0x8B, 0xFF, 0xFF, 0xEA,
    0x63, 0x09, 0x00, 0x01, 0x41, 0xC8, 0xFF, 0xFF, 0xD3, 0x19, 0x00, 0x58, 0xFF, 0xF8, 0xAB, 0xFF,
    0xFF, 0xFC, 0xE4, 0xF6, 0xFF, 0xFF, 0xC8, 0xCA, 0xFF, 0xC1, 0x00, 0x02, 0x9B, 0x47, 0x00, 0x38,
    0xA3, 0xE2, 0xFA, 0xED, 0xBA, 0x5B, 0x03, 0x10, 0xB1, 0x24, 0x00, 0x61, 0xFF, 0xF4, 0x15, 0x00,
    0x00, 0x00, 0x00, 0x00, 0x01, 0xD5, 0xFF, 0x9B, 0x03, 0xD5, 0xFF, 0x87, 0x00, 0x00, 0x00, 0x00,
    0x00, 0x54, 0xFF, 0xF7, 0x1B, 0x00, 0x51, 0xFF, 0xF2, 0x12, 0x00, 0x00, 0x00, 0x01, 0xD0, 0xFF,
    0x8A, 0x00, 0x00, 0x00, 0xC8, 0xFF, 0x82, 0x00, 0x00, 0x00, 0x4F, 0xFF, 0xEF, 0x12, 0x00, 0x00,
    0x00, 0x42, 0xFF, 0xF0, 0x0F, 0x00, 0x00, 0xCB, 0xFF, 0x79, 0x00, 0x00, 0x00, 0x00, 0x00, 0xBA,
    0xFF, 0x7D, 0x00, 0x4A, 0xFF, 0xE6, 0x0A, 0x00, 0x00, 0x00, 0x00, 0x00, 0x34, 0xFE, 0xED, 0x0D,
    0xC7, 0xFF, 0x67, 0x00, 0x00, 0x00, 0x00, 0x00, 0x00, 0x00, 0xAB, 0xFF, 0xB6, 0xFF, 0xDA, 0x04,
    0x00, 0x00, 0x00, 0x00, 0x48, 0xDC, 0xDC, 0xE9, 0xFF, 0xFF, 0xFF, 0xF0, 0xDC, 0xDC, 0x71, 0x00,
    0x00, 0x54, 0xFF, 0xFF, 0xFF, 0xFF, 0xFF, 0xFF, 0xFF, 0xFF, 0xFF, 0x84, 0x00, 0x00, 0x00, 0x00,
    0x00, 0x00, 0x80, 0xFF, 0xB8, 0x00, 0x00, 0x00, 0x00, 0x00, 0x00, 0x00, 0x00, 0x00, 0x00, 0x80,
    0xFF, 0xB8, 0x00, 0x00, 0x00, 0x00, 0x00, 0x00, 0x54, 0xFF, 0xFF, 0xFF, 0xFF, 0xFF, 0xFF, 0xFF,
    0xFF, 0xFF, 0x84, 0x00, 0x00, 0x48, 0xDC, 0xDC, 0xDC, 0xEE, 0xFF, 0xF5, 0xDC, 0xDC, 0xDC, 0x71,
    0x00, 0x00, 0x00, 0x00, 0x00, 0x00, 0x80, 0xFF, 0xB8, 0x00, 0x00, 0x00, 0x00, 0x00, 0x00, 0x00,
    0x00, 0x00, 0x00, 0x80, 0xFF, 0xB8, 0x00, 0x00, 0x00, 0x00, 0x00, 0x00, 0x00, 0x00, 0x00, 0x00,
    0x80, 0xFF, 0xB8, 0x00, 0x00, 0x00, 0x00, 0x00, 0xC0, 0xFF, 0x3C, 0xC0, 0xFF, 0x3C, 0xC0, 0xFF,
    0x3C, 0xC0, 0xFF, 0x3C, 0xC0, 0xFF, 0x3C, 0xC0, 0xFF, 0x3C, 0xC0, 0xFF, 0x3C, 0xC0, 0xFF, 0x3C,
    0x00, 0x00, 0x00, 0x00, 0x00, 0x00, 0x00, 0x00, 0x00, 0x00, 0x00, 0x00, 0x00, 0x00, 0x00, 0xC0,
    0xFF, 0x3C, 0xC0, 0xFF, 0x3C, 0xC0, 0xFF, 0x3C, 0xC0, 0xFF, 0x3C, 0xC0, 0xFF, 0x3C, 0xC0, 0xFF,
    0x3C, 0xC0, 0xFF, 0x3C, 0xC0, 0xFF, 0x3C, 0x00, 0x00, 0x06, 0x6C, 0xCD, 0xF1, 0xE9, 0xBC, 0x3D,
    0x00, 0x00, 0x00, 0x00, 0x01, 0xB7, 0xFF, 0xFF, 0xEA, 0xF0, 0xFF, 0xFD, 0x48, 0x00, 0x00, 0x00,
    0x41, 0xFF, 0xEF, 0x37, 0x00, 0x00, 0x63, 0xFF, 0xE4, 0x03, 0x00, 0x00, 0x69, 0xFF, 0xA1, 0x00,
    0x00, 0x00, 0x00, 0xB0, 0xEC, 0x31, 0x00, 0x00, 0x4B, 0xFF, 0xC7, 0x01, 0x00, 0x00, 0x00, 0x0D,
    0x02, 0x00, 0x00, 0x00, 0x04, 0xCB, 0xFF, 0xA5, 0x0E, 0x00, 0x00, 0x00, 0x00, 0x00, 0x00, 0x00,
    0x04, 0x61, 0xD3, 0xE5, 0xE6, 0x60, 0x01, 0x00, 0x00, 0x00, 0x00, 0x04, 0xBF, 0xAE, 0x01, 0x08,
    0x7B, 0xF3, 0xCB, 0x3A, 0x00, 0x00, 0x00, 0x5D, 0xFF, 0x59, 0x00, 0x00, 0x00, 0x19, 0xA0, 0xFD,
    0x88, 0x00, 0x00, 0x86, 0xFF, 0x7E, 0x00, 0x00, 0x00, 0x00, 0x00, 0x5C, 0xFF, 0x78, 0x00, 0x59,
    0xFF, 0xF4, 0x43, 0x00, 0x00, 0x00, 0x00, 0x00, 0xC6, 0xF3, 0x0B, 0x04, 0xD0, 0xFF, 0xFE, 0x9E,
    0x17, 0x00, 0x00, 0x00, 0xBA, 0xFF, 0x2C, 0x00, 0x1A, 0xCA, 0xFF, 0xFF, 0xF2, 0x76, 0x09, 0x52,
    0xFC, 0xF2, 0x0B, 0x00, 0x00, 0x05, 0x72, 0xEF, 0xFF, 0xFF, 0xFF, 0xFF, 0xFA, 0x5C, 0x00, 0x00,
    0x00, 0x00, 0x00, 0x13, 0x93, 0xFB, 0xFF, 0xD2, 0x22, 0x00, 0x00, 0x00, 0x00, 0x00, 0x00, 0x00,
    0x00, 0x2D, 0xDA, 0xFF, 0x79, 0x00, 0x00, 0x00, 0x00, 0x0A, 0x00, 0x00, 0x00, 0x00, 0x22, 0xFE,
    0xF2, 0x06, 0x00, 0x00, 0xBC, 0xF8, 0x1B, 0x00, 0x00, 0x00, 0x02, 0xF7, 0xFF, 0x1C, 0x00, 0x00,
    0x9F, 0xFF, 0xBC, 0x15, 0x00, 0x05, 0x7E, 0xFF, 0xEF, 0x04, 0x00, 0x00, 0x17, 0xE3, 0xFF, 0xFD,
    0xE4, 0xF5, 0xFF, 0xFF, 0x65, 0x00, 0x00, 0x00, 0x00, 0x19, 0x96, 0xDA, 0xF7, 0xE2, 0xB1, 0x3B,
    0x00, 0x00, 0x00, 0x41, 0xC9, 0x70, 0x00, 0x00, 0x4C, 0xCA, 0x64, 0xB7, 0xFF, 0xF7, 0x00, 0x00,
    0xC7, 0xFF, 0xE7, 0x5C, 0xF2, 0x95, 0x00, 0x00, 0x6A, 0xF3, 0x86, 0x00, 0x00, 0x00, 0x00, 0x00,
    0x00, 0x26, 0x79, 0xB6, 0xCF, 0xCE, 0xB4, 0x74, 0x20, 0x00, 0x00, 0x00, 0x00, 0x00, 0x00, 0x00,
    0x00, 0x00, 0x16, 0xA2, 0xFD, 0xFF, 0xFF, 0xFF, 0xFF, 0xFF, 0xFF, 0xFB, 0x98, 0x10, 0x00, 0x00,
    0x00, 0x00, 0x00, 0x00, 0x2F, 0xE2, 0xFF, 0xEA, 0x7B, 0x2E, 0x0C, 0x0D, 0x31, 0x81, 0xEF, 0xFF,
    0xD9, 0x24, 0x00, 0x00, 0x00, 0x00, 0x1D, 0xE7, 0xFF, 0xB0, 0x0E, 0x00, 0x00, 0x00, 0x00, 0x00,
    0x00, 0x13, 0xBB, 0xFF, 0xDD, 0x14, 0x00, 0x00, 0x00, 0xBB, 0xFF, 0xB2, 0x02, 0x00, 0x29, 0x95,
    0xC9, 0xCF, 0x9F, 0x36, 0x00, 0x05, 0xBF, 0xFF, 0xA9, 0x00, 0x00, 0x44, 0xFF, 0xED, 0x10, 0x00,
    0x62, 0xF9, 0xFF, 0xFF, 0xFF, 0xFF, 0xFE, 0x7A, 0x00, 0x18, 0xF4, 0xFE, 0x31, 0x00, 0x9F, 0xFF,
    0x81, 0x00, 0x3C, 0xFC, 0xFA, 0x79, 0x15, 0x11, 0x67, 0xF7, 0xFF, 0x4A, 0x00, 0x91, 0xFF, 0x8B,
    0x00, 0xDF, 0xFF, 0x34, 0x00, 0xB5, 0xFF, 0x73, 0x00, 0x00, 0x00, 0x00, 0x6D, 0xFC, 0xB2, 0x00,
    0x42, 0xFF, 0xCE, 0x00, 0xF9, 0xFF, 0x11, 0x00, 0xED, 0xFF, 0x0E, 0x00, 0x00, 0x00, 0x00, 0x00,
    0x00, 0x00, 0x00, 0x1E, 0xFF, 0xE9, 0x01, 0xFB, 0xFF, 0x0E, 0x00, 0xF1, 0xFE, 0x08, 0x00, 0x00,
    0x00, 0x00, 0x00, 0x00, 0x00, 0x00, 0x1A, 0xFF, 0xEC, 0x00, 0xE4, 0xFF, 0x2D, 0x00, 0xC1, 0xFF,
    0x5C, 0x00, 0x00, 0x00, 0x00, 0x7A, 0xD8, 0x75, 0x00, 0x3A, 0xFF, 0xD3, 0x00, 0xAA, 0xFF, 0x74,
    0x00, 0x4F, 0xFF, 0xF1, 0x51, 0x01, 0x00, 0x4C, 0xF6, 0xFE, 0x35, 0x00, 0x84, 0xFF, 0x97, 0x00,
    0x55, 0xFF, 0xE2, 0x08, 0x00, 0x85, 0xFF, 0xFF, 0xEF, 0xEC, 0xFF, 0xFF, 0x82, 0x00, 0x0D, 0xEB,
    0xFF, 0x41, 0x00, 0x02, 0xCF, 0xFF, 0x94, 0x00, 0x00, 0x4B, 0xBB, 0xEF, 0xF4, 0xC4, 0x53, 0x00,
    0x00, 0xA3, 0xFF, 0xBE, 0x00, 0x00, 0x00, 0x30, 0xF4, 0xFF, 0x8B, 0x02, 0x00, 0x00, 0x00, 0x00,
    0x00, 0x00, 0x05, 0x98, 0xFF, 0xED, 0x24, 0x00, 0x00, 0x00, 0x00, 0x4A, 0xF3, 0xFF, 0xD1, 0x57,
    0x0C, 0x00, 0x00, 0x0F, 0x5D, 0xD8, 0xFF, 0xED, 0x3C, 0x00, 0x00, 0x00, 0x00, 0x00, 0x00, 0x2C,
    0xC8, 0xFF, 0xFF, 0xFD, 0xE7, 0xE8, 0xFD, 0xFF, 0xFF, 0xBE, 0x23, 0x00, 0x00, 0x00, 0x00, 0x00,
    0x00, 0x00, 0x00, 0x00, 0x4B, 0xA1, 0xDB, 0xF4, 0xF3, 0xD9, 0x9B, 0x43, 0x00, 0x00, 0x00, 0x00,
    0x00, 0x00, 0x00, 0x35, 0xA8, 0xE6, 0xF8, 0xDC, 0x8B, 0x17, 0x00, 0x00, 0x4E, 0xFB, 0xFA, 0xAB,
    0x8C, 0xBE, 0xFF, 0xDC, 0x0B, 0x00, 0x6C, 0xC2, 0x45, 0x00, 0x00, 0x00, 0xB5, 0xFF, 0x5A, 0x00,
    0x00, 0x00, 0x00, 0x00, 0x00, 0x17, 0xB2, 0xFF, 0x79, 0x00, 0x02, 0x57, 0x9F, 0xCF, 0xF4, 0xFF,
    0xFF, 0xFF, 0x7C, 0x00, 0xAA, 0xFF, 0xF2, 0xAD, 0x85, 0x5E, 0x9B, 0xFF, 0x7C, 0x22, 0xFF, 0xE9,
    0x15, 0x00, 0x00, 0x00, 0x91, 0xFF, 0x7C, 0x2A, 0xFF, 0xDD, 0x04, 0x00, 0x00, 0x1A, 0xE6, 0xFF,
    0x7C, 0x01, 0xD1, 0xFF, 0xCF, 0x8C, 0x9F, 0xEF, 0xDD, 0xFF, 0x7C, 0x00, 0x16, 0x96, 0xE3, 0xF8,
    0xD9, 0x6D, 0x78, 0xFF, 0x7C, 0x00, 0x00, 0x00, 0x00, 0x8C, 0xFF, 0xD2, 0x0C, 0x06, 0xC1, 0xFF,
    0xA1, 0x00, 0x00, 0x00, 0x00, 0x63, 0xFF, 0xEA, 0x1F, 0x00, 0x9F, 0xFF, 0xC7, 0x07, 0x00, 0x00,
    0x00, 0x40, 0xFA, 0xF9, 0x3C, 0x00, 0x78, 0xFF, 0xE3, 0x18, 0x00, 0x00, 0x00, 0x25, 0xED, 0xFF,
    0x63, 0x00, 0x51, 0xFE, 0xF5, 0x31, 0x00, 0x00, 0x00, 0x11, 0xD9, 0xFF, 0x8F, 0x00, 0x32, 0xF5,
    0xFE, 0x54, 0x00, 0x00, 0x00, 0x00, 0x9C, 0xFF, 0xDF, 0x03, 0x01, 0xD7, 0xFF, 0xA6, 0x00, 0x00,
    0x00, 0x00, 0x00, 0x1F, 0xE8, 0xFF, 0x74, 0x00, 0x48, 0xFB, 0xF9, 0x3E, 0x00, 0x00, 0x00, 0x00,
    0x00, 0x34, 0xF5, 0xFD, 0x50, 0x00, 0x65, 0xFF, 0xEC, 0x24, 0x00, 0x00, 0x00, 0x00, 0x00, 0x4E,
    0xFD, 0xF4, 0x32, 0x00, 0x88, 0xFF, 0xD9, 0x11, 0x00, 0x00, 0x00, 0x00, 0x00, 0x6D, 0xFF, 0xE5,
    0x1B, 0x01, 0xA8, 0xFF, 0xBF, 0x05, 0x00, 0x00, 0x00, 0x00, 0x00, 0x8F, 0xFF, 0xCE, 0x0B, 0x07,
    0xC3, 0xFF, 0x9E, 0x00, 0x52, 0xDC, 0xDC, 0xDC, 0xDC, 0xDC, 0xDC, 0xDC, 0xDC, 0xDC, 0x5C, 0x60,
    0xFF, 0xFF, 0xFF, 0xFF, 0xFF, 0xFF, 0xFF, 0xFF, 0xFF, 0x6C, 0x00, 0x00, 0x00, 0x00, 0x00, 0x00,
    0x00, 0x00, 0x90, 0xFF, 0x6C, 0x00, 0x00, 0x00, 0x00, 0x00, 0x00, 0x00, 0x00, 0x90, 0xFF, 0x6C,
    0x00, 0x00, 0x00, 0x00, 0x00, 0x00, 0x00, 0x00, 0x8D, 0xFC, 0x6A, 0x00, 0x00, 0x00, 0x03, 0x58,
    0xAA, 0xCE, 0xCF, 0xA9, 0x57, 0x03, 0x00, 0x00, 0x00, 0x00, 0x00, 0x29, 0xD4, 0xFF, 0xFF, 0xFF,
    0xFF, 0xFF, 0xFF, 0xD3, 0x28, 0x00, 0x00, 0x00, 0x27, 0xEF, 0xFF, 0xAB, 0x3F, 0x10, 0x10, 0x40,
    0xAD, 0xFF, 0xEF, 0x26, 0x00, 0x01, 0xCF, 0xFF, 0x65, 0x00, 0x00, 0x00, 0x00, 0x00, 0x00, 0x6A,
    0xFF, 0xCD, 0x01, 0x50, 0xFF, 0x94, 0x00, 0x5F, 0xEC, 0xEC, 0xEA, 0xB2, 0x18, 0x00, 0x9B, 0xFF,
    0x4B, 0xA0, 0xFE, 0x1D, 0x00, 0x68, 0xFF, 0x1C, 0x34, 0xED, 0xA1, 0x00, 0x22, 0xFF, 0x9C, 0xC6,
    0xE6, 0x00, 0x00, 0x68, 0xFF, 0x00, 0x11, 0xE8, 0xA4, 0x00, 0x00, 0xEC, 0xC1, 0xC9, 0xE1, 0x00,
    0x00, 0x68, 0xFF, 0xEC, 0xF8, 0xEA, 0x21, 0x00, 0x00, 0xE6, 0xC5, 0xA9, 0xFD, 0x12, 0x00, 0x68,
    0xFF, 0x1C, 0x7A, 0xF9, 0x21, 0x00, 0x16, 0xFE, 0xA4, 0x5F, 0xFF, 0x7D, 0x00, 0x68, 0xFF, 0x00,
    0x06, 0xDF, 0xA6, 0x00, 0x84, 0xFF, 0x5A, 0x07, 0xDF, 0xFA, 0x44, 0x0E, 0x24, 0x00, 0x00, 0x15,
    0x22, 0x48, 0xFB, 0xDE, 0x06, 0x00, 0x3B, 0xF9, 0xFB, 0x86, 0x1B, 0x00, 0x00, 0x1B, 0x89, 0xFC,
    0xF9, 0x3B, 0x00, 0x00, 0x00, 0x43, 0xEC, 0xFF, 0xFF, 0xEB, 0xEC, 0xFF, 0xFF, 0xEC, 0x43, 0x00,
    0x00, 0x00, 0x00, 0x00, 0x11, 0x80, 0xD0, 0xF4, 0xF4, 0xCF, 0x7F, 0x10, 0x00, 0x00, 0x00, 0x71,
    0xDC, 0xDC, 0xDC, 0xDC, 0xDC, 0xD8, 0x84, 0xFF, 0xFF, 0xFF, 0xFF, 0xFF, 0xFC, 0x00, 0x00, 0x49,
    0xB4, 0xD3, 0xB1, 0x42, 0x00, 0x00, 0x00, 0x71, 0xFF, 0xFF, 0xFF, 0xFF, 0xFE, 0x64, 0x00, 0x1E,
    0xFB, 0xEB, 0x46, 0x0C, 0x4B, 0xF0, 0xF6, 0x13, 0x64, 0xFF, 0x6E, 0x00, 0x00, 0x00, 0x7B, 0xFF,
    0x54, 0x6A, 0xFF, 0x63, 0x00, 0x00, 0x00, 0x6F, 0xFF, 0x59, 0x2C, 0xFF, 0xDD, 0x24, 0x00, 0x28,
    0xE4, 0xFD, 0x1F, 0x00, 0x96, 0xFF, 0xFD, 0xE7, 0xFE, 0xFF, 0x87, 0x00, 0x00, 0x01, 0x70, 0xD9,
    0xF8, 0xD7, 0x69, 0x00, 0x00, 0x00, 0x00, 0x00, 0x00, 0x08, 0xFF, 0xF0, 0x00, 0x00, 0x00, 0x00,
    0x00, 0x00, 0x00, 0x00, 0x00, 0x08, 0xFF, 0xF0, 0x00, 0x00, 0x00, 0x00, 0x00, 0x00, 0x00, 0x00,
    0x00, 0x08, 0xFF, 0xF0, 0x00, 0x00, 0x00, 0x00, 0x00, 0x00, 0x00, 0x00, 0x00, 0x08, 0xFF, 0xF0,
    0x00, 0x00, 0x00, 0x00, 0x00, 0x94, 0xFF, 0xFF, 0xFF, 0xFF, 0xFF, 0xFF, 0xFF, 0xFF, 0xFF, 0xFF,
    0x7C, 0x7F, 0xDC, 0xDC, 0xDC, 0xDD, 0xFF, 0xFD, 0xDC, 0xDC, 0xDC, 0xDC, 0x6A, 0x00, 0x00, 0x00,
    0x00, 0x08, 0xFF, 0xF0, 0x00, 0x00, 0x00, 0x00, 0x00, 0x00, 0x00, 0x00, 0x00, 0x08, 0xFF, 0xF0,
    0x00, 0x00, 0x00, 0x00, 0x00, 0x00, 0x00, 0x00, 0x00, 0x08, 0xFF, 0xF0, 0x00, 0x00, 0x00, 0x00,
    0x00, 0x00, 0x00, 0x00, 0x00, 0x00, 0x00, 0x00, 0x00, 0x00, 0x00, 0x00, 0x00, 0x7F, 0xDC, 0xDC,
    0xDC, 0xDC, 0xDC, 0xDC, 0xDC, 0xDC, 0xDC, 0xDC, 0x6A, 0x94, 0xFF, 0xFF, 0xFF, 0xFF, 0xFF, 0xFF,
    0xFF, 0xFF, 0xFF, 0xFF, 0x7C, 0x00, 0x44, 0xBB, 0xEB, 0xF4, 0xD4, 0x79, 0x08, 0x00, 0x4A, 0xFE,
    0xF3, 0x9C, 0x90, 0xDF, 0xFF, 0xAC, 0x00, 0x82, 0xCC, 0x50, 0x00, 0x00, 0x14, 0xFD, 0xFC, 0x01,
    0x00, 0x00, 0x00, 0x00, 0x00, 0x43, 0xFF, 0xCF, 0x00, 0x00, 0x00, 0x00, 0x00, 0x59, 0xF5, 0xF2,
    0x35, 0x00, 0x00, 0x00, 0x09, 0x9A, 0xFF, 0xDA, 0x2D, 0x00, 0x00, 0x00, 0x2B, 0xD4, 0xFF, 0x9B,
    0x0C, 0x00, 0x00, 0x00, 0x53, 0xF6, 0xFF, 0xCA, 0x84, 0x84, 0x84, 0x84, 0x2D, 0x9C, 0xFF, 0xFF,
    0xFF, 0xFF, 0xFF, 0xFF, 0xFF, 0x58, 0x00, 0x49, 0xB8, 0xED, 0xF9, 0xE4, 0xA3, 0x2B, 0x00, 0x4D,
    0xFF, 0xEC, 0xA6, 0x8A, 0xAE, 0xFE, 0xEF, 0x0F, 0x1E, 0x38, 0x1A, 0x00, 0x05, 0x33, 0xEC, 0xF6,
    0x15, 0x00, 0x00, 0x00, 0xC0, 0xFF, 0xFF, 0xB4, 0x30, 0x00, 0x00, 0x00, 0x00, 0x63, 0x8E, 0xCB,
    0xFF, 0xBF, 0x0E, 0x00, 0x00, 0x00, 0x00, 0x00, 0x01, 0xB9, 0xFF, 0x7C, 0x87, 0xBC, 0x51, 0x00,
    0x00, 0x00, 0xB5, 0xFF, 0x89, 0x54, 0xFE, 0xF9, 0xA8, 0x8B, 0xC3, 0xFF, 0xEF, 0x25, 0x00, 0x40,
    0xB4, 0xEC, 0xF8, 0xDD, 0x96, 0x20, 0x00, 0x00, 0x00, 0x41, 0x80, 0x67, 0x00, 0x02, 0xD9, 0xFF,
    0x51, 0x00, 0x55, 0xFF, 0xA9, 0x00, 0x00, 0xCC, 0xEC, 0x16, 0x00, 0x24, 0xFF, 0xF8, 0x00, 0x00,
    0x00, 0x00, 0x00, 0x00, 0xC4, 0xFF, 0x58, 0x00, 0x24, 0xFF, 0xF8, 0x00, 0x00, 0x00, 0x00, 0x00,
    0x00, 0xC4, 0xFF, 0x58, 0x00, 0x24, 0xFF, 0xF8, 0x00, 0x00, 0x00, 0x00, 0x00, 0x00, 0xC4, 0xFF,
    0x58, 0x00, 0x24, 0xFF, 0xF8, 0x00, 0x00, 0x00, 0x00, 0x00, 0x00, 0xC4, 0xFF, 0x58, 0x00, 0x24,
    0xFF, 0xF8, 0x00, 0x00, 0x00, 0x00, 0x00, 0x00, 0xC4, 0xFF, 0x58, 0x00, 0x24, 0xFF, 0xF8, 0x00,
    0x00, 0x00, 0x00, 0x00, 0x00, 0xC4, 0xFF, 0x58, 0x00, 0x24, 0xFF, 0xF8, 0x00, 0x00, 0x00, 0x00,
    0x00, 0x00, 0xC4, 0xFF, 0x58, 0x00, 0x24, 0xFF, 0xF8, 0x00, 0x00, 0x00, 0x00, 0x00, 0x00, 0xC4,
    0xFF, 0x58, 0x00, 0x24, 0xFF, 0xFE, 0x04, 0x00, 0x00, 0x00, 0x00, 0x00, 0xDA, 0xFF, 0x58, 0x00,
    0x24, 0xFF, 0xFF, 0x3C, 0x00, 0x00, 0x00, 0x00, 0x14, 0xFA, 0xFF, 0x58, 0x00, 0x24, 0xFF, 0xFF,
    0xCE, 0x20, 0x00, 0x00, 0x0C, 0xAE, 0xFF, 0xFF, 0x65, 0x00, 0x24, 0xFF, 0xFA, 0xD1, 0xF7, 0xBE,
    0xB3, 0xE9, 0xF6, 0x8F, 0xFF, 0xEB, 0xA1, 0x24, 0xFF, 0xF8, 0x18, 0xA0, 0xEB, 0xF1, 0xB5, 0x33,
    0x02, 0x7F, 0xE1, 0xF0, 0x24, 0xFF, 0xF8, 0x00, 0x00, 0x00, 0x00, 0x00, 0x00, 0x00, 0x00, 0x00,
    0x00, 0x24, 0xFF, 0xF8, 0x00, 0x00, 0x00, 0x00, 0x00, 0x00, 0x00, 0x00, 0x00, 0x00, 0x24, 0xFF,
    0xF8, 0x00, 0x00, 0x00, 0x00, 0x00, 0x00, 0x00, 0x00, 0x00, 0x00, 0x24, 0xFF, 0xF8, 0x00, 0x00,
    0x00, 0x00, 0x00, 0x00, 0x00, 0x00, 0x00, 0x00, 0x24, 0xFF, 0xF8, 0x00, 0x00, 0x00, 0x00, 0x00,
    0x00, 0x00, 0x00, 0x00, 0x00, 0x00, 0x00, 0x16, 0x83, 0xD2, 0xF1, 0xFF, 0xFF, 0xFF, 0xFF, 0xFF,
    0x5C, 0x00, 0x34, 0xE8, 0xFF, 0xFF, 0xFF, 0xFF, 0xDD, 0xDC, 0xFA, 0xFF, 0x5C, 0x0C, 0xE2, 0xFF,
    0xFF, 0xFF, 0xFF, 0xFF, 0x0C, 0x00, 0xD8, 0xFF, 0x5C, 0x63, 0xFF, 0xFF, 0xFF, 0xFF, 0xFF, 0xFF,
    0x0C, 0x00, 0xD8, 0xFF, 0x5C, 0x9C, 0xFF, 0xFF, 0xFF, 0xFF, 0xFF, 0xFF, 0x0C, 0x00, 0xD8, 0xFF,
    0x5C, 0xAC, 0xFF, 0xFF, 0xFF, 0xFF, 0xFF, 0xFF, 0x0C, 0x00, 0xD8, 0xFF, 0x5C, 0x91, 0xFF, 0xFF,
    0xFF, 0xFF, 0xFF, 0xFF, 0x0C, 0x00, 0xD8, 0xFF, 0x5C, 0x46, 0xFF, 0xFF, 0xFF, 0xFF, 0xFF, 0xFF,
    0x0C, 0x00, 0xD8, 0xFF, 0x5C, 0x01, 0xBA, 0xFF, 0xFF, 0xFF, 0xFF, 0xFF, 0x0C, 0x00, 0xD8, 0xFF,
    0x5C, 0x00, 0x11, 0xB2, 0xFF, 0xFF, 0xFF, 0xFF, 0x0C, 0x00, 0xD8, 0xFF, 0x5C, 0x00, 0x00, 0x00,
    0x37, 0x84, 0xA2, 0xAF, 0x08, 0x00, 0xD8, 0xFF, 0x5C, 0x00, 0x00, 0x00, 0x00, 0x00, 0x00, 0x00,
    0x00, 0x00, 0xD8, 0xFF, 0x5C, 0x00, 0x00, 0x00, 0x00, 0x00, 0x00, 0x00, 0x00, 0x00, 0xD8, 0xFF,
    0x5C, 0x00, 0x00, 0x00, 0x00, 0x00, 0x00, 0x00, 0x00, 0x00, 0xD8, 0xFF, 0x5C, 0x00, 0x00, 0x00,
    0x00, 0x00, 0x00, 0x00, 0x00, 0x00, 0xD8, 0xFF, 0x5C, 0x00, 0x00, 0x00, 0x00, 0x00, 0x00, 0x00,
    0x00, 0x00, 0xD8, 0xFF, 0x5C, 0x00, 0x00, 0x00, 0x00, 0x00, 0x00, 0x00, 0x00, 0x00, 0xD8, 0xFF,
    0x5C, 0x00, 0x9F, 0xF4, 0x8B, 0x00, 0x13, 0xFF, 0xFF, 0xFC, 0x02, 0x00, 0x9F, 0xF4, 0x8B, 0x00,
    0x00, 0x79, 0xB4, 0x00, 0x00, 0x00, 0x99, 0xC9, 0x33, 0x01, 0x00, 0x99, 0xDE, 0xFE, 0xA3, 0x00,
    0x04, 0x0A, 0xCE, 0xDE, 0x30, 0xFF, 0xFF, 0xF9, 0x72, 0x09, 0x30, 0x28, 0x0C, 0x00, 0x00, 0x53,
    0xE4, 0xFF, 0xD8, 0xA4, 0xFF, 0xEB, 0xFF, 0xD8, 0xC2, 0x6D, 0x31, 0xFF, 0xD8, 0x05, 0x00, 0x2C,
    0xFF, 0xD8, 0x00, 0x00, 0x2C, 0xFF, 0xD8, 0x00, 0x00, 0x2C, 0xFF, 0xD8, 0x00, 0x00, 0x2C, 0xFF,
    0xD8, 0x00, 0x00, 0x2C, 0xFF, 0xD8, 0x00, 0x00, 0x2C, 0xFF, 0xD8, 0x00, 0x00, 0x07, 0x79, 0xD3,
    0xF5, 0xEB, 0xB4, 0x3E, 0x00, 0x00, 0x00, 0x07, 0xC6, 0xFF, 0xD1, 0x8C, 0x9E, 0xF2, 0xFD, 0x63,
    0x00, 0x00, 0x81, 0xFF, 0xB7, 0x03, 0x00, 0x00, 0x2C, 0xFA, 0xF7, 0x1D, 0x00, 0xDF, 0xFF, 0x38,
    0x00, 0x00, 0x00, 0x00, 0xA3, 0xFF, 0x75, 0x07, 0xFF, 0xFD, 0x06, 0x00, 0x00, 0x00, 0x00, 0x6E,
    0xFF, 0x9D, 0x07, 0xFF, 0xFD, 0x06, 0x00, 0x00, 0x00, 0x00, 0x6C, 0xFF, 0x9E, 0x00, 0xE0, 0xFF,
    0x37, 0x00, 0x00, 0x00, 0x00, 0xA1, 0xFF, 0x76, 0x00, 0x81, 0xFF, 0xB5, 0x02, 0x00, 0x00, 0x2A,
    0xF9, 0xF8, 0x1D, 0x00, 0x07, 0xC5, 0xFF, 0xD0, 0x8C, 0x9C, 0xF2, 0xFD, 0x63, 0x00, 0x00, 0x00,
    0x07, 0x7A, 0xD4, 0xF6, 0xEC, 0xB4, 0x3E, 0x00, 0x00, 0x00, 0xA5, 0xFF, 0xC0, 0x05, 0x0D, 0xD4,
    0xFF, 0x8B, 0x00, 0x00, 0x00, 0x00, 0x00, 0x08, 0xC9, 0xFF, 0x9E, 0x00, 0x21, 0xEC, 0xFF, 0x62,
    0x00, 0x00, 0x00, 0x00, 0x00, 0x19, 0xE4, 0xFF, 0x75, 0x00, 0x3F, 0xFA, 0xFA, 0x3F, 0x00, 0x00,
    0x00, 0x00, 0x00, 0x33, 0xF6, 0xFD, 0x4E, 0x00, 0x65, 0xFF, 0xEC, 0x23, 0x00, 0x00, 0x00, 0x00,
    0x00, 0x56, 0xFE, 0xF3, 0x2F, 0x00, 0x91, 0xFF, 0xD7, 0x10, 0x00, 0x00, 0x00, 0x00, 0x00, 0xA7,
    0xFF, 0xD3, 0x00, 0x03, 0xDF, 0xFF, 0x98, 0x00, 0x00, 0x00, 0x00, 0x3F, 0xF9, 0xFB, 0x44, 0x00,
    0x76, 0xFF, 0xE6, 0x1D, 0x00, 0x00, 0x00, 0x26, 0xED, 0xFF, 0x63, 0x00, 0x51, 0xFE, 0xF4, 0x32,
    0x00, 0x00, 0x00, 0x13, 0xDA, 0xFF, 0x84, 0x00, 0x34, 0xF5, 0xFC, 0x4C, 0x00, 0x00, 0x00, 0x06,
    0xC1, 0xFF, 0xA6, 0x01, 0x1D, 0xE7, 0xFF, 0x6B, 0x00, 0x00, 0x00, 0x00, 0xA2, 0xFF, 0xC3, 0x07,
    0x0D, 0xD1, 0xFF, 0x8E, 0x00, 0x00, 0x00, 0x00, 0x00, 0x18, 0xC1, 0xFF, 0xFF, 0x24, 0x00, 0x00,
    0x00, 0x00, 0x00, 0x00, 0x00, 0x2A, 0xF7, 0xD2, 0x07, 0x00, 0x00, 0x12, 0xE7, 0xEF, 0xE7, 0xFF,
    0x24, 0x00, 0x00, 0x00, 0x00, 0x00, 0x00, 0x06, 0xD0, 0xF8, 0x2C, 0x00, 0x00, 0x00, 0x20, 0xC2,
    0x1E, 0xC0, 0xFF, 0x24, 0x00, 0x00, 0x00, 0x00, 0x00, 0x00, 0x8C, 0xFF, 0x6F, 0x00, 0x00, 0x00,
    0x00, 0x05, 0x03, 0x00, 0xC0, 0xFF, 0x24, 0x00, 0x00, 0x00, 0x00, 0x00, 0x42, 0xFE, 0xBA, 0x01,
    0x00, 0x00, 0x00, 0x00, 0x00, 0x00, 0x00, 0xC0, 0xFF, 0x24, 0x00, 0x00, 0x00, 0x00, 0x11, 0xE3,
    0xEC, 0x1A, 0x00, 0x00, 0x00, 0x00, 0x00, 0x00, 0x00, 0x00, 0xC0, 0xFF, 0x24, 0x00, 0x00, 0x00,
    0x00, 0xA9, 0xFF, 0x52, 0x00, 0x00, 0x00, 0x00, 0x00, 0x00, 0x00, 0x00, 0x00, 0xC0, 0xFF, 0x24,
    0x00, 0x00, 0x00, 0x5F, 0xFF, 0x9D, 0x00, 0x00, 0x00, 0x00, 0x00, 0x00, 0x00, 0x00, 0x00, 0x00,
    0xC0, 0xFF, 0x24, 0x00, 0x00, 0x21, 0xF1, 0xDC, 0x0C, 0x00, 0x00, 0x34, 0x80, 0x80, 0x0A, 0x00,
    0x00, 0x00, 0x00, 0xC0, 0xFF, 0x24, 0x00, 0x03, 0xC4, 0xFB, 0x38, 0x00, 0x00, 0x04, 0xD4, 0xFF,
    0xFF, 0x14, 0x00, 0x00, 0x00, 0x00, 0x00, 0x00, 0x00, 0x00, 0x7D, 0xFF, 0x7E, 0x00, 0x00, 0x00,
    0x6D, 0xFF, 0xF6, 0xFF, 0x14, 0x00, 0x00, 0x00, 0x00, 0x00, 0x00, 0x00, 0x35, 0xFB, 0xC6, 0x03,
    0x00, 0x00, 0x13, 0xEE, 0xC9, 0xB1, 0xFF, 0x14, 0x00, 0x00, 0x00, 0x00, 0x00, 0x00, 0x0B, 0xDA,
    0xF3, 0x23, 0x00, 0x00, 0x00, 0x96, 0xFF, 0x3B, 0xB0, 0xFF, 0x14, 0x00, 0x00, 0x00, 0x00, 0x00,
    0x00, 0x9B, 0xFF, 0x60, 0x00, 0x00, 0x00, 0x2D, 0xFC, 0xAB, 0x00, 0xB0, 0xFF, 0x14, 0x00, 0x00,
    0x00, 0x00, 0x00, 0x4F, 0xFF, 0xAC, 0x00, 0x00, 0x00, 0x00, 0xBE, 0xF9, 0x22, 0x00, 0xB0, 0xFF,
    0x14, 0x00, 0x00, 0x00, 0x00, 0x18, 0xEB, 0xE5, 0x12, 0x00, 0x00, 0x00, 0x0F, 0xFF, 0xFF, 0xFF,
    0xFF, 0xFF, 0xFF, 0xFF, 0x40, 0x00, 0x00, 0x01, 0xB7, 0xFE, 0x44, 0x00, 0x00, 0x00, 0x00, 0x08,
    0x88, 0x88, 0x88, 0x88, 0xDE, 0xFF, 0x91, 0x22, 0x00, 0x00, 0x6E, 0xFF, 0x8E, 0x00, 0x00, 0x00,
    0x00, 0x00, 0x00, 0x00, 0x00, 0x00, 0x00, 0xB8, 0xFF, 0x14, 0x00, 0x00, 0x18, 0xC1, 0xFF, 0xFF,
    0x24, 0x00, 0x00, 0x00, 0x00, 0x00, 0x00, 0x00, 0x2A, 0xF7, 0xD2, 0x07, 0x00, 0x00, 0x00, 0x12,
    0xE7, 0xEF, 0xE7, 0xFF, 0x24, 0x00, 0x00, 0x00, 0x00, 0x00, 0x00, 0x06, 0xD0, 0xF8, 0x2C, 0x00,
    0x00, 0x00, 0x00, 0x20, 0xC2, 0x1E, 0xC0, 0xFF, 0x24, 0x00, 0x00, 0x00, 0x00, 0x00, 0x00, 0x8C,
    0xFF, 0x6F, 0x00, 0x00, 0x00, 0x00, 0x00, 0x05, 0x03, 0x00, 0xC0, 0xFF, 0x24, 0x00, 0x00, 0x00,
    0x00, 0x00, 0x42, 0xFE, 0xBA, 0x01, 0x00, 0x00, 0x00, 0x00, 0x00, 0x00, 0x00, 0x00, 0xC0, 0xFF,
    0x24, 0x00, 0x00, 0x00, 0x00, 0x11, 0xE3, 0xEC, 0x1A, 0x00, 0x00, 0x00, 0x00, 0x00, 0x00, 0x00,
    0x00, 0x00, 0xC0, 0xFF, 0x24, 0x00, 0x00, 0x00, 0x00, 0xA9, 0xFF, 0x52, 0x00, 0x00, 0x00, 0x00,
    0x00, 0x00, 0x00, 0x00, 0x00, 0x00, 0xC0, 0xFF, 0x24, 0x00, 0x00, 0x00, 0x5F, 0xFF, 0x9D, 0x00,
    0x00, 0x00, 0x00, 0x00, 0x00, 0x00, 0x00, 0x00, 0x00, 0x00, 0xC0, 0xFF, 0x24, 0x00, 0x00, 0x21,
    0xF1, 0xDC, 0x0C, 0x00, 0x10, 0x8A, 0xCA, 0xC3, 0x77, 0x06, 0x00, 0x00, 0x00, 0x00, 0xC0, 0xFF,
    0x24, 0x00, 0x03, 0xC4, 0xFB, 0x38, 0x00, 0x04, 0xC7, 0xFF, 0xFF, 0xFF, 0xFF, 0x9F, 0x00, 0x00,
    0x00, 0x00, 0x00, 0x00, 0x00, 0x00, 0x7D, 0xFF, 0x7E, 0x00, 0x00, 0x35, 0xFF, 0xBF, 0x11, 0x2D,
    0xEB, 0xFA, 0x06, 0x00, 0x00, 0x00, 0x00, 0x00, 0x00, 0x35, 0xFB, 0xC6, 0x03, 0x00, 0x00, 0x0B,
    0x24, 0x12, 0x00, 0x00, 0xD4, 0xEB, 0x00, 0x00, 0x00, 0x00, 0x00, 0x00, 0x0B, 0xDA, 0xF3, 0x23,
    0x00, 0x00, 0x00, 0x00, 0x00, 0x00, 0x00, 0x66, 0xFF, 0x73, 0x00, 0x00, 0x00, 0x00, 0x00, 0x00,
    0x9B, 0xFF, 0x60, 0x00, 0x00, 0x00, 0x00, 0x00, 0x00, 0x00, 0x4E, 0xFB, 0xB2, 0x01, 0x00, 0x00,
    0x00, 0x00, 0x00, 0x4F, 0xFF, 0xAC, 0x00, 0x00, 0x00, 0x00, 0x00, 0x00, 0x00, 0x46, 0xF8, 0xCC,
    0x0B, 0x00, 0x00, 0x00, 0x00, 0x00, 0x18, 0xEB, 0xE5, 0x12, 0x00, 0x00, 0x00, 0x00, 0x00, 0x00,
    0x3D, 0xF5, 0xDE, 0x17, 0x00, 0x00, 0x00, 0x00, 0x00, 0x01, 0xB7, 0xFE, 0x44, 0x00, 0x00, 0x00,
    0x00, 0x00, 0x00, 0x20, 0xF2, 0xFF, 0xEC, 0xDC, 0xDC, 0xDC, 0x2C, 0x00, 0x00, 0x6E, 0xFF, 0x8E,
    0x00, 0x00, 0x00, 0x00, 0x00, 0x00, 0x00, 0x3C, 0xFF, 0xFF, 0xFF, 0xFF, 0xFF, 0xFF, 0x34, 0x00,
    0x2C, 0xA3, 0xD3, 0xC5, 0x67, 0x00, 0x00, 0x00, 0x00, 0x00, 0x00, 0x00, 0x00, 0x00, 0x00, 0x00,
    0x00, 0x00, 0x00, 0x2E, 0xF4, 0xFF, 0xFF, 0xFF, 0xFF, 0x6C, 0x00, 0x00, 0x00, 0x00, 0x00, 0x00,
    0x00, 0x3D, 0xFD, 0xBF, 0x02, 0x00, 0x00, 0x66, 0xBC, 0x62, 0x0E, 0x40, 0xFF, 0xCA, 0x00, 0x00,
    0x00, 0x00, 0x00, 0x00, 0x0E, 0xE0, 0xEF, 0x1D, 0x00, 0x00, 0x00, 0x00, 0x00, 0x00, 0x00, 0x37,
    0xFF, 0xB5, 0x00, 0x00, 0x00, 0x00, 0x00, 0x00, 0xA4, 0xFF, 0x58, 0x00, 0x00, 0x00, 0x00, 0x00,
    0x00, 0x60, 0xDF, 0xFC, 0xD9, 0x2D, 0x00, 0x00, 0x00, 0x00, 0x00, 0x58, 0xFF, 0xA3, 0x00, 0x00,
    0x00, 0x00, 0x00, 0x00, 0x00, 0x70, 0xFF, 0xFF, 0xE0, 0x61, 0x00, 0x00, 0x00, 0x00, 0x1D, 0xEF,
    0xDF, 0x0E, 0x00, 0x00, 0x00, 0x00, 0x00, 0x00, 0x00, 0x00, 0x02, 0x2F, 0xE9, 0xFB, 0x17, 0x00,
    0x00, 0x02, 0xBF, 0xFD, 0x3C, 0x00, 0x00, 0x00, 0x00, 0x00, 0x00, 0x52, 0x6C, 0x21, 0x00, 0x0E,
    0xD8, 0xFF, 0x31, 0x00, 0x00, 0x77, 0xFF, 0x85, 0x00, 0x00, 0x00, 0x00, 0x00, 0x00, 0x00, 0x7C,
    0xFF, 0xFE, 0xE6, 0xF7, 0xFF, 0xD6, 0x04, 0x00, 0x31, 0xF9, 0xCB, 0x05, 0x00, 0x00, 0x40, 0x80,
    0x7E, 0x00, 0x00, 0x01, 0x72, 0xD6, 0xF7, 0xE3, 0x98, 0x17, 0x00, 0x09, 0xD6, 0xF5, 0x26, 0x00,
    0x00, 0x0B, 0xE5, 0xFF, 0xFC, 0x00, 0x00, 0x00, 0x00, 0x00, 0x00, 0x00, 0x00, 0x00, 0x00, 0x95,
    0xFF, 0x66, 0x00, 0x00, 0x00, 0x85, 0xFF, 0xF6, 0xFC, 0x00, 0x00, 0x00, 0x00, 0x00, 0x00, 0x00,
    0x00, 0x00, 0x49, 0xFF, 0xB2, 0x00, 0x00, 0x00, 0x21, 0xF8, 0xB2, 0xC8, 0xFC, 0x00, 0x00, 0x00,
    0x00, 0x00, 0x00, 0x00, 0x00, 0x15, 0xE8, 0xE8, 0x15, 0x00, 0x00, 0x00, 0xAE, 0xFB, 0x27, 0xC8,
    0xFC, 0x00, 0x00, 0x00, 0x00, 0x00, 0x00, 0x00, 0x00, 0xB2, 0xFF, 0x49, 0x00, 0x00, 0x00, 0x42,
    0xFF, 0x93, 0x00, 0xC8, 0xFC, 0x00, 0x00, 0x00, 0x00, 0x00, 0x00, 0x00, 0x68, 0xFF, 0x94, 0x00,
    0x00, 0x00, 0x03, 0xD3, 0xEF, 0x13, 0x00, 0xC8, 0xFC, 0x00, 0x00, 0x00, 0x00, 0x00, 0x00, 0x26,
    0xF5, 0xD6, 0x09, 0x00, 0x00, 0x00, 0x27, 0xFF, 0xFF, 0xFF, 0xFF, 0xFF, 0xFF, 0xFF, 0x28, 0x00,
    0x00, 0x00, 0x05, 0xCB, 0xF9, 0x31, 0x00, 0x00, 0x00, 0x00, 0x15, 0x88, 0x88, 0x88, 0x88, 0xE9,
    0xFE, 0x88, 0x15, 0x00, 0x00, 0x00, 0x86, 0xFF, 0x76, 0x00, 0x00, 0x00, 0x00, 0x00, 0x00, 0x00,
    0x00, 0x00, 0x00, 0xD0, 0xFC, 0x00, 0x00, 0x00, 0x00, 0x00, 0x00, 0x67, 0xF2, 0xBA, 0x08, 0x00,
    0x00, 0x00, 0x00, 0x00, 0x00, 0x00, 0xD3, 0xFF, 0xFF, 0x3B, 0x00, 0x00, 0x00, 0x00, 0x00, 0x00,
    0x00, 0x67, 0xF2, 0xBA, 0x08, 0x00, 0x00, 0x00, 0x00, 0x00, 0x00, 0x00, 0x00, 0x00, 0x00, 0x00,
    0x00, 0x00, 0x00, 0x00, 0x00, 0x00, 0x00, 0x00, 0x00, 0x00, 0x00, 0x00, 0x00, 0x00, 0x00, 0x00,
    0x00, 0x00, 0x38, 0x9C, 0x78, 0x00, 0x00, 0x00, 0x00, 0x00, 0x00, 0x00, 0x00, 0x6F, 0xFF, 0xBA,
    0x00, 0x00, 0x00, 0x00, 0x00, 0x00, 0x00, 0x02, 0xCC, 0xFF, 0x95, 0x00, 0x00, 0x00, 0x00, 0x00,
    0x00, 0x0A, 0x9F, 0xFF, 0xFF, 0x3F, 0x00, 0x00, 0x00, 0x00, 0x00, 0x26, 0xD6, 0xFF, 0xFD, 0x75,
    0x00, 0x00, 0x00, 0x00, 0x00, 0x11, 0xE0, 0xFF, 0xEE, 0x40, 0x00, 0x00, 0x00, 0x00, 0x00, 0x00,
    0x78, 0xFF, 0xEE, 0x2D, 0x00, 0x00, 0x00, 0x00, 0x00, 0x00, 0x00, 0xB5, 0xFF, 0x87, 0x00, 0x00,
    0x00, 0x00, 0x00, 0x00, 0x00, 0x00, 0xC3, 0xFF, 0x66, 0x00, 0x00, 0x00, 0x00, 0x02, 0xA0, 0xA4,
    0x2A, 0xA1, 0xFF, 0x99, 0x00, 0x00, 0x00, 0x00, 0x37, 0xFF, 0xFF, 0x1D, 0x42, 0xFF, 0xFD, 0x63,
    0x01, 0x00, 0x2A, 0xD6, 0xFF, 0xB8, 0x00, 0x00, 0x89, 0xFF, 0xFF, 0xF1, 0xE1, 0xFE, 0xFF, 0xDF,
    0x1B, 0x00, 0x00, 0x00, 0x50, 0xBC, 0xED, 0xF7, 0xD6, 0x84, 0x0E, 0x00, 0x00, 0x00, 0x00, 0x00,
    0x00, 0x00, 0x71, 0xFF, 0xCC, 0x01, 0x00, 0x00, 0x00, 0x00, 0x00, 0x00, 0x00, 0x00, 0x00, 0x00,
    0x00, 0x00, 0x00, 0xB0, 0xFF, 0x59, 0x00, 0x00, 0x00, 0x00, 0x00, 0x00, 0x00, 0x00, 0x00, 0x00,
    0x00, 0x00, 0x00, 0x10, 0xDF, 0xDE, 0x06, 0x00, 0x00, 0x00, 0x00, 0x00, 0x00, 0x00, 0x00, 0x00,
    0x00, 0x00, 0x00, 0x00, 0x00, 0x00, 0x00, 0x00, 0x00, 0x00, 0x00, 0x00, 0x00, 0x00, 0x00, 0x00,
    0x00, 0x00, 0x00, 0x00, 0x00, 0x00, 0x00, 0x00, 0x00, 0x00, 0x00, 0x00, 0x00, 0x00, 0x00, 0x00,
    0x00, 0x00, 0x00, 0x3C, 0xFF, 0xFF, 0xB7, 0x00, 0x00, 0x00, 0x00, 0x00, 0x00, 0x00, 0x00, 0x00,
    0x00, 0x00, 0x00, 0x9C, 0xFF, 0xFD, 0xFD, 0x1B, 0x00, 0x00, 0x00, 0x00, 0x00, 0x00, 0x00, 0x00,
    0x00, 0x00, 0x09, 0xF1, 0xF7, 0x98, 0xFF, 0x79, 0x00, 0x00, 0x00, 0x00, 0x00, 0x00, 0x00, 0x00,
    0x00, 0x00, 0x5B, 0xFF, 0xB2, 0x39, 0xFF, 0xD9, 0x00, 0x00, 0x00, 0x00, 0x00, 0x00, 0x00, 0x00,
    0x00, 0x00, 0xBA, 0xFF, 0x5E, 0x01, 0xE4, 0xFF, 0x3A, 0x00, 0x00, 0x00, 0x00, 0x00, 0x00, 0x00,
    0x00, 0x1C, 0xFD, 0xF8, 0x0F, 0x00, 0x8E, 0xFF, 0x9B, 0x00, 0x00, 0x00, 0x00, 0x00, 0x00, 0x00,
    0x00, 0x79, 0xFF, 0xAD, 0x00, 0x00, 0x32, 0xFF, 0xF1, 0x0A, 0x00, 0x00, 0x00, 0x00, 0x00, 0x00,
    0x00, 0xD8, 0xFF, 0x4F, 0x00, 0x00, 0x00, 0xD1, 0xFF, 0x5C, 0x00, 0x00, 0x00, 0x00, 0x00, 0x00,
    0x38, 0xFF, 0xEA, 0x05, 0x00, 0x00, 0x00, 0x6F, 0xFF, 0xBD, 0x00, 0x00, 0x00, 0x00, 0x00, 0x00,
    0x98, 0xFF, 0x8F, 0x00, 0x00, 0x00, 0x00, 0x13, 0xF9, 0xFE, 0x20, 0x00, 0x00, 0x00, 0x00, 0x07,
    0xEF, 0xFF, 0xF3, 0xEC, 0xEC, 0xEC, 0xEC, 0xEC, 0xFC, 0xFF, 0x7F, 0x00, 0x00, 0x00, 0x00, 0x57,
    0xFF, 0xFF, 0xFF, 0xFF, 0xFF, 0xFF, 0xFF, 0xFF, 0xFF, 0xFF, 0xDE, 0x01, 0x00, 0x00, 0x00, 0xB6,
    0xFF, 0x80, 0x00, 0x00, 0x00, 0x00, 0x00, 0x00, 0x07, 0xF0, 0xFF, 0x40, 0x00, 0x00, 0x19, 0xFC,
    0xFF, 0x2A, 0x00, 0x00, 0x00, 0x00, 0x00, 0x00, 0x00, 0x9E, 0xFF, 0xA1, 0x00, 0x00, 0x75, 0xFF,
    0xD3, 0x00, 0x00, 0x00, 0x00, 0x00, 0x00, 0x00, 0x00, 0x44, 0xFF, 0xF4, 0x0C, 0x00, 0xD4, 0xFF,
    0x7D, 0x00, 0x00, 0x00, 0x00, 0x00, 0x00, 0x00, 0x00, 0x03, 0xE7, 0xFF, 0x62, 0x34, 0xFF, 0xFF,
    0x27, 0x00, 0x00, 0x00, 0x00, 0x00, 0x00, 0x00, 0x00, 0x00, 0x91, 0xFF, 0xC3, 0x00, 0x00, 0x00,
    0x00, 0x00, 0x00, 0x00, 0x00, 0x11, 0x80, 0x80, 0x17, 0x00, 0x00, 0x00, 0x00, 0x00, 0x00, 0x00,
    0x00, 0x00, 0x00, 0x00, 0x00, 0x7D, 0xFF, 0xB1, 0x00, 0x00, 0x00, 0x00, 0x00, 0x00, 0x00, 0x00,
    0x00, 0x00, 0x00, 0x00, 0x09, 0xEA, 0xEF, 0x1A, 0x00, 0x00, 0x00, 0x00, 0x00, 0x00, 0x00, 0x00,
    0x00, 0x00, 0x00, 0x00, 0x6C, 0xFF, 0x63, 0x00, 0x00, 0x00, 0x00, 0x00, 0x00, 0x00, 0x00, 0x00,
    0x00, 0x00, 0x00, 0x00, 0x00, 0x00, 0x00, 0x00, 0x00, 0x00, 0x00, 0x00, 0x00, 0x00, 0x00, 0x00,
    0x00, 0x00, 0x00, 0x00, 0x00, 0x00, 0x00, 0x00, 0x00, 0x00, 0x00, 0x00, 0x00, 0x00, 0x00, 0x00,
    0x00, 0x00, 0x00, 0x3C, 0xFF, 0xFF, 0xB7, 0x00, 0x00, 0x00, 0x00, 0x00, 0x00, 0x00, 0x00, 0x00,
    0x00, 0x00, 0x00, 0x9C, 0xFF, 0xFD, 0xFD, 0x1B, 0x00, 0x00, 0x00, 0x00, 0x00, 0x00, 0x00, 0x00,
    0x00, 0x00, 0x09, 0xF1, 0xF7, 0x98, 0xFF, 0x79, 0x00, 0x00, 0x00, 0x00, 0x00, 0x00, 0x00, 0x00,
    0x00, 0x00, 0x5B, 0xFF, 0xB2, 0x39, 0xFF, 0xD9, 0x00, 0x00, 0x00, 0x00, 0x00, 0x00, 0x00, 0x00,
    0x00, 0x00, 0xBA, 0xFF, 0x5E, 0x01, 0xE4, 0xFF, 0x3A, 0x00, 0x00, 0x00, 0x00, 0x00, 0x00, 0x00,
    0x00, 0x1C, 0xFD, 0xF8, 0x0F, 0x00, 0x8E, 0xFF, 0x9B, 0x00, 0x00, 0x00, 0x00, 0x00, 0x00, 0x00,
    0x00, 0x79, 0xFF, 0xAD, 0x00, 0x00, 0x32, 0xFF, 0xF1, 0x0A, 0x00, 0x00, 0x00, 0x00, 0x00, 0x00,
    0x00, 0xD8, 0xFF, 0x4F, 0x00, 0x00, 0x00, 0xD1, 0xFF, 0x5C, 0x00, 0x00, 0x00, 0x00, 0x00, 0x00,
    0x38, 0xFF, 0xEA, 0x05, 0x00, 0x00, 0x00, 0x6F, 0xFF, 0xBD, 0x00, 0x00, 0x00, 0x00, 0x00, 0x00,
    0x98, 0xFF, 0x8F, 0x00, 0x00, 0x00, 0x00, 0x13, 0xF9, 0xFE, 0x20, 0x00, 0x00, 0x00, 0x00, 0x07,
    0xEF, 0xFF, 0xF3, 0xEC, 0xEC, 0xEC, 0xEC, 0xEC, 0xFC, 0xFF, 0x7F, 0x00, 0x00, 0x00, 0x00, 0x57,
    0xFF, 0xFF, 0xFF, 0xFF, 0xFF, 0xFF, 0xFF, 0xFF, 0xFF, 0xFF, 0xDE, 0x01, 0x00, 0x00, 0x00, 0xB6,
    0xFF, 0x80, 0x00, 0x00, 0x00, 0x00, 0x00, 0x00, 0x07, 0xF0, 0xFF, 0x40, 0x00, 0x00, 0x19, 0xFC,
    0xFF, 0x2A, 0x00, 0x00, 0x00, 0x00, 0x00, 0x00, 0x00, 0x9E, 0xFF, 0xA1, 0x00, 0x00, 0x75, 0xFF,
    0xD3, 0x00, 0x00, 0x00, 0x00, 0x00, 0x00, 0x00, 0x00, 0x44, 0xFF, 0xF4, 0x0C, 0x00, 0xD4, 0xFF,
    0x7D, 0x00, 0x00, 0x00, 0x00, 0x00, 0x00, 0x00, 0x00, 0x03, 0xE7, 0xFF, 0x62, 0x34, 0xFF, 0xFF,
    0x27, 0x00, 0x00, 0x00, 0x00, 0x00, 0x00, 0x00, 0x00, 0x00, 0x91, 0xFF, 0xC3, 0x00, 0x00, 0x00,
    0x00, 0x00, 0x00, 0x3E, 0xF6, 0xFF, 0xB4, 0x04, 0x00, 0x00, 0x00, 0x00, 0x00, 0x00, 0x00, 0x00,
    0x00, 0x00, 0x35, 0xF2, 0xD7, 0x74, 0xFF, 0xA3, 0x01, 0x00, 0x00, 0x00, 0x00, 0x00, 0x00, 0x00,
    0x00, 0x2B, 0xED, 0xE6, 0x1F, 0x00, 0x81, 0xFF, 0x91, 0x00, 0x00, 0x00, 0x00, 0x00, 0x00, 0x00,
    0x00, 0x00, 0x00, 0x00, 0x00, 0x00, 0x00, 0x00, 0x00, 0x00, 0x00, 0x00, 0x00, 0x00, 0x00, 0x00,
    0x00, 0x00, 0x00, 0x00, 0x00, 0x00, 0x00, 0x00, 0x00, 0x00, 0x00, 0x00, 0x00, 0x00, 0x00, 0x00,
    0x00, 0x00, 0x00, 0x3C, 0xFF, 0xFF, 0xB7, 0x00, 0x00, 0x00, 0x00, 0x00, 0x00, 0x00, 0x00, 0x00,
    0x00, 0x00, 0x00, 0x9C, 0xFF, 0xFD, 0xFD, 0x1B, 0x00, 0x00, 0x00, 0x00, 0x00, 0x00, 0x00, 0x00,
    0x00, 0x00, 0x09, 0xF1, 0xF7, 0x98, 0xFF, 0x79, 0x00, 0x00, 0x00, 0x00, 0x00, 0x00, 0x00, 0x00,
    0x00, 0x00, 0x5B, 0xFF, 0xB2, 0x39, 0xFF, 0xD9, 0x00, 0x00, 0x00, 0x00, 0x00, 0x00, 0x00, 0x00,
    0x00, 0x00, 0xBA, 0xFF, 0x5E, 0x01, 0xE4, 0xFF, 0x3A, 0x00, 0x00, 0x00, 0x00, 0x00, 0x00, 0x00,
    0x00, 0x1C, 0xFD, 0xF8, 0x0F, 0x00, 0x8E, 0xFF, 0x9B, 0x00, 0x00, 0x00, 0x00, 0x00, 0x00, 0x00,
    0x00, 0x79, 0xFF, 0xAD, 0x00, 0x00, 0x32, 0xFF, 0xF1, 0x0A, 0x00, 0x00, 0x00, 0x00, 0x00, 0x00,
    0x00, 0xD8, 0xFF, 0x4F, 0x00, 0x00, 0x00, 0xD1, 0xFF, 0x5C, 0x00, 0x00, 0x00, 0x00, 0x00, 0x00,
    0x38, 0xFF, 0xEA, 0x05, 0x00, 0x00, 0x00, 0x6F, 0xFF, 0xBD, 0x00, 0x00, 0x00, 0x00, 0x00, 0x00,
    0x98, 0xFF, 0x8F, 0x00, 0x00, 0x00, 0x00, 0x13, 0xF9, 0xFE, 0x20, 0x00, 0x00, 0x00, 0x00, 0x07,
    0xEF, 0xFF, 0xF3, 0xEC, 0xEC, 0xEC, 0xEC, 0xEC, 0xFC, 0xFF, 0x7F, 0x00, 0x00, 0x00, 0x00, 0x57,
    0xFF, 0xFF, 0xFF, 0xFF, 0xFF, 0xFF, 0xFF, 0xFF, 0xFF, 0xFF, 0xDE, 0x01, 0x00, 0x00, 0x00, 0xB6,
    0xFF, 0x80, 0x00, 0x00, 0x00, 0x00, 0x00, 0x00, 0x07, 0xF0, 0xFF, 0x40, 0x00, 0x00, 0x19, 0xFC,
    0xFF, 0x2A, 0x00, 0x00, 0x00, 0x00, 0x00, 0x00, 0x00, 0x9E, 0xFF, 0xA1, 0x00, 0x00, 0x75, 0xFF,
    0xD3, 0x00, 0x00, 0x00, 0x00, 0x00, 0x00, 0x00, 0x00, 0x44, 0xFF, 0xF4, 0x0C, 0x00, 0xD4, 0xFF,
    0x7D, 0x00, 0x00, 0x00, 0x00, 0x00, 0x00, 0x00, 0x00, 0x03, 0xE7, 0xFF, 0x62, 0x34, 0xFF, 0xFF,
    0x27, 0x00, 0x00, 0x00, 0x00, 0x00, 0x00, 0x00, 0x00, 0x00, 0x91, 0xFF, 0xC3, 0x00, 0x00, 0x00,
    0x00, 0x00, 0x00, 0x12, 0x04, 0x00, 0x00, 0x1B, 0x18, 0x00, 0x00, 0x00, 0x00, 0x00, 0x00, 0x00,
    0x00, 0x00, 0x81, 0xFF, 0xF3, 0x8C, 0x3D, 0xED, 0x97, 0x00, 0x00, 0x00, 0x00, 0x00, 0x00, 0x00,
    0x00, 0x05, 0xF8, 0xB2, 0x80, 0xEB, 0xFF, 0xF9, 0x38, 0x00, 0x00, 0x00, 0x00, 0x00, 0x00, 0x00,
    0x00, 0x08, 0x50, 0x1E, 0x00, 0x08, 0x3C, 0x22, 0x00, 0x00, 0x00, 0x00, 0x00, 0x00, 0x00, 0x00,
    0x00, 0x00, 0x00, 0x00, 0x00, 0x00, 0x00, 0x00, 0x00, 0x00, 0x00, 0x00, 0x00, 0x00, 0x00, 0x00,
    0x00, 0x00, 0x00, 0x3C, 0xFF, 0xFF, 0xB7, 0x00, 0x00, 0x00, 0x00, 0x00, 0x00, 0x00, 0x00, 0x00,
    0x00, 0x00, 0x00, 0x9C, 0xFF, 0xFD, 0xFD, 0x1B, 0x00, 0x00, 0x00, 0x00, 0x00, 0x00, 0x00, 0x00,
    0x00, 0x00, 0x09, 0xF1, 0xF7, 0x98, 0xFF, 0x79, 0x00, 0x00, 0x00, 0x00, 0x00, 0x00, 0x00, 0x00,
    0x00, 0x00, 0x5B, 0xFF, 0xB2, 0x39, 0xFF, 0xD9, 0x00, 0x00, 0x00, 0x00, 0x00, 0x00, 0x00, 0x00,
    0x00, 0x00, 0xBA, 0xFF, 0x5E, 0x01, 0xE4, 0xFF, 0x3A, 0x00, 0x00, 0x00, 0x00, 0x00, 0x00, 0x00,
    0x00, 0x1C, 0xFD, 0xF8, 0x0F, 0x00, 0x8E, 0xFF, 0x9B, 0x00, 0x00, 0x00, 0x00, 0x00, 0x00, 0x00,
    0x00, 0x79, 0xFF, 0xAD, 0x00, 0x00, 0x32, 0xFF, 0xF1, 0x0A, 0x00, 0x00, 0x00, 0x00, 0x00, 0x00,
    0x00, 0xD8, 0xFF, 0x4F, 0x00, 0x00, 0x00, 0xD1, 0xFF, 0x5C, 0x00, 0x00, 0x00, 0x00, 0x00, 0x00,
    0x38, 0xFF, 0xEA, 0x05, 0x00, 0x00, 0x00, 0x6F, 0xFF, 0xBD, 0x00, 0x00, 0x00, 0x00, 0x00, 0x00,
    0x98, 0xFF, 0x8F, 0x00, 0x00, 0x00, 0x00, 0x13, 0xF9, 0xFE, 0x20, 0x00, 0x00, 0x00, 0x00, 0x07,
    0xEF, 0xFF, 0xF3, 0xEC, 0xEC, 0xEC, 0xEC, 0xEC, 0xFC, 0xFF, 0x7F, 0x00, 0x00, 0x00, 0x00, 0x57,
    0xFF, 0xFF, 0xFF, 0xFF, 0xFF, 0xFF, 0xFF, 0xFF, 0xFF, 0xFF, 0xDE, 0x01, 0x00, 0x00, 0x00, 0xB6,
    0xFF, 0x80, 0x00, 0x00, 0x00, 0x00, 0x00, 0x00, 0x07, 0xF0, 0xFF, 0x40, 0x00, 0x00, 0x19, 0xFC,
    0xFF, 0x2A, 0x00, 0x00, 0x00, 0x00, 0x00, 0x00, 0x00, 0x9E, 0xFF, 0xA1, 0x00, 0x00, 0x75, 0xFF,
    0xD3, 0x00, 0x00, 0x00, 0x00, 0x00, 0x00, 0x00, 0x00, 0x44, 0xFF, 0xF4, 0x0C, 0x00, 0xD4, 0xFF,
    0x7D, 0x00, 0x00, 0x00, 0x00, 0x00, 0x00, 0x00, 0x00, 0x03, 0xE7, 0xFF, 0x62, 0x34, 0xFF, 0xFF,
    0x27, 0x00, 0x00, 0x00, 0x00, 0x00, 0x00, 0x00, 0x00, 0x00, 0x91, 0xFF, 0xC3, 0x00, 0x00, 0x00,
    0x00, 0x24, 0xC0, 0x95, 0x01, 0x00, 0x2D, 0xC5, 0x89, 0x00, 0x00, 0x00, 0x00, 0x00, 0x00, 0x00,
    0x00, 0x87, 0xFF, 0xFF, 0x27, 0x00, 0x97, 0xFF, 0xFF, 0x17, 0x00, 0x00, 0x00, 0x00, 0x00, 0x00,
    0x00, 0x37, 0xE9, 0xBD, 0x05, 0x00, 0x43, 0xED, 0xB1, 0x01, 0x00, 0x00, 0x00, 0x00, 0x00, 0x00,
    0x00, 0x00, 0x00, 0x00, 0x00, 0x00, 0x00, 0x00, 0x00, 0x00, 0x00, 0x00, 0x00, 0x00, 0x00, 0x00,
    0x00, 0x00, 0x00, 0x00, 0x00, 0x00, 0x00, 0x00, 0x00, 0x00, 0x00, 0x00, 0x00, 0x00, 0x00, 0x00,
    0x00, 0x00, 0x00, 0x3C, 0xFF, 0xFF, 0xB7, 0x00, 0x00, 0x00, 0x00, 0x00, 0x00, 0x00, 0x00, 0x00,
    0x00, 0x00, 0x00, 0x9C, 0xFF, 0xFD, 0xFD, 0x1B, 0x00, 0x00, 0x00, 0x00, 0x00, 0x00, 0x00, 0x00,
    0x00, 0x00, 0x09, 0xF1, 0xF7, 0x98, 0xFF, 0x79, 0x00, 0x00, 0x00, 0x00, 0x00, 0x00, 0x00, 0x00,
    0x00, 0x00, 0x5B, 0xFF, 0xB2, 0x39, 0xFF, 0xD9, 0x00, 0x00, 0x00, 0x00, 0x00, 0x00, 0x00, 0x00,
    0x00, 0x00, 0xBA, 0xFF, 0x5E, 0x01, 0xE4, 0xFF, 0x3A, 0x00, 0x00, 0x00, 0x00, 0x00, 0x00, 0x00,
    0x00, 0x1C, 0xFD, 0xF8, 0x0F, 0x00, 0x8E, 0xFF, 0x9B, 0x00, 0x00, 0x00, 0x00, 0x00, 0x00, 0x00,
    0x00, 0x79, 0xFF, 0xAD, 0x00, 0x00, 0x32, 0xFF, 0xF1, 0x0A, 0x00, 0x00, 0x00, 0x00, 0x00, 0x00,
    0x00, 0xD8, 0xFF, 0x4F, 0x00, 0x00, 0x00, 0xD1, 0xFF, 0x5C, 0x00, 0x00, 0x00, 0x00, 0x00, 0x00,
    0x38, 0xFF, 0xEA, 0x05, 0x00, 0x00, 0x00, 0x6F, 0xFF, 0xBD, 0x00, 0x00, 0x00, 0x00, 0x00, 0x00,
    0x98, 0xFF, 0x8F, 0x00, 0x00, 0x00, 0x00, 0x13, 0xF9, 0xFE, 0x20, 0x00, 0x00, 0x00, 0x00, 0x07,
    0xEF, 0xFF, 0xF3, 0xEC, 0xEC, 0xEC, 0xEC, 0xEC, 0xFC, 0xFF, 0x7F, 0x00, 0x00, 0x00, 0x00, 0x57,
    0xFF, 0xFF, 0xFF, 0xFF, 0xFF, 0xFF, 0xFF, 0xFF, 0xFF, 0xFF, 0xDE, 0x01, 0x00, 0x00, 0x00, 0xB6,
    0xFF, 0x80, 0x00, 0x00, 0x00, 0x00, 0x00, 0x00, 0x07, 0xF0, 0xFF, 0x40, 0x00, 0x00, 0x19, 0xFC,
    0xFF, 0x2A, 0x00, 0x00, 0x00, 0x00, 0x00, 0x00, 0x00, 0x9E, 0xFF, 0xA1, 0x00, 0x00, 0x75, 0xFF,
    0xD3, 0x00, 0x00, 0x00, 0x00, 0x00, 0x00, 0x00, 0x00, 0x44, 0xFF, 0xF4, 0x0C, 0x00, 0xD4, 0xFF,
    0x7D, 0x00, 0x00, 0x00, 0x00, 0x00, 0x00, 0x00, 0x00, 0x03, 0xE7, 0xFF, 0x62, 0x34, 0xFF, 0xFF,
    0x27, 0x00, 0x00, 0x00, 0x00, 0x00, 0x00, 0x00, 0x00, 0x00, 0x91, 0xFF, 0xC3, 0x00, 0x00, 0x00,
    0x00, 0x00, 0x00, 0x69, 0xDF, 0xF6, 0xB9, 0x24, 0x00, 0x00, 0x00, 0x00, 0x00, 0x00, 0x00, 0x00,
    0x00, 0x00, 0x5A, 0xFF, 0xF9, 0xE8, 0xFF, 0xDF, 0x07, 0x00, 0x00, 0x00, 0x00, 0x00, 0x00, 0x00,
    0x00, 0x00, 0xBA, 0xF0, 0x1E, 0x00, 0x7D, 0xFF, 0x49, 0x00, 0x00, 0x00, 0x00, 0x00, 0x00, 0x00,
    0x00, 0x00, 0xBA, 0xEF, 0x1C, 0x00, 0x7D, 0xFF, 0x48, 0x00, 0x00, 0x00, 0x00, 0x00, 0x00, 0x00,
    0x00, 0x00, 0x5A, 0xFF, 0xF9, 0xE8, 0xFF, 0xDF, 0x07, 0x00, 0x00, 0x00, 0x00, 0x00, 0x00, 0x00,
    0x00, 0x00, 0x00, 0x69, 0xDF, 0xF6, 0xB9, 0x23, 0x00, 0x00, 0x00, 0x00, 0x00, 0x00, 0x00, 0x00,
    0x00, 0x00, 0x00, 0x00, 0x00, 0x00, 0x00, 0x00, 0x00, 0x00, 0x00, 0x00, 0x00, 0x00, 0x00, 0x00,
    0x00, 0x00, 0x00, 0x3C, 0xFF, 0xFF, 0xB7, 0x00, 0x00, 0x00, 0x00, 0x00, 0x00, 0x00, 0x00, 0x00,
    0x00, 0x00, 0x00, 0x9C, 0xFF, 0xFD, 0xFD, 0x1B, 0x00, 0x00, 0x00, 0x00, 0x00, 0x00, 0x00, 0x00,
    0x00, 0x00, 0x09, 0xF1, 0xF7, 0x98, 0xFF, 0x79, 0x00, 0x00, 0x00, 0x00, 0x00, 0x00, 0x00, 0x00,
    0x00, 0x00, 0x5B, 0xFF, 0xB2, 0x39, 0xFF, 0xD9, 0x00, 0x00, 0x00, 0x00, 0x00, 0x00, 0x00, 0x00,
    0x00, 0x00, 0xBA, 0xFF, 0x5E, 0x01, 0xE4, 0xFF, 0x3A, 0x00, 0x00, 0x00, 0x00, 0x00, 0x00, 0x00,
    0x00, 0x1C, 0xFD, 0xF8, 0x0F, 0x00, 0x8E, 0xFF, 0x9B, 0x00, 0x00, 0x00, 0x00, 0x00, 0x00, 0x00,
    0x00, 0x79, 0xFF, 0xAD, 0x00, 0x00, 0x32, 0xFF, 0xF1, 0x0A, 0x00, 0x00, 0x00, 0x00, 0x00, 0x00,
    0x00, 0xD8, 0xFF, 0x4F, 0x00, 0x00, 0x00, 0xD1, 0xFF, 0x5C, 0x00, 0x00, 0x00, 0x00, 0x00, 0x00,
    0x38, 0xFF, 0xEA, 0x05, 0x00, 0x00, 0x00, 0x6F, 0xFF, 0xBD, 0x00, 0x00, 0x00, 0x00, 0x00, 0x00,
    0x98, 0xFF, 0x8F, 0x00, 0x00, 0x00, 0x00, 0x13, 0xF9, 0xFE, 0x20, 0x00, 0x00, 0x00, 0x00, 0x07,
    0xEF, 0xFF, 0xF3, 0xEC, 0xEC, 0xEC, 0xEC, 0xEC, 0xFC, 0xFF, 0x7F, 0x00, 0x00, 0x00, 0x00, 0x57,
    0xFF, 0xFF, 0xFF, 0xFF, 0xFF, 0xFF, 0xFF, 0xFF, 0xFF, 0xFF, 0xDE, 0x01, 0x00, 0x00, 0x00, 0xB6,
    0xFF, 0x80, 0x00, 0x00, 0x00, 0x00, 0x00, 0x00, 0x07, 0xF0, 0xFF, 0x40, 0x00, 0x00, 0x19, 0xFC,
    0xFF, 0x2A, 0x00, 0x00, 0x00, 0x00, 0x00, 0x00, 0x00, 0x9E, 0xFF, 0xA1, 0x00, 0x00, 0x75, 0xFF,
    0xD3, 0x00, 0x00, 0x00, 0x00, 0x00, 0x00, 0x00, 0x00, 0x44, 0xFF, 0xF4, 0x0C, 0x00, 0xD4, 0xFF,
    0x7D, 0x00, 0x00, 0x00, 0x00, 0x00, 0x00, 0x00, 0x00, 0x03, 0xE7, 0xFF, 0x62, 0x34, 0xFF, 0xFF,
    0x27, 0x00, 0x00, 0x00, 0x00, 0x00, 0x00, 0x00, 0x00, 0x00, 0x91, 0xFF, 0xC3, 0x00, 0x00, 0x00,
    0x00, 0x00, 0x00, 0x00, 0x00, 0x3F, 0xFF, 0xFF, 0xFF, 0xFF, 0xFF, 0xFF, 0xFF, 0xFF, 0xFF, 0xFF,
    0xFF, 0xFF, 0xFF, 0x28, 0x00, 0x00, 0x00, 0x00, 0x00, 0x00, 0x00, 0x00, 0xBE, 0xFF, 0x99, 0x99,
    0xFF, 0xF7, 0xDC, 0xDC, 0xDC, 0xDC, 0xDC, 0xDC, 0xDC, 0xDC, 0x22, 0x00, 0x00, 0x00, 0x00, 0x00,
    0x00, 0x00, 0x3C, 0xFF, 0xEB, 0x0C, 0x60, 0xFF, 0xC4, 0x00, 0x00, 0x00, 0x00, 0x00, 0x00, 0x00,
    0x00, 0x00, 0x00, 0x00, 0x00, 0x00, 0x00, 0x00, 0x00, 0xBB, 0xFF, 0x79, 0x00, 0x60, 0xFF, 0xC4,
    0x00, 0x00, 0x00, 0x00, 0x00, 0x00, 0x00, 0x00, 0x00, 0x00, 0x00, 0x00, 0x00, 0x00, 0x00, 0x38,
    0xFF, 0xED, 0x0D, 0x00, 0x60, 0xFF, 0xC4, 0x00, 0x00, 0x00, 0x00, 0x00, 0x00, 0x00, 0x00, 0x00,
    0x00, 0x00, 0x00, 0x00, 0x00, 0x00, 0xB7, 0xFF, 0x7D, 0x00, 0x00, 0x60, 0xFF, 0xC4, 0x00, 0x00,
    0x00, 0x00, 0x00, 0x00, 0x00, 0x00, 0x00, 0x00, 0x00, 0x00, 0x00, 0x00, 0x35, 0xFF, 0xEF, 0x0F,
    0x00, 0x00, 0x60, 0xFF, 0xC4, 0x00, 0x00, 0x00, 0x00, 0x00, 0x00, 0x00, 0x00, 0x00, 0x00, 0x00,
    0x00, 0x00, 0x00, 0xB4, 0xFF, 0x81, 0x00, 0x00, 0x00, 0x60, 0xFF, 0xF7, 0xDC, 0xDC, 0xDC, 0xDC,
    0xDC, 0xDC, 0xDC, 0x86, 0x00, 0x00, 0x00, 0x00, 0x00, 0x32, 0xFF, 0xF1, 0x11, 0x00, 0x00, 0x00,
    0x60, 0xFF, 0xFF, 0xFF, 0xFF, 0xFF, 0xFF, 0xFF, 0xFF, 0xFF, 0x9C, 0x00, 0x00, 0x00, 0x00, 0x00,
    0xB1, 0xFF, 0x84, 0x00, 0x00, 0x00, 0x00, 0x60, 0xFF, 0xC4, 0x00, 0x00, 0x00, 0x00, 0x00, 0x00,
    0x00, 0x00, 0x00, 0x00, 0x00, 0x00, 0x2F, 0xFE, 0xFF, 0xE4, 0xDC, 0xDC, 0xDC, 0xDC, 0xE9, 0xFF,
    0xC4, 0x00, 0x00, 0x00, 0x00, 0x00, 0x00, 0x00, 0x00, 0x00, 0x00, 0x00, 0x00, 0xAD, 0xFF, 0xFF,
    0xFF, 0xFF, 0xFF, 0xFF, 0xFF, 0xFF, 0xFF, 0xC4, 0x00, 0x00, 0x00, 0x00, 0x00, 0x00, 0x00, 0x00,
    0x00, 0x00, 0x00, 0x2C, 0xFE, 0xFB, 0x1E, 0x00, 0x00, 0x00, 0x00, 0x00, 0x60, 0xFF, 0xC4, 0x00,
    0x00, 0x00, 0x00, 0x00, 0x00, 0x00, 0x00, 0x00, 0x00, 0x00, 0xAA, 0xFF, 0xA5, 0x00, 0x00, 0x00,
    0x00, 0x00, 0x00, 0x60, 0xFF, 0xC4, 0x00, 0x00, 0x00, 0x00, 0x00, 0x00, 0x00, 0x00, 0x00, 0x00,
    0x2A, 0xFD, 0xFF, 0x31, 0x00, 0x00, 0x00, 0x00, 0x00, 0x00, 0x60, 0xFF, 0xC4, 0x00, 0x00, 0x00,
    0x00, 0x00, 0x00, 0x00, 0x00, 0x00, 0x00, 0xA7, 0xFF, 0xBD, 0x00, 0x00, 0x00, 0x00, 0x00, 0x00,
    0x00, 0x60, 0xFF, 0xF7, 0xDC, 0xDC, 0xDC, 0xDC, 0xDC, 0xDC, 0xDC, 0xDC, 0x3D, 0x27, 0xFD, 0xFF,
    0x49, 0x00, 0x00, 0x00, 0x00, 0x00, 0x00, 0x00, 0x60, 0xFF, 0xFF, 0xFF, 0xFF, 0xFF, 0xFF, 0xFF,
    0xFF, 0xFF, 0xFF, 0x48, 0x00, 0x00, 0x00, 0x00, 0x23, 0x8D, 0xD3, 0xF5, 0xF7, 0xDF, 0xA5, 0x4A,
    0x00, 0x00, 0x00, 0x00, 0x00, 0x00, 0x00, 0x6A, 0xFA, 0xFF, 0xFF, 0xF2, 0xE4, 0xFB, 0xFF, 0xFF,
    0xBB, 0x12, 0x00, 0x00, 0x00, 0x00, 0x82, 0xFF, 0xFE, 0x95, 0x25, 0x00, 0x00, 0x0D, 0x60, 0xE4,
    0xFF, 0xD2, 0x0A, 0x00, 0x00, 0x3D, 0xFD, 0xFE, 0x58, 0x00, 0x00, 0x00, 0x00, 0x00, 0x00, 0x1A,
    0xE1, 0xFF, 0x8A, 0x00, 0x00, 0xC1, 0xFF, 0x94, 0x00, 0x00, 0x00, 0x00, 0x00, 0x00, 0x00, 0x00,
    0x53, 0xFF, 0xEE, 0x04, 0x1E, 0xFE, 0xFF, 0x1F, 0x00, 0x00, 0x00, 0x00, 0x00, 0x00, 0x00, 0x00,
    0x06, 0x60, 0x60, 0x0F, 0x5B, 0xFF, 0xCF, 0x00, 0x00, 0x00, 0x00, 0x00, 0x00, 0x00, 0x00, 0x00,
    0x00, 0x00, 0x00, 0x00, 0x76, 0xFF, 0xAF, 0x00, 0x00, 0x00, 0x00, 0x00, 0x00, 0x00, 0x00, 0x00,
    0x00, 0x00, 0x00, 0x00, 0x89, 0xFF, 0x9D, 0x00, 0x00, 0x00, 0x00, 0x00, 0x00, 0x00, 0x00, 0x00,
    0x00, 0x00, 0x00, 0x00, 0x77, 0xFF, 0xAF, 0x00, 0x00, 0x00, 0x00, 0x00, 0x00, 0x00, 0x00, 0x00,
    0x00, 0x00, 0x00, 0x00, 0x5C, 0xFF, 0xD0, 0x00, 0x00, 0x00, 0x00, 0x00, 0x00, 0x00, 0x00, 0x00,
    0x00, 0x00, 0x00, 0x00, 0x20, 0xFE, 0xFF, 0x20, 0x00, 0x00, 0x00, 0x00, 0x00, 0x00, 0x00, 0x00,
    0x06, 0x64, 0x64, 0x0F, 0x00, 0xC3, 0xFF, 0x96, 0x00, 0x00, 0x00, 0x00, 0x00, 0x00, 0x00, 0x00,
    0x54, 0xFF, 0xEE, 0x04, 0x00, 0x40, 0xFD, 0xFE, 0x58, 0x00, 0x00, 0x00, 0x00, 0x00, 0x00, 0x1A,
    0xE1, 0xFF, 0x89, 0x00, 0x00, 0x00, 0x83, 0xFF, 0xFE, 0x93, 0x24, 0x00, 0x00, 0x0C, 0x5E, 0xE4,
    0xFF, 0xD3, 0x0B, 0x00, 0x00, 0x00, 0x00, 0x6C, 0xFA, 0xFF, 0xFF, 0xF1, 0xE4, 0xFB, 0xFF, 0xFF,
    0xBD, 0x13, 0x00, 0x00, 0x00, 0x00, 0x00, 0x00, 0x24, 0x8F, 0xD3, 0xF6, 0xF7, 0xE0, 0xA7, 0x4E,
    0x00, 0x00, 0x00, 0x00, 0x00, 0x00, 0x00, 0x00, 0x00, 0x00, 0x00, 0x6D, 0xC0, 0x00, 0x00, 0x00,
    0x00, 0x00, 0x00, 0x00, 0x00, 0x00, 0x00, 0x00, 0x00, 0x00, 0x00, 0x8D, 0xD2, 0x35, 0x01, 0x00,
    0x00, 0x00, 0x00, 0x00, 0x00, 0x00, 0x00, 0x00, 0x00, 0x00, 0x00, 0x8F, 0xDD, 0xFE, 0xAF, 0x00,
    0x00, 0x00, 0x00, 0x00, 0x00, 0x00, 0x00, 0x00, 0x00, 0x00, 0x00, 0x04, 0x09, 0xC4, 0xEA, 0x00,
    0x00, 0x00, 0x00, 0x00, 0x00, 0x00, 0x00, 0x00, 0x00, 0x00, 0x24, 0xFF, 0xFF, 0xFA, 0x7C, 0x00,
    0x00, 0x00, 0x00, 0x00, 0x00, 0x00, 0x00, 0x00, 0x00, 0x00, 0x06, 0x30, 0x2A, 0x0E, 0x00, 0x00,
    0x00, 0x00, 0x00, 0x00, 0x00, 0x00, 0x3C, 0xFB, 0xF1, 0x14, 0x00, 0x00, 0x00, 0x00, 0x00, 0x00,
    0x00, 0x00, 0x79, 0xFF, 0x91, 0x00, 0x00, 0x00, 0x00, 0x00, 0x00, 0x00, 0x00, 0x01, 0xB6, 0xFA,
    0x23, 0x00, 0x00, 0x00, 0x00, 0x00, 0x00, 0x00, 0x00, 0x00, 0x00, 0x00, 0x00, 0x00, 0x00, 0x00,
    0x00, 0x00, 0x00, 0x00, 0x00, 0x00, 0x00, 0x00, 0x00, 0x00, 0x00, 0xE4, 0xFF, 0xFF, 0xFF, 0xFF,
    0xFF, 0xFF, 0xFF, 0xFF, 0xFF, 0xC0, 0xE4, 0xFF, 0xE8, 0xDC, 0xDC, 0xDC, 0xDC, 0xDC, 0xDC, 0xDC,
    0xA5, 0xE4, 0xFF, 0x58, 0x00, 0x00, 0x00, 0x00, 0x00, 0x00, 0x00, 0x00, 0xE4, 0xFF, 0x58, 0x00,
    0x00, 0x00, 0x00, 0x00, 0x00, 0x00, 0x00, 0xE4, 0xFF, 0x58, 0x00, 0x00, 0x00, 0x00, 0x00, 0x00,
    0x00, 0x00, 0xE4, 0xFF, 0x58, 0x00, 0x00, 0x00, 0x00, 0x00, 0x00, 0x00, 0x00, 0xE4, 0xFF, 0x58,
    0x00, 0x00, 0x00, 0x00, 0x00, 0x00, 0x00, 0x00, 0xE4, 0xFF, 0xE8, 0xDC, 0xDC, 0xDC, 0xDC, 0xDC,
    0xDC, 0xDC, 0x25, 0xE4, 0xFF, 0xFF, 0xFF, 0xFF, 0xFF, 0xFF, 0xFF, 0xFF, 0xFF, 0x2C, 0xE4, 0xFF,
    0x58, 0x00, 0x00, 0x00, 0x00, 0x00, 0x00, 0x00, 0x00, 0xE4, 0xFF, 0x58, 0x00, 0x00, 0x00, 0x00,
    0x00, 0x00, 0x00, 0x00, 0xE4, 0xFF, 0x58, 0x00, 0x00, 0x00, 0x00, 0x00, 0x00, 0x00, 0x00, 0xE4,
    0xFF, 0x58, 0x00, 0x00, 0x00, 0x00, 0x00, 0x00, 0x00, 0x00, 0xE4, 0xFF, 0x58, 0x00, 0x00, 0x00,
    0x00, 0x00, 0x00, 0x00, 0x00, 0xE4, 0xFF, 0x58, 0x00, 0x00, 0x00, 0x00, 0x00, 0x00, 0x00, 0x00,
    0xE4, 0xFF, 0xE8, 0xDC, 0xDC, 0xDC, 0xDC, 0xDC, 0xDC, 0xDC, 0xBD, 0xE4, 0xFF, 0xFF, 0xFF, 0xFF,
    0xFF, 0xFF, 0xFF, 0xFF, 0xFF, 0xDC, 0x00, 0x00, 0x00, 0x00, 0x00, 0x00, 0x74, 0x80, 0x33, 0x00,
    0x00, 0x00, 0x00, 0x00, 0x00, 0x00, 0x45, 0xFF, 0xDD, 0x0A, 0x00, 0x00, 0x00, 0x00, 0x00, 0x00,
    0x00, 0xBD, 0xFF, 0x42, 0x00, 0x00, 0x00, 0x00, 0x00, 0x00, 0x00, 0x34, 0xFF, 0x9B, 0x00, 0x00,
    0x00, 0x00, 0x00, 0x00, 0x00, 0x00, 0x00, 0x00, 0x00, 0x00, 0x00, 0x00, 0x00, 0x00, 0x00, 0x00,
    0x00, 0x00, 0x00, 0x00, 0x00, 0x00, 0x00, 0x00, 0xE4, 0xFF, 0xFF, 0xFF, 0xFF, 0xFF, 0xFF, 0xFF,
    0xFF, 0xFF, 0xC0, 0xE4, 0xFF, 0xE8, 0xDC, 0xDC, 0xDC, 0xDC, 0xDC, 0xDC, 0xDC, 0xA5, 0xE4, 0xFF,
    0x58, 0x00, 0x00, 0x00, 0x00, 0x00, 0x00, 0x00, 0x00, 0xE4, 0xFF, 0x58, 0x00, 0x00, 0x00, 0x00,
    0x00, 0x00, 0x00, 0x00, 0xE4, 0xFF, 0x58, 0x00, 0x00, 0x00, 0x00, 0x00, 0x00, 0x00, 0x00, 0xE4,
    0xFF, 0x58, 0x00, 0x00, 0x00, 0x00, 0x00, 0x00, 0x00, 0x00, 0xE4, 0xFF, 0x58, 0x00, 0x00, 0x00,
    0x00, 0x00, 0x00, 0x00, 0x00, 0xE4, 0xFF, 0xE8, 0xDC, 0xDC, 0xDC, 0xDC, 0xDC, 0xDC, 0xDC, 0x25,
    0xE4, 0xFF, 0xFF, 0xFF, 0xFF, 0xFF, 0xFF, 0xFF, 0xFF, 0xFF, 0x2C, 0xE4, 0xFF, 0x58, 0x00, 0x00,
    0x00, 0x00, 0x00, 0x00, 0x00, 0x00, 0xE4, 0xFF, 0x58, 0x00, 0x00, 0x00, 0x00, 0x00, 0x00, 0x00,
    0x00, 0xE4, 0xFF, 0x58, 0x00, 0x00, 0x00, 0x00, 0x00, 0x00, 0x00, 0x00, 0xE4, 0xFF, 0x58, 0x00,
    0x00, 0x00, 0x00, 0x00, 0x00, 0x00, 0x00, 0xE4, 0xFF, 0x58, 0x00, 0x00, 0x00, 0x00, 0x00, 0x00,
    0x00, 0x00, 0xE4, 0xFF, 0x58, 0x00, 0x00, 0x00, 0x00, 0x00, 0x00, 0x00, 0x00, 0xE4, 0xFF, 0xE8,
    0xDC, 0xDC, 0xDC, 0xDC, 0xDC, 0xDC, 0xDC, 0xBD, 0xE4, 0xFF, 0xFF, 0xFF, 0xFF, 0xFF, 0xFF, 0xFF,
    0xFF, 0xFF, 0xDC, 0x00, 0x00, 0x00, 0x1C, 0xE0, 0xFF, 0xDA, 0x16, 0x00, 0x00, 0x00, 0x00, 0x00,
    0x16, 0xD8, 0xF2, 0x64, 0xF5, 0xCE, 0x0E, 0x00, 0x00, 0x00, 0x0F, 0xD0, 0xFA, 0x44, 0x00, 0x4D,
    0xFC, 0xC0, 0x08, 0x00, 0x00, 0x00, 0x00, 0x00, 0x00, 0x00, 0x00, 0x00, 0x00, 0x00, 0x00, 0x00,
    0x00, 0x00, 0x00, 0x00, 0x00, 0x00, 0x00, 0x00, 0x00, 0x00, 0xE4, 0xFF, 0xFF, 0xFF, 0xFF, 0xFF,
    0xFF, 0xFF, 0xFF, 0xFF, 0xC0, 0xE4, 0xFF, 0xE8, 0xDC, 0xDC, 0xDC, 0xDC, 0xDC, 0xDC, 0xDC, 0xA5,
    0xE4, 0xFF, 0x58, 0x00, 0x00, 0x00, 0x00, 0x00, 0x00, 0x00, 0x00, 0xE4, 0xFF, 0x58, 0x00, 0x00,
    0x00, 0x00, 0x00, 0x00, 0x00, 0x00, 0xE4, 0xFF, 0x58, 0x00, 0x00, 0x00, 0x00, 0x00, 0x00, 0x00,
    0x00, 0xE4, 0xFF, 0x58, 0x00, 0x00, 0x00, 0x00, 0x00, 0x00, 0x00, 0x00, 0xE4, 0xFF, 0x58, 0x00,
    0x00, 0x00, 0x00, 0x00, 0x00, 0x00, 0x00, 0xE4, 0xFF, 0xE8, 0xDC, 0xDC, 0xDC, 0xDC, 0xDC, 0xDC,
    0xDC, 0x25, 0xE4, 0xFF, 0xFF, 0xFF, 0xFF, 0xFF, 0xFF, 0xFF, 0xFF, 0xFF, 0x2C, 0xE4, 0xFF, 0x58,
    0x00, 0x00, 0x00, 0x00, 0x00, 0x00, 0x00, 0x00, 0xE4, 0xFF, 0x58, 0x00, 0x00, 0x00, 0x00, 0x00,
    0x00, 0x00, 0x00, 0xE4, 0xFF, 0x58, 0x00, 0x00, 0x00, 0x00, 0x00, 0x00, 0x00, 0x00, 0xE4, 0xFF,
    0x58, 0x00, 0x00, 0x00, 0x00, 0x00, 0x00, 0x00, 0x00, 0xE4, 0xFF, 0x58, 0x00, 0x00, 0x00, 0x00,
    0x00, 0x00, 0x00, 0x00, 0xE4, 0xFF, 0x58, 0x00, 0x00, 0x00, 0x00, 0x00, 0x00, 0x00, 0x00, 0xE4,
    0xFF, 0xE8, 0xDC, 0xDC, 0xDC, 0xDC, 0xDC, 0xDC, 0xDC, 0xBD, 0xE4, 0xFF, 0xFF, 0xFF, 0xFF, 0xFF,
    0xFF, 0xFF, 0xFF, 0xFF, 0xDC, 0x00, 0x0A, 0xAC, 0xB3, 0x10, 0x00, 0x11, 0xB3, 0xAC, 0x0A, 0x00,
    0x00, 0x4F, 0xFF, 0xFF, 0x5F, 0x00, 0x5F, 0xFF, 0xFF, 0x4F, 0x00, 0x00, 0x14, 0xD4, 0xDC, 0x1D,
    0x00, 0x1D, 0xDC, 0xD5, 0x14, 0x00, 0x00, 0x00, 0x00, 0x00, 0x00, 0x00, 0x00, 0x00, 0x00, 0x00,
    0x00, 0x00, 0x00, 0x00, 0x00, 0x00, 0x00, 0x00, 0x00, 0x00, 0x00, 0x00, 0xE4, 0xFF, 0xFF, 0xFF,
    0xFF, 0xFF, 0xFF, 0xFF, 0xFF, 0xFF, 0xC0, 0xE4, 0xFF, 0xE8, 0xDC, 0xDC, 0xDC, 0xDC, 0xDC, 0xDC,
    0xDC, 0xA5, 0xE4, 0xFF, 0x58, 0x00, 0x00, 0x00, 0x00, 0x00, 0x00, 0x00, 0x00, 0xE4, 0xFF, 0x58,
    0x00, 0x00, 0x00, 0x00, 0x00, 0x00, 0x00, 0x00, 0xE4, 0xFF, 0x58, 0x00, 0x00, 0x00, 0x00, 0x00,
    0x00, 0x00, 0x00, 0xE4, 0xFF, 0x58, 0x00, 0x00, 0x00, 0x00, 0x00, 0x00, 0x00, 0x00, 0xE4, 0xFF,
    0x58, 0x00, 0x00, 0x00, 0x00, 0x00, 0x00, 0x00, 0x00, 0xE4, 0xFF, 0xE8, 0xDC, 0xDC, 0xDC, 0xDC,
    0xDC, 0xDC, 0xDC, 0x25, 0xE4, 0xFF, 0xFF, 0xFF, 0xFF, 0xFF, 0xFF, 0xFF, 0xFF, 0xFF, 0x2C, 0xE4,
    0xFF, 0x58, 0x00, 0x00, 0x00, 0x00, 0x00, 0x00, 0x00, 0x00, 0xE4, 0xFF, 0x58, 0x00, 0x00, 0x00,
    0x00, 0x00, 0x00, 0x00, 0x00, 0xE4, 0xFF, 0x58, 0x00, 0x00, 0x00, 0x00, 0x00, 0x00, 0x00, 0x00,
    0xE4, 0xFF, 0x58, 0x00, 0x00, 0x00, 0x00, 0x00, 0x00, 0x00, 0x00, 0xE4, 0xFF, 0x58, 0x00, 0x00,
    0x00, 0x00, 0x00, 0x00, 0x00, 0x00, 0xE4, 0xFF, 0x58, 0x00, 0x00, 0x00, 0x00, 0x00, 0x00, 0x00,
    0x00, 0xE4, 0xFF, 0xE8, 0xDC, 0xDC, 0xDC, 0xDC, 0xDC, 0xDC, 0xDC, 0xBD, 0xE4, 0xFF, 0xFF, 0xFF,
    0xFF, 0xFF, 0xFF, 0xFF, 0xFF, 0xFF, 0xDC, 0x7D, 0xFF, 0xC1, 0x00, 0x00, 0x02, 0xBA, 0xFF, 0x4D,
    0x00, 0x00, 0x16, 0xE6, 0xD5, 0x03, 0x00, 0x00, 0x00, 0x00, 0x00, 0x00, 0x00, 0x00, 0x00, 0x00,
    0x00, 0x00, 0xE4, 0xFF, 0x58, 0x00, 0x00, 0xE4, 0xFF, 0x58, 0x00, 0x00, 0xE4, 0xFF, 0x58, 0x00,
    0x00, 0xE4, 0xFF, 0x58, 0x00, 0x00, 0xE4, 0xFF, 0x58, 0x00, 0x00, 0xE4, 0xFF, 0x58, 0x00, 0x00,
    0xE4, 0xFF, 0x58, 0x00, 0x00, 0xE4, 0xFF, 0x58, 0x00, 0x00, 0xE4, 0xFF, 0x58, 0x00, 0x00, 0xE4,
    0xFF, 0x58, 0x00, 0x00, 0xE4, 0xFF, 0x58, 0x00, 0x00, 0xE4, 0xFF, 0x58, 0x00, 0x00, 0xE4, 0xFF,
    0x58, 0x00, 0x00, 0xE4, 0xFF, 0x58, 0x00, 0x00, 0xE4, 0xFF, 0x58, 0x00, 0x00, 0xE4, 0xFF, 0x58,
    0x00, 0x00, 0xE4, 0xFF, 0x58, 0x00, 0x17, 0x80, 0x7F, 0x11, 0x00, 0x89, 0xFF, 0xA4, 0x00, 0x0F,
    0xF1, 0xEA, 0x13, 0x00, 0x78, 0xFF, 0x57, 0x00, 0x00, 0x00, 0x00, 0x00, 0x00, 0x00, 0x00, 0x00,
    0x00, 0x00, 0x00, 0xE4, 0xFF, 0x58, 0x00, 0x00, 0xE4, 0xFF, 0x58, 0x00, 0x00, 0xE4, 0xFF, 0x58,
    0x00, 0x00, 0xE4, 0xFF, 0x58, 0x00, 0x00, 0xE4, 0xFF, 0x58, 0x00, 0x00, 0xE4, 0xFF, 0x58, 0x00,
    0x00, 0xE4, 0xFF, 0x58, 0x00, 0x00, 0xE4, 0xFF, 0x58, 0x00, 0x00, 0xE4, 0xFF, 0x58, 0x00, 0x00,
    0xE4, 0xFF, 0x58, 0x00, 0x00, 0xE4, 0xFF, 0x58, 0x00, 0x00, 0xE4, 0xFF, 0x58, 0x00, 0x00, 0xE4,
    0xFF, 0x58, 0x00, 0x00, 0xE4, 0xFF, 0x58, 0x00, 0x00, 0xE4, 0xFF, 0x58, 0x00, 0x00, 0xE4, 0xFF,
    0x58, 0x00, 0x00, 0xE4, 0xFF, 0x58, 0x00, 0x00, 0x00, 0x00, 0x47, 0xF9, 0xFF, 0xAA, 0x02, 0x00,
    0x00, 0x3D, 0xF6, 0xD0, 0x7B, 0xFF, 0x98, 0x00, 0x32, 0xF1, 0xE0, 0x19, 0x00, 0x8D, 0xFF, 0x85,
    0x00, 0x00, 0x00, 0x00, 0x00, 0x00, 0x00, 0x00, 0x00, 0x00, 0x00, 0x00, 0x00, 0x00, 0x00, 0x00,
    0x00, 0x00, 0x00, 0xE4, 0xFF, 0x58, 0x00, 0x00, 0x00, 0x00, 0x00, 0xE4, 0xFF, 0x58, 0x00, 0x00,
    0x00, 0x00, 0x00, 0xE4, 0xFF, 0x58, 0x00, 0x00, 0x00, 0x00, 0x00, 0xE4, 0xFF, 0x58, 0x00, 0x00,
    0x00, 0x00, 0x00, 0xE4, 0xFF, 0x58, 0x00, 0x00, 0x00, 0x00, 0x00, 0xE4, 0xFF, 0x58, 0x00, 0x00,
    0x00, 0x00, 0x00, 0xE4, 0xFF, 0x58, 0x00, 0x00, 0x00, 0x00, 0x00, 0xE4, 0xFF, 0x58, 0x00, 0x00,
    0x00, 0x00, 0x00, 0xE4, 0xFF, 0x58, 0x00, 0x00, 0x00, 0x00, 0x00, 0xE4, 0xFF, 0x58, 0x00, 0x00,
    0x00, 0x00, 0x00, 0xE4, 0xFF, 0x58, 0x00, 0x00, 0x00, 0x00, 0x00, 0xE4, 0xFF, 0x58, 0x00, 0x00,
    0x00, 0x00, 0x00, 0xE4, 0xFF, 0x58, 0x00, 0x00, 0x00, 0x00, 0x00, 0xE4, 0xFF, 0x58, 0x00, 0x00,
    0x00, 0x00, 0x00, 0xE4, 0xFF, 0x58, 0x00, 0x00, 0x00, 0x00, 0x00, 0xE4, 0xFF, 0x58, 0x00, 0x00,
    0x00, 0x00, 0x00, 0xE4, 0xFF, 0x58, 0x00, 0x00, 0x2D, 0xC4, 0x89, 0x00, 0x00, 0x37, 0xC8, 0x7D,
    0x00, 0x97, 0xFF, 0xFF, 0x17, 0x00, 0xA7, 0xFF, 0xFF, 0x08, 0x43, 0xED, 0xB1, 0x01, 0x00, 0x4F,
    0xF0, 0xA4, 0x00, 0x00, 0x00, 0x00, 0x00, 0x00, 0x00, 0x00, 0x00, 0x00, 0x00, 0x00, 0x00, 0x00,
    0x00, 0x00, 0x00, 0x00, 0x00, 0x00, 0x00, 0x00, 0xE4, 0xFF, 0x58, 0x00, 0x00, 0x00, 0x00, 0x00,
    0x00, 0xE4, 0xFF, 0x58, 0x00, 0x00, 0x00, 0x00, 0x00, 0x00, 0xE4, 0xFF, 0x58, 0x00, 0x00, 0x00,
    0x00, 0x00, 0x00, 0xE4, 0xFF, 0x58, 0x00, 0x00, 0x00, 0x00, 0x00, 0x00, 0xE4, 0xFF, 0x58, 0x00,
    0x00, 0x00, 0x00, 0x00, 0x00, 0xE4, 0xFF, 0x58, 0x00, 0x00, 0x00, 0x00, 0x00, 0x00, 0xE4, 0xFF,
    0x58, 0x00, 0x00, 0x00, 0x00, 0x00, 0x00, 0xE4, 0xFF, 0x58, 0x00, 0x00, 0x00, 0x00, 0x00, 0x00,
    0xE4, 0xFF, 0x58, 0x00, 0x00, 0x00, 0x00, 0x00, 0x00, 0xE4, 0xFF, 0x58, 0x00, 0x00, 0x00, 0x00,
    0x00, 0x00, 0xE4, 0xFF, 0x58, 0x00, 0x00, 0x00, 0x00, 0x00, 0x00, 0xE4, 0xFF, 0x58, 0x00, 0x00,
    0x00, 0x00, 0x00, 0x00, 0xE4, 0xFF, 0x58, 0x00, 0x00, 0x00, 0x00, 0x00, 0x00, 0xE4, 0xFF, 0x58,
    0x00, 0x00, 0x00, 0x00, 0x00, 0x00, 0xE4, 0xFF, 0x58, 0x00, 0x00, 0x00, 0x00, 0x00, 0x00, 0xE4,
    0xFF, 0x58, 0x00, 0x00, 0x00, 0x00, 0x00, 0x00, 0xE4, 0xFF, 0x58, 0x00, 0x00, 0x00, 0x00, 0x00,
    0x94, 0xFF, 0xFF, 0xFF, 0xFF, 0xFF, 0xFA, 0xE5, 0xB7, 0x67, 0x0A, 0x00, 0x00, 0x00, 0x00, 0x00,
    0x00, 0x94, 0xFF, 0xF3, 0xDC, 0xDC, 0xDC, 0xE8, 0xFB, 0xFF, 0xFF, 0xDF, 0x33, 0x00, 0x00, 0x00,
    0x00, 0x00, 0x94, 0xFF, 0xA8, 0x00, 0x00, 0x00, 0x00, 0x09, 0x4B, 0xC8, 0xFF, 0xF8, 0x3C, 0x00,
    0x00, 0x00, 0x00, 0x94, 0xFF, 0xA8, 0x00, 0x00, 0x00, 0x00, 0x00, 0x00, 0x04, 0xA3, 0xFF, 0xDF,
    0x0D, 0x00, 0x00, 0x00, 0x94, 0xFF, 0xA8, 0x00, 0x00, 0x00, 0x00, 0x00, 0x00, 0x00, 0x09, 0xDD,
    0xFF, 0x6E, 0x00, 0x00, 0x00, 0x94, 0xFF, 0xA8, 0x00, 0x00, 0x00, 0x00, 0x00, 0x00, 0x00, 0x00,
    0x6F, 0xFF, 0xC7, 0x00, 0x00, 0x00, 0x94, 0xFF, 0xA8, 0x00, 0x00, 0x00, 0x00, 0x00, 0x00, 0x00,
    0x00, 0x2A, 0xFF, 0xFD, 0x04, 0xA8, 0xDC, 0xFF, 0xFF, 0xFF, 0xDC, 0xDC, 0xDC, 0xDC, 0x3D, 0x00,
    0x00, 0x00, 0x05, 0xFF, 0xFF, 0x1B, 0xC4, 0xFF, 0xFF, 0xFF, 0xFF, 0xFF, 0xFF, 0xFF, 0xFF, 0x48,
    0x00, 0x00, 0x00, 0x00, 0xF8, 0xFF, 0x2D, 0x00, 0x00, 0x94, 0xFF, 0xA8, 0x00, 0x00, 0x00, 0x00,
    0x00, 0x00, 0x00, 0x00, 0x05, 0xFF, 0xFF, 0x19, 0x00, 0x00, 0x94, 0xFF, 0xA8, 0x00, 0x00, 0x00,
    0x00, 0x00, 0x00, 0x00, 0x00, 0x2D, 0xFF, 0xFD, 0x03, 0x00, 0x00, 0x94, 0xFF, 0xA8, 0x00, 0x00,
    0x00, 0x00, 0x00, 0x00, 0x00, 0x00, 0x75, 0xFF, 0xC4, 0x00, 0x00, 0x00, 0x94, 0xFF, 0xA8, 0x00,
    0x00, 0x00, 0x00, 0x00, 0x00, 0x00, 0x0C, 0xE2, 0xFF, 0x6C, 0x00, 0x00, 0x00, 0x94, 0xFF, 0xA8,
    0x00, 0x00, 0x00, 0x00, 0x00, 0x00, 0x06, 0xAD, 0xFF, 0xDC, 0x0C, 0x00, 0x00, 0x00, 0x94, 0xFF,
    0xA8, 0x00, 0x00, 0x00, 0x00, 0x0E, 0x54, 0xCF, 0xFF, 0xF6, 0x38, 0x00, 0x00, 0x00, 0x00, 0x94,
    0xFF, 0xF3, 0xDC, 0xDC, 0xDC, 0xE9, 0xFD, 0xFF, 0xFF, 0xD9, 0x2E, 0x00, 0x00, 0x00, 0x00, 0x00,
    0x94, 0xFF, 0xFF, 0xFF, 0xFF, 0xFF, 0xF8, 0xE1, 0xB0, 0x60, 0x07, 0x00, 0x00, 0x00, 0x00, 0x00,
    0x00, 0x00, 0x00, 0x00, 0x15, 0x00, 0x00, 0x00, 0x23, 0x0F, 0x00, 0x00, 0x00, 0x00, 0x00, 0x00,
    0x01, 0xBB, 0xFF, 0xE4, 0x70, 0x56, 0xFF, 0x5B, 0x00, 0x00, 0x00, 0x00, 0x00, 0x00, 0x3A, 0xFF,
    0x8C, 0x99, 0xF9, 0xFF, 0xE5, 0x0F, 0x00, 0x00, 0x00, 0x00, 0x00, 0x00, 0x1B, 0x50, 0x0B, 0x00,
    0x12, 0x41, 0x13, 0x00, 0x00, 0x00, 0x00, 0x00, 0x00, 0x00, 0x00, 0x00, 0x00, 0x00, 0x00, 0x00,
    0x00, 0x00, 0x00, 0x00, 0x00, 0xE4, 0xFF, 0xF1, 0x1D, 0x00, 0x00, 0x00, 0x00, 0x00, 0x00, 0x00,
    0x40, 0xFF, 0xF8, 0xE4, 0xFF, 0xFF, 0xB6, 0x00, 0x00, 0x00, 0x00, 0x00, 0x00, 0x00, 0x40, 0xFF,
    0xF8, 0xE4, 0xFF, 0xFA, 0xFF, 0x5D, 0x00, 0x00, 0x00, 0x00, 0x00, 0x00, 0x40, 0xFF, 0xF8, 0xE4,
    0xFF, 0x94, 0xFF, 0xED, 0x17, 0x00, 0x00, 0x00, 0x00, 0x00, 0x40, 0xFF, 0xF8, 0xE4, 0xFF, 0x42,
    0xCA, 0xFF, 0xAB, 0x00, 0x00, 0x00, 0x00, 0x00, 0x40, 0xFF, 0xF8, 0xE4, 0xFF, 0x4A, 0x35, 0xFD,
    0xFF, 0x52, 0x00, 0x00, 0x00, 0x00, 0x40, 0xFF, 0xF8, 0xE4, 0xFF, 0x53, 0x00, 0x96, 0xFF, 0xE7,
    0x11, 0x00, 0x00, 0x00, 0x40, 0xFF, 0xF8, 0xE4, 0xFF, 0x57, 0x00, 0x0D, 0xE2, 0xFF, 0xA0, 0x00,
    0x00, 0x00, 0x40, 0xFF, 0xF8, 0xE4, 0xFF, 0x58, 0x00, 0x00, 0x48, 0xFF, 0xFF, 0x48, 0x00, 0x00,
    0x40, 0xFF, 0xF8, 0xE4, 0xFF, 0x58, 0x00, 0x00, 0x00, 0x9F, 0xFF, 0xE1, 0x0D, 0x00, 0x40, 0xFF,
    0xF8, 0xE4, 0xFF, 0x58, 0x00, 0x00, 0x00, 0x10, 0xE5, 0xFF, 0x96, 0x00, 0x40, 0xFF, 0xF8, 0xE4,
    0xFF, 0x58, 0x00, 0x00, 0x00, 0x00, 0x4D, 0xFF, 0xFE, 0x38, 0x3E, 0xFF, 0xF8, 0xE4, 0xFF, 0x58,
    0x00, 0x00, 0x00, 0x00, 0x00, 0xA4, 0xFF, 0xCB, 0x38, 0xFF, 0xF8, 0xE4, 0xFF, 0x58, 0x00, 0x00,
    0x00, 0x00, 0x00, 0x12, 0xE8, 0xFF, 0x85, 0xFF, 0xF8, 0xE4, 0xFF, 0x58, 0x00, 0x00, 0x00, 0x00,
    0x00, 0x00, 0x52, 0xFF, 0xF2, 0xFF, 0xF8, 0xE4, 0xFF, 0x58, 0x00, 0x00, 0x00, 0x00, 0x00, 0x00,
    0x00, 0xA9, 0xFF, 0xFF, 0xF8, 0xE4, 0xFF, 0x58, 0x00, 0x00, 0x00, 0x00, 0x00, 0x00, 0x00, 0x15,
    0xEB, 0xFF, 0xF8, 0x00, 0x00, 0x00, 0x00, 0x00, 0x85, 0xFF, 0xB9, 0x00, 0x00, 0x00, 0x00, 0x00,
    0x00, 0x00, 0x00, 0x00, 0x00, 0x00, 0x00, 0x00, 0x03, 0xC1, 0xFF, 0x45, 0x00, 0x00, 0x00, 0x00,
    0x00, 0x00, 0x00, 0x00, 0x00, 0x00, 0x00, 0x00, 0x00, 0x1A, 0xEA, 0xCF, 0x02, 0x00, 0x00, 0x00,
    0x00, 0x00, 0x00, 0x00, 0x00, 0x00, 0x00, 0x00, 0x00, 0x00, 0x00, 0x00, 0x00, 0x00, 0x00, 0x00,
    0x00, 0x00, 0x00, 0x00, 0x00, 0x00, 0x00, 0x00, 0x00, 0x00, 0x00, 0x00, 0x00, 0x00, 0x00, 0x00,
    0x00, 0x00, 0x00, 0x00, 0x00, 0x00, 0x00, 0x22, 0x8C, 0xD2, 0xF5, 0xFA, 0xE2, 0xAA, 0x4B, 0x00,
    0x00, 0x00, 0x00, 0x00, 0x00, 0x00, 0x68, 0xF9, 0xFF, 0xFF, 0xF2, 0xE7, 0xFE, 0xFF, 0xFF, 0xB2,
    0x0E, 0x00, 0x00, 0x00, 0x00, 0x7F, 0xFF, 0xFF, 0x97, 0x26, 0x00, 0x00, 0x0C, 0x69, 0xEA, 0xFF,
    0xD3, 0x0A, 0x00, 0x00, 0x3D, 0xFD, 0xFF, 0x5B, 0x00, 0x00, 0x00, 0x00, 0x00, 0x00, 0x1F, 0xDE,
    0xFF, 0x97, 0x00, 0x00, 0xC1, 0xFF, 0x98, 0x00, 0x00, 0x00, 0x00, 0x00, 0x00, 0x00, 0x00, 0x3F,
    0xFF, 0xFE, 0x1E, 0x1E, 0xFE, 0xFF, 0x22, 0x00, 0x00, 0x00, 0x00, 0x00, 0x00, 0x00, 0x00, 0x00,
    0xC8, 0xFF, 0x78, 0x5B, 0xFF, 0xD1, 0x00, 0x00, 0x00, 0x00, 0x00, 0x00, 0x00, 0x00, 0x00, 0x00,
    0x78, 0xFF, 0xB7, 0x76, 0xFF, 0xB0, 0x00, 0x00, 0x00, 0x00, 0x00, 0x00, 0x00, 0x00, 0x00, 0x00,
    0x59, 0xFF, 0xD1, 0x89, 0xFF, 0x9D, 0x00, 0x00, 0x00, 0x00, 0x00, 0x00, 0x00, 0x00, 0x00, 0x00,
    0x46, 0xFF, 0xE5, 0x77, 0xFF, 0xAF, 0x00, 0x00, 0x00, 0x00, 0x00, 0x00, 0x00, 0x00, 0x00, 0x00,
    0x58, 0xFF, 0xD2, 0x5C, 0xFF, 0xD0, 0x00, 0x00, 0x00, 0x00, 0x00, 0x00, 0x00, 0x00, 0x00, 0x00,
    0x78, 0xFF, 0xB7, 0x20, 0xFE, 0xFF, 0x20, 0x00, 0x00, 0x00, 0x00, 0x00, 0x00, 0x00, 0x00, 0x00,
    0xC8, 0xFF, 0x7A, 0x00, 0xC3, 0xFF, 0x97, 0x00, 0x00, 0x00, 0x00, 0x00, 0x00, 0x00, 0x00, 0x3E,
    0xFF, 0xFE, 0x1F, 0x00, 0x3F, 0xFD, 0xFE, 0x5B, 0x00, 0x00, 0x00, 0x00, 0x00, 0x00, 0x1E, 0xDE,
    0xFF, 0x99, 0x00, 0x00, 0x00, 0x80, 0xFF, 0xFF, 0x96, 0x26, 0x00, 0x00, 0x0B, 0x65, 0xE8, 0xFF,
    0xD4, 0x0B, 0x00, 0x00, 0x00, 0x00, 0x69, 0xF9, 0xFF, 0xFF, 0xF2, 0xE7, 0xFE, 0xFF, 0xFF, 0xB3,
    0x0F, 0x00, 0x00, 0x00, 0x00, 0x00, 0x00, 0x23, 0x8D, 0xD3, 0xF6, 0xFB, 0xE3, 0xAB, 0x4C, 0x00,
    0x00, 0x00, 0x00, 0x00, 0x00, 0x00, 0x00, 0x00, 0x00, 0x00, 0x00, 0x1B, 0x80, 0x7F, 0x0D, 0x00,
    0x00, 0x00, 0x00, 0x00, 0x00, 0x00, 0x00, 0x00, 0x00, 0x00, 0x00, 0x91, 0xFF, 0x9C, 0x00, 0x00,
    0x00, 0x00, 0x00, 0x00, 0x00, 0x00, 0x00, 0x00, 0x00, 0x00, 0x13, 0xF4, 0xE5, 0x10, 0x00, 0x00,
    0x00, 0x00, 0x00, 0x00, 0x00, 0x00, 0x00, 0x00, 0x00, 0x00, 0x80, 0xFF, 0x4F, 0x00, 0x00, 0x00,
    0x00, 0x00, 0x00, 0x00, 0x00, 0x00, 0x00, 0x00, 0x00, 0x00, 0x00, 0x00, 0x00, 0x00, 0x00, 0x00,
    0x00, 0x00, 0x00, 0x00, 0x00, 0x00, 0x00, 0x00, 0x00, 0x00, 0x00, 0x00, 0x00, 0x00, 0x00, 0x00,
    0x00, 0x00, 0x00, 0x00, 0x00, 0x00, 0x00, 0x22, 0x8C, 0xD2, 0xF5, 0xFA, 0xE2, 0xAA, 0x4B, 0x00,
    0x00, 0x00, 0x00, 0x00, 0x00, 0x00, 0x68, 0xF9, 0xFF, 0xFF, 0xF2, 0xE7, 0xFE, 0xFF, 0xFF, 0xB2,
    0x0E, 0x00, 0x00, 0x00, 0x00, 0x7F, 0xFF, 0xFF, 0x97, 0x26, 0x00, 0x00, 0x0C, 0x69, 0xEA, 0xFF,
    0xD3, 0x0A, 0x00, 0x00, 0x3D, 0xFD, 0xFF, 0x5B, 0x00, 0x00, 0x00, 0x00, 0x00, 0x00, 0x1F, 0xDE,
    0xFF, 0x97, 0x00, 0x00, 0xC1, 0xFF, 0x98, 0x00, 0x00, 0x00, 0x00, 0x00, 0x00, 0x00, 0x00, 0x3F,
    0xFF, 0xFE, 0x1E, 0x1E, 0xFE, 0xFF, 0x22, 0x00, 0x00, 0x00, 0x00, 0x00, 0x00, 0x00, 0x00, 0x00,
    0xC8, 0xFF, 0x78, 0x5B, 0xFF, 0xD1, 0x00, 0x00, 0x00, 0x00, 0x00, 0x00, 0x00, 0x00, 0x00, 0x00,
    0x78, 0xFF, 0xB7, 0x76, 0xFF, 0xB0, 0x00, 0x00, 0x00, 0x00, 0x00, 0x00, 0x00, 0x00, 0x00, 0x00,
    0x59, 0xFF, 0xD1, 0x89, 0xFF, 0x9D, 0x00, 0x00, 0x00, 0x00, 0x00, 0x00, 0x00, 0x00, 0x00, 0x00,
    0x46, 0xFF, 0xE5, 0x77, 0xFF, 0xAF, 0x00, 0x00, 0x00, 0x00, 0x00, 0x00, 0x00, 0x00, 0x00, 0x00,
    0x58, 0xFF, 0xD2, 0x5C, 0xFF, 0xD0, 0x00, 0x00, 0x00, 0x00, 0x00, 0x00, 0x00, 0x00, 0x00, 0x00,
    0x78, 0xFF, 0xB7, 0x20, 0xFE, 0xFF, 0x20, 0x00, 0x00, 0x00, 0x00, 0x00, 0x00, 0x00, 0x00, 0x00,
    0xC8, 0xFF, 0x7A, 0x00, 0xC3, 0xFF, 0x97, 0x00, 0x00, 0x00, 0x00, 0x00, 0x00, 0x00, 0x00, 0x3E,
    0xFF, 0xFE, 0x1F, 0x00, 0x3F, 0xFD, 0xFE, 0x5B, 0x00, 0x00, 0x00, 0x00, 0x00, 0x00, 0x1E, 0xDE,
    0xFF, 0x99, 0x00, 0x00, 0x00, 0x80, 0xFF, 0xFF, 0x96, 0x26, 0x00, 0x00, 0x0B, 0x65, 0xE8, 0xFF,
    0xD4, 0x0B, 0x00, 0x00, 0x00, 0x00, 0x69, 0xF9, 0xFF, 0xFF, 0xF2, 0xE7, 0xFE, 0xFF, 0xFF, 0xB3,
    0x0F, 0x00, 0x00, 0x00, 0x00, 0x00, 0x00, 0x23, 0x8D, 0xD3, 0xF6, 0xFB, 0xE3, 0xAB, 0x4C, 0x00,
    0x00, 0x00, 0x00, 0x00, 0x00, 0x00, 0x00, 0x00, 0x00, 0x4E, 0xFB, 0xFF, 0xA3, 0x01, 0x00, 0x00,
    0x00, 0x00, 0x00, 0x00, 0x00, 0x00, 0x00, 0x00, 0x43, 0xF8, 0xCA, 0x80, 0xFF, 0x91, 0x00, 0x00,
    0x00, 0x00, 0x00, 0x00, 0x00, 0x00, 0x00, 0x38, 0xF4, 0xDC, 0x16, 0x00, 0x95, 0xFF, 0x7D, 0x00,
    0x00, 0x00, 0x00, 0x00, 0x00, 0x00, 0x00, 0x00, 0x00, 0x00, 0x00, 0x00, 0x00, 0x00, 0x00, 0x00,
    0x00, 0x00, 0x00, 0x00, 0x00, 0x00, 0x00, 0x00, 0x00, 0x00, 0x00, 0x00, 0x00, 0x00, 0x00, 0x00,
    0x00, 0x00, 0x00, 0x00, 0x00, 0x00, 0x00, 0x22, 0x8C, 0xD2, 0xF5, 0xFA, 0xE2, 0xAA, 0x4B, 0x00,
    0x00, 0x00, 0x00, 0x00, 0x00, 0x00, 0x68, 0xF9, 0xFF, 0xFF, 0xF2, 0xE7, 0xFE, 0xFF, 0xFF, 0xB2,
    0x0E, 0x00, 0x00, 0x00, 0x00, 0x7F, 0xFF, 0xFF, 0x97, 0x26, 0x00, 0x00, 0x0C, 0x69, 0xEA, 0xFF,
    0xD3, 0x0A, 0x00, 0x00, 0x3D, 0xFD, 0xFF, 0x5B, 0x00, 0x00, 0x00, 0x00, 0x00, 0x00, 0x1F, 0xDE,
    0xFF, 0x97, 0x00, 0x00, 0xC1, 0xFF, 0x98, 0x00, 0x00, 0x00, 0x00, 0x00, 0x00, 0x00, 0x00, 0x3F,
    0xFF, 0xFE, 0x1E, 0x1E, 0xFE, 0xFF, 0x22, 0x00, 0x00, 0x00, 0x00, 0x00, 0x00, 0x00, 0x00, 0x00,
    0xC8, 0xFF, 0x78, 0x5B, 0xFF, 0xD1, 0x00, 0x00, 0x00, 0x00, 0x00, 0x00, 0x00, 0x00, 0x00, 0x00,
    0x78, 0xFF, 0xB7, 0x76, 0xFF, 0xB0, 0x00, 0x00, 0x00, 0x00, 0x00, 0x00, 0x00, 0x00, 0x00, 0x00,
    0x59, 0xFF, 0xD1, 0x89, 0xFF, 0x9D, 0x00, 0x00, 0x00, 0x00, 0x00, 0x00, 0x00, 0x00, 0x00, 0x00,
    0x46, 0xFF, 0xE5, 0x77, 0xFF, 0xAF, 0x00, 0x00, 0x00, 0x00, 0x00, 0x00, 0x00, 0x00, 0x00, 0x00,
    0x58, 0xFF, 0xD2, 0x5C, 0xFF, 0xD0, 0x00, 0x00, 0x00, 0x00, 0x00, 0x00, 0x00, 0x00, 0x00, 0x00,
    0x78, 0xFF, 0xB7, 0x20, 0xFE, 0xFF, 0x20, 0x00, 0x00, 0x00, 0x00, 0x00, 0x00, 0x00, 0x00, 0x00,
    0xC8, 0xFF, 0x7A, 0x00, 0xC3, 0xFF, 0x97, 0x00, 0x00, 0x00, 0x00, 0x00, 0x00, 0x00, 0x00, 0x3E,
    0xFF, 0xFE, 0x1F, 0x00, 0x3F, 0xFD, 0xFE, 0x5B, 0x00, 0x00, 0x00, 0x00, 0x00, 0x00, 0x1E, 0xDE,
    0xFF, 0x99, 0x00, 0x00, 0x00, 0x80, 0xFF, 0xFF, 0x96, 0x26, 0x00, 0x00, 0x0B, 0x65, 0xE8, 0xFF,
    0xD4, 0x0B, 0x00, 0x00, 0x00, 0x00, 0x69, 0xF9, 0xFF, 0xFF, 0xF2, 0xE7, 0xFE, 0xFF, 0xFF, 0xB3,
    0x0F, 0x00, 0x00, 0x00, 0x00, 0x00, 0x00, 0x23, 0x8D, 0xD3, 0xF6, 0xFB, 0xE3, 0xAB, 0x4C, 0x00,
    0x00, 0x00, 0x00, 0x00, 0x00, 0x00, 0x00, 0x00, 0x00, 0x14, 0x02, 0x00, 0x00, 0x1F, 0x14, 0x00,
    0x00, 0x00, 0x00, 0x00, 0x00, 0x00, 0x00, 0x00, 0x99, 0xFF, 0xEE, 0x80, 0x42, 0xFA, 0x7F, 0x00,
    0x00, 0x00, 0x00, 0x00, 0x00, 0x00, 0x00, 0x17, 0xFE, 0xA3, 0x89, 0xF1, 0xFF, 0xF3, 0x26, 0x00,
    0x00, 0x00, 0x00, 0x00, 0x00, 0x00, 0x00, 0x0F, 0x50, 0x17, 0x00, 0x0C, 0x3F, 0x1C, 0x00, 0x00,
    0x00, 0x00, 0x00, 0x00, 0x00, 0x00, 0x00, 0x00, 0x00, 0x00, 0x00, 0x00, 0x00, 0x00, 0x00, 0x00,
    0x00, 0x00, 0x00, 0x00, 0x00, 0x00, 0x00, 0x22, 0x8C, 0xD2, 0xF5, 0xFA, 0xE2, 0xAA, 0x4B, 0x00,
    0x00, 0x00, 0x00, 0x00, 0x00, 0x00, 0x68, 0xF9, 0xFF, 0xFF, 0xF2, 0xE7, 0xFE, 0xFF, 0xFF, 0xB2,
    0x0E, 0x00, 0x00, 0x00, 0x00, 0x7F, 0xFF, 0xFF, 0x97, 0x26, 0x00, 0x00, 0x0C, 0x69, 0xEA, 0xFF,
    0xD3, 0x0A, 0x00, 0x00, 0x3D, 0xFD, 0xFF, 0x5B, 0x00, 0x00, 0x00, 0x00, 0x00, 0x00, 0x1F, 0xDE,
    0xFF, 0x97, 0x00, 0x00, 0xC1, 0xFF, 0x98, 0x00, 0x00, 0x00, 0x00, 0x00, 0x00, 0x00, 0x00, 0x3F,
    0xFF, 0xFE, 0x1E, 0x1E, 0xFE, 0xFF, 0x22, 0x00, 0x00, 0x00, 0x00, 0x00, 0x00, 0x00, 0x00, 0x00,
    0xC8, 0xFF, 0x78, 0x5B, 0xFF, 0xD1, 0x00, 0x00, 0x00, 0x00, 0x00, 0x00, 0x00, 0x00, 0x00, 0x00,
    0x78, 0xFF, 0xB7, 0x76, 0xFF, 0xB0, 0x00, 0x00, 0x00, 0x00, 0x00, 0x00, 0x00, 0x00, 0x00, 0x00,
    0x59, 0xFF, 0xD1, 0x89, 0xFF, 0x9D, 0x00, 0x00, 0x00, 0x00, 0x00, 0x00, 0x00, 0x00, 0x00, 0x00,
    0x46, 0xFF, 0xE5, 0x77, 0xFF, 0xAF, 0x00, 0x00, 0x00, 0x00, 0x00, 0x00, 0x00, 0x00, 0x00, 0x00,
    0x58, 0xFF, 0xD2, 0x5C, 0xFF, 0xD0, 0x00, 0x00, 0x00, 0x00, 0x00, 0x00, 0x00, 0x00, 0x00, 0x00,
    0x78, 0xFF, 0xB7, 0x20, 0xFE, 0xFF, 0x20, 0x00, 0x00, 0x00, 0x00, 0x00, 0x00, 0x00, 0x00, 0x00,
    0xC8, 0xFF, 0x7A, 0x00, 0xC3, 0xFF, 0x97, 0x00, 0x00, 0x00, 0x00, 0x00, 0x00, 0x00, 0x00, 0x3E,
    0xFF, 0xFE, 0x1F, 0x00, 0x3F, 0xFD, 0xFE, 0x5B, 0x00, 0x00, 0x00, 0x00, 0x00, 0x00, 0x1E, 0xDE,
    0xFF, 0x99, 0x00, 0x00, 0x00, 0x80, 0xFF, 0xFF, 0x96, 0x26, 0x00, 0x00, 0x0B, 0x65, 0xE8, 0xFF,
    0xD4, 0x0B, 0x00, 0x00, 0x00, 0x00, 0x69, 0xF9, 0xFF, 0xFF, 0xF2, 0xE7, 0xFE, 0xFF, 0xFF, 0xB3,
    0x0F, 0x00, 0x00, 0x00, 0x00, 0x00, 0x00, 0x23, 0x8D, 0xD3, 0xF6, 0xFB, 0xE3, 0xAB, 0x4C, 0x00,
    0x00, 0x00, 0x00, 0x00, 0x00, 0x00, 0x00, 0x32, 0xC6, 0x83, 0x00, 0x00, 0x3C, 0xC9, 0x76, 0x00,
    0x00, 0x00, 0x00, 0x00, 0x00, 0x00, 0x00, 0x9F, 0xFF, 0xFF, 0x0F, 0x00, 0xAF, 0xFF, 0xFC, 0x03,
    0x00, 0x00, 0x00, 0x00, 0x00, 0x00, 0x00, 0x49, 0xEE, 0xAB, 0x00, 0x00, 0x55, 0xF1, 0x9C, 0x00,
    0x00, 0x00, 0x00, 0x00, 0x00, 0x00, 0x00, 0x00, 0x00, 0x00, 0x00, 0x00, 0x00, 0x00, 0x00, 0x00,
    0x00, 0x00, 0x00, 0x00, 0x00, 0x00, 0x00, 0x00, 0x00, 0x00, 0x00, 0x00, 0x00, 0x00, 0x00, 0x00,
    0x00, 0x00, 0x00, 0x00, 0x00, 0x00, 0x00, 0x22, 0x8C, 0xD2, 0xF5, 0xFA, 0xE2, 0xAA, 0x4B, 0x00,
    0x00, 0x00, 0x00, 0x00, 0x00, 0x00, 0x68, 0xF9, 0xFF, 0xFF, 0xF2, 0xE7, 0xFE, 0xFF, 0xFF, 0xB2,
    0x0E, 0x00, 0x00, 0x00, 0x00, 0x7F, 0xFF, 0xFF, 0x97, 0x26, 0x00, 0x00, 0x0C, 0x69, 0xEA, 0xFF,
    0xD3, 0x0A, 0x00, 0x00, 0x3D, 0xFD, 0xFF, 0x5B, 0x00, 0x00, 0x00, 0x00, 0x00, 0x00, 0x1F, 0xDE,
    0xFF, 0x97, 0x00, 0x00, 0xC1, 0xFF, 0x98, 0x00, 0x00, 0x00, 0x00, 0x00, 0x00, 0x00, 0x00, 0x3F,
    0xFF, 0xFE, 0x1E, 0x1E, 0xFE, 0xFF, 0x22, 0x00, 0x00, 0x00, 0x00, 0x00, 0x00, 0x00, 0x00, 0x00,
    0xC8, 0xFF, 0x78, 0x5B, 0xFF, 0xD1, 0x00, 0x00, 0x00, 0x00, 0x00, 0x00, 0x00, 0x00, 0x00, 0x00,
    0x78, 0xFF, 0xB7, 0x76, 0xFF, 0xB0, 0x00, 0x00, 0x00, 0x00, 0x00, 0x00, 0x00, 0x00, 0x00, 0x00,
    0x59, 0xFF, 0xD1, 0x89, 0xFF, 0x9D, 0x00, 0x00, 0x00, 0x00, 0x00, 0x00, 0x00, 0x00, 0x00, 0x00,
    0x46, 0xFF, 0xE5, 0x77, 0xFF, 0xAF, 0x00, 0x00, 0x00, 0x00, 0x00, 0x00, 0x00, 0x00, 0x00, 0x00,
    0x58, 0xFF, 0xD2, 0x5C, 0xFF, 0xD0, 0x00, 0x00, 0x00, 0x00, 0x00, 0x00, 0x00, 0x00, 0x00, 0x00,
    0x78, 0xFF, 0xB7, 0x20, 0xFE, 0xFF, 0x20, 0x00, 0x00, 0x00, 0x00, 0x00, 0x00, 0x00, 0x00, 0x00,
    0xC8, 0xFF, 0x7A, 0x00, 0xC3, 0xFF, 0x97, 0x00, 0x00, 0x00, 0x00, 0x00, 0x00, 0x00, 0x00, 0x3E,
    0xFF, 0xFE, 0x1F, 0x00, 0x3F, 0xFD, 0xFE, 0x5B, 0x00, 0x00, 0x00, 0x00, 0x00, 0x00, 0x1E, 0xDE,
    0xFF, 0x99, 0x00, 0x00, 0x00, 0x80, 0xFF, 0xFF, 0x96, 0x26, 0x00, 0x00, 0x0B, 0x65, 0xE8, 0xFF,
    0xD4, 0x0B, 0x00, 0x00, 0x00, 0x00, 0x69, 0xF9, 0xFF, 0xFF, 0xF2, 0xE7, 0xFE, 0xFF, 0xFF, 0xB3,
    0x0F, 0x00, 0x00, 0x00, 0x00, 0x00, 0x00, 0x23, 0x8D, 0xD3, 0xF6, 0xFB, 0xE3, 0xAB, 0x4C, 0x00,
    0x00, 0x00, 0x00, 0x00, 0x1C, 0x04, 0x00, 0x00, 0x00, 0x00, 0x00, 0x00, 0x06, 0x19, 0x00, 0x21,
    0xE2, 0xA9, 0x03, 0x00, 0x00, 0x00, 0x00, 0x06, 0xB4, 0xDB, 0x1A, 0x28, 0xE7, 0xFF, 0xA8, 0x03,
    0x00, 0x00, 0x06, 0xB3, 0xFF, 0xE1, 0x21, 0x00, 0x29, 0xE7, 0xFF, 0xA6, 0x03, 0x06, 0xB2, 0xFF,
    0xE1, 0x21, 0x00, 0x00, 0x00, 0x29, 0xE7, 0xFF, 0xA5, 0xB2, 0xFF, 0xE0, 0x21, 0x00, 0x00, 0x00,
    0x00, 0x00, 0x29, 0xE7, 0xFF, 0xFF, 0xE0, 0x20, 0x00, 0x00, 0x00, 0x00, 0x00, 0x00, 0x06, 0xB9,
    0xFF, 0xFF, 0xAC, 0x02, 0x00, 0x00, 0x00, 0x00, 0x00, 0x05, 0xB1, 0xFF, 0xE0, 0xE7, 0xFF, 0xA4,
    0x02, 0x00, 0x00, 0x00, 0x05, 0xB0, 0xFF, 0xE0, 0x20, 0x29, 0xE7, 0xFF, 0xA4, 0x02, 0x00, 0x05,
    0xAF, 0xFF, 0xE0, 0x20, 0x00, 0x00, 0x29, 0xE7, 0xFF, 0xA4, 0x02, 0x43, 0xFD, 0xE1, 0x21, 0x00,
    0x00, 0x00, 0x00, 0x29, 0xE7, 0xFB, 0x39, 0x00, 0x57, 0x21, 0x00, 0x00, 0x00, 0x00, 0x00, 0x00,
    0x29, 0x50, 0x00, 0x00, 0x00, 0x00, 0x00, 0x00, 0x00, 0x00, 0x00, 0x00, 0x00, 0x00, 0x00, 0x05,
    0xBA, 0x53, 0x00, 0x00, 0x00, 0x00, 0x00, 0x22, 0x8C, 0xD2, 0xF5, 0xFA, 0xE2, 0xAA, 0x4B, 0x87,
    0xFF, 0xBA, 0x00, 0x00, 0x00, 0x00, 0x68, 0xF9, 0xFF, 0xFF, 0xF2, 0xE7, 0xFE, 0xFF, 0xFF, 0xFF,
    0xFC, 0x1B, 0x00, 0x00, 0x00, 0x7F, 0xFF, 0xFF, 0x97, 0x26, 0x00, 0x00, 0x0C, 0x76, 0xFF, 0xFF,
    0xFF, 0x0A, 0x00, 0x00, 0x3D, 0xFD, 0xFF, 0x5B, 0x00, 0x00, 0x00, 0x00, 0x00, 0x9D, 0xFF, 0xFF,
    0xFF, 0x97, 0x00, 0x00, 0xC1, 0xFF, 0x98, 0x00, 0x00, 0x00, 0x00, 0x00, 0x4F, 0xFF, 0xE2, 0x4F,
    0xFF, 0xFE, 0x1E, 0x1E, 0xFE, 0xFF, 0x22, 0x00, 0x00, 0x00, 0x00, 0x16, 0xEA, 0xFE, 0x42, 0x00,
    0xC8, 0xFF, 0x78, 0x5B, 0xFF, 0xD1, 0x00, 0x00, 0x00, 0x00, 0x00, 0xB2, 0xFF, 0x8E, 0x00, 0x00,
    0x78, 0xFF, 0xB7, 0x76, 0xFF, 0xB0, 0x00, 0x00, 0x00, 0x00, 0x65, 0xFF, 0xD4, 0x08, 0x00, 0x00,
    0x59, 0xFF, 0xD1, 0x89, 0xFF, 0x9D, 0x00, 0x00, 0x00, 0x23, 0xF3, 0xF9, 0x30, 0x00, 0x00, 0x00,
    0x46, 0xFF, 0xE5, 0x77, 0xFF, 0xAF, 0x00, 0x00, 0x03, 0xC5, 0xFF, 0x78, 0x00, 0x00, 0x00, 0x00,
    0x58, 0xFF, 0xD2, 0x5C, 0xFF, 0xD0, 0x00, 0x00, 0x7B, 0xFF, 0xC3, 0x02, 0x00, 0x00, 0x00, 0x00,
    0x78, 0xFF, 0xB7, 0x20, 0xFE, 0xFF, 0x20, 0x32, 0xFA, 0xF2, 0x21, 0x00, 0x00, 0x00, 0x00, 0x00,
    0xC8, 0xFF, 0x7A, 0x00, 0xC3, 0xFF, 0x9F, 0xD6, 0xFF, 0x62, 0x00, 0x00, 0x00, 0x00, 0x00, 0x3E,
    0xFF, 0xFE, 0x1F, 0x00, 0x3F, 0xFD, 0xFF, 0xFF, 0xB0, 0x00, 0x00, 0x00, 0x00, 0x00, 0x1E, 0xDE,
    0xFF, 0x99, 0x00, 0x00, 0x00, 0xC4, 0xFF, 0xFF, 0xAC, 0x26, 0x00, 0x00, 0x0B, 0x65, 0xE8, 0xFF,
    0xD4, 0x0B, 0x00, 0x00, 0x10, 0xE3, 0xFF, 0xFF, 0xFF, 0xFF, 0xF2, 0xE7, 0xFE, 0xFF, 0xFF, 0xB3,
    0x0F, 0x00, 0x00, 0x00, 0x5F, 0xFF, 0x9A, 0x23, 0x8D, 0xD3, 0xF6, 0xFB, 0xE3, 0xAB, 0x4C, 0x00,
    0x00, 0x00, 0x00, 0x00, 0x00, 0x45, 0x0B, 0x00, 0x00, 0x00, 0x00, 0x00, 0x00, 0x00, 0x00, 0x00,
    0x00, 0x00, 0x00, 0x00, 0x00, 0x00, 0x03, 0xC1, 0xFF, 0x79, 0x00, 0x00, 0x00, 0x00, 0x00, 0x00,
    0x00, 0x00, 0x00, 0x00, 0x00, 0x1A, 0xEA, 0xF1, 0x14, 0x00, 0x00, 0x00, 0x00, 0x00, 0x00, 0x00,
    0x00, 0x00, 0x00, 0x00, 0x46, 0xFD, 0x91, 0x00, 0x00, 0x00, 0x00, 0x00, 0x00, 0x00, 0x00, 0x00,
    0x00, 0x00, 0x00, 0x00, 0x00, 0x00, 0x00, 0x00, 0x00, 0x00, 0x00, 0x00, 0x00, 0x00, 0x00, 0x00,
    0x00, 0x00, 0x00, 0x00, 0x00, 0x00, 0x00, 0x00, 0x00, 0xE4, 0xFF, 0x58, 0x00, 0x00, 0x00, 0x00,
    0x00, 0x00, 0x00, 0x00, 0x78, 0xFF, 0xC0, 0xE4, 0xFF, 0x58, 0x00, 0x00, 0x00, 0x00, 0x00, 0x00,
    0x00, 0x00, 0x78, 0xFF, 0xC0, 0xE4, 0xFF, 0x58, 0x00, 0x00, 0x00, 0x00, 0x00, 0x00, 0x00, 0x00,
    0x78, 0xFF, 0xC0, 0xE4, 0xFF, 0x58, 0x00, 0x00, 0x00, 0x00, 0x00, 0x00, 0x00, 0x00, 0x78, 0xFF,
    0xC0, 0xE4, 0xFF, 0x58, 0x00, 0x00, 0x00, 0x00, 0x00, 0x00, 0x00, 0x00, 0x78, 0xFF, 0xC0, 0xE4,
    0xFF, 0x58, 0x00, 0x00, 0x00, 0x00, 0x00, 0x00, 0x00, 0x00, 0x78, 0xFF, 0xC0, 0xE4, 0xFF, 0x58,
    0x00, 0x00, 0x00, 0x00, 0x00, 0x00, 0x00, 0x00, 0x78, 0xFF, 0xC0, 0xE4, 0xFF, 0x58, 0x00, 0x00,
    0x00, 0x00, 0x00, 0x00, 0x00, 0x00, 0x78, 0xFF, 0xC0, 0xE4, 0xFF, 0x58, 0x00, 0x00, 0x00, 0x00,
    0x00, 0x00, 0x00, 0x00, 0x78, 0xFF, 0xC0, 0xE4, 0xFF, 0x58, 0x00, 0x00, 0x00, 0x00, 0x00, 0x00,
    0x00, 0x00, 0x78, 0xFF, 0xC0, 0xE4, 0xFF, 0x58, 0x00, 0x00, 0x00, 0x00, 0x00, 0x00, 0x00, 0x00,
    0x78, 0xFF, 0xC0, 0xD4, 0xFF, 0x68, 0x00, 0x00, 0x00, 0x00, 0x00, 0x00, 0x00, 0x00, 0x89, 0xFF,
    0xB0, 0xAE, 0xFF, 0xA4, 0x00, 0x00, 0x00, 0x00, 0x00, 0x00, 0x00, 0x00, 0xC7, 0xFF, 0x8A, 0x51,
    0xFF, 0xFA, 0x3B, 0x00, 0x00, 0x00, 0x00, 0x00, 0x00, 0x58, 0xFF, 0xFF, 0x2C, 0x02, 0xB5, 0xFF,
    0xF4, 0x70, 0x10, 0x00, 0x00, 0x18, 0x82, 0xFB, 0xFF, 0x92, 0x00, 0x00, 0x0D, 0xAC, 0xFF, 0xFF,
    0xFD, 0xE7, 0xEA, 0xFE, 0xFF, 0xFE, 0x93, 0x03, 0x00, 0x00, 0x00, 0x00, 0x46, 0xA3, 0xDB, 0xF5,
    0xF2, 0xD8, 0x97, 0x36, 0x00, 0x00, 0x00, 0x00, 0x00, 0x00, 0x00, 0x00, 0x00, 0x00, 0x3B, 0x80,
    0x6D, 0x00, 0x00, 0x00, 0x00, 0x00, 0x00, 0x00, 0x00, 0x00, 0x00, 0x00, 0xCF, 0xFF, 0x5C, 0x00,
    0x00, 0x00, 0x00, 0x00, 0x00, 0x00, 0x00, 0x00, 0x00, 0x49, 0xFF, 0xB5, 0x00, 0x00, 0x00, 0x00,
    0x00, 0x00, 0x00, 0x00, 0x00, 0x00, 0x00, 0xC0, 0xF2, 0x1D, 0x00, 0x00, 0x00, 0x00, 0x00, 0x00,
    0x00, 0x00, 0x00, 0x00, 0x00, 0x00, 0x00, 0x00, 0x00, 0x00, 0x00, 0x00, 0x00, 0x00, 0x00, 0x00,
    0x00, 0x00, 0x00, 0x00, 0x00, 0x00, 0x00, 0x00, 0x00, 0x00, 0x00, 0xE4, 0xFF, 0x58, 0x00, 0x00,
    0x00, 0x00, 0x00, 0x00, 0x00, 0x00, 0x78, 0xFF, 0xC0, 0xE4, 0xFF, 0x58, 0x00, 0x00, 0x00, 0x00,
    0x00, 0x00, 0x00, 0x00, 0x78, 0xFF, 0xC0, 0xE4, 0xFF, 0x58, 0x00, 0x00, 0x00, 0x00, 0x00, 0x00,
    0x00, 0x00, 0x78, 0xFF, 0xC0, 0xE4, 0xFF, 0x58, 0x00, 0x00, 0x00, 0x00, 0x00, 0x00, 0x00, 0x00,
    0x78, 0xFF, 0xC0, 0xE4, 0xFF, 0x58, 0x00, 0x00, 0x00, 0x00, 0x00, 0x00, 0x00, 0x00, 0x78, 0xFF,
    0xC0, 0xE4, 0xFF, 0x58, 0x00, 0x00, 0x00, 0x00, 0x00, 0x00, 0x00, 0x00, 0x78, 0xFF, 0xC0, 0xE4,
    0xFF, 0x58, 0x00, 0x00, 0x00, 0x00, 0x00, 0x00, 0x00, 0x00, 0x78, 0xFF, 0xC0, 0xE4, 0xFF, 0x58,
    0x00, 0x00, 0x00, 0x00, 0x00, 0x00, 0x00, 0x00, 0x78, 0xFF, 0xC0, 0xE4, 0xFF, 0x58, 0x00, 0x00,
    0x00, 0x00, 0x00, 0x00, 0x00, 0x00, 0x78, 0xFF, 0xC0, 0xE4, 0xFF, 0x58, 0x00, 0x00, 0x00, 0x00,
    0x00, 0x00, 0x00, 0x00, 0x78, 0xFF, 0xC0, 0xE4, 0xFF, 0x58, 0x00, 0x00, 0x00, 0x00, 0x00, 0x00,
    0x00, 0x00, 0x78, 0xFF, 0xC0, 0xD4, 0xFF, 0x68, 0x00, 0x00, 0x00, 0x00, 0x00, 0x00, 0x00, 0x00,
    0x89, 0xFF, 0xB0, 0xAE, 0xFF, 0xA4, 0x00, 0x00, 0x00, 0x00, 0x00, 0x00, 0x00, 0x00, 0xC7, 0xFF,
    0x8A, 0x51, 0xFF, 0xFA, 0x3B, 0x00, 0x00, 0x00, 0x00, 0x00, 0x00, 0x58, 0xFF, 0xFF, 0x2C, 0x02,
    0xB5, 0xFF, 0xF4, 0x70, 0x10, 0x00, 0x00, 0x18, 0x82, 0xFB, 0xFF, 0x92, 0x00, 0x00, 0x0D, 0xAC,
    0xFF, 0xFF, 0xFD, 0xE7, 0xEA, 0xFE, 0xFF, 0xFE, 0x93, 0x03, 0x00, 0x00, 0x00, 0x00, 0x46, 0xA3,
    0xDB, 0xF5, 0xF2, 0xD8, 0x97, 0x36, 0x00, 0x00, 0x00, 0x00, 0x00, 0x00, 0x00, 0x00, 0x89, 0xFF,
    0xFF, 0x65, 0x00, 0x00, 0x00, 0x00, 0x00, 0x00, 0x00, 0x00, 0x00, 0x7C, 0xFF, 0x97, 0xB4, 0xFD,
    0x53, 0x00, 0x00, 0x00, 0x00, 0x00, 0x00, 0x00, 0x6C, 0xFF, 0xAF, 0x02, 0x0B, 0xCA, 0xF9, 0x44,
    0x00, 0x00, 0x00, 0x00, 0x00, 0x00, 0x00, 0x00, 0x00, 0x00, 0x00, 0x00, 0x00, 0x00, 0x00, 0x00,
    0x00, 0x00, 0x00, 0x00, 0x00, 0x00, 0x00, 0x00, 0x00, 0x00, 0x00, 0x00, 0x00, 0x00, 0x00, 0xE4,
    0xFF, 0x58, 0x00, 0x00, 0x00, 0x00, 0x00, 0x00, 0x00, 0x00, 0x78, 0xFF, 0xC0, 0xE4, 0xFF, 0x58,
    0x00, 0x00, 0x00, 0x00, 0x00, 0x00, 0x00, 0x00, 0x78, 0xFF, 0xC0, 0xE4, 0xFF, 0x58, 0x00, 0x00,
    0x00, 0x00, 0x00, 0x00, 0x00, 0x00, 0x78, 0xFF, 0xC0, 0xE4, 0xFF, 0x58, 0x00, 0x00, 0x00, 0x00,
    0x00, 0x00, 0x00, 0x00, 0x78, 0xFF, 0xC0, 0xE4, 0xFF, 0x58, 0x00, 0x00, 0x00, 0x00, 0x00, 0x00,
    0x00, 0x00, 0x78, 0xFF, 0xC0, 0xE4, 0xFF, 0x58, 0x00, 0x00, 0x00, 0x00, 0x00, 0x00, 0x00, 0x00,
    0x78, 0xFF, 0xC0, 0xE4, 0xFF, 0x58, 0x00, 0x00, 0x00, 0x00, 0x00, 0x00, 0x00, 0x00, 0x78, 0xFF,
    0xC0, 0xE4, 0xFF, 0x58, 0x00, 0x00, 0x00, 0x00, 0x00, 0x00, 0x00, 0x00, 0x78, 0xFF, 0xC0, 0xE4,
    0xFF, 0x58, 0x00, 0x00, 0x00, 0x00, 0x00, 0x00, 0x00, 0x00, 0x78, 0xFF, 0xC0, 0xE4, 0xFF, 0x58,
    0x00, 0x00, 0x00, 0x00, 0x00, 0x00, 0x00, 0x00, 0x78, 0xFF, 0xC0, 0xE4, 0xFF, 0x58, 0x00, 0x00,
    0x00, 0x00, 0x00, 0x00, 0x00, 0x00, 0x78, 0xFF, 0xC0, 0xD4, 0xFF, 0x68, 0x00, 0x00, 0x00, 0x00,
    0x00, 0x00, 0x00, 0x00, 0x89, 0xFF, 0xB0, 0xAE, 0xFF, 0xA4, 0x00, 0x00, 0x00, 0x00, 0x00, 0x00,
    0x00, 0x00, 0xC7, 0xFF, 0x8A, 0x51, 0xFF, 0xFA, 0x3B, 0x00, 0x00, 0x00, 0x00, 0x00, 0x00, 0x58,
    0xFF, 0xFF, 0x2C, 0x02, 0xB5, 0xFF, 0xF4, 0x70, 0x10, 0x00, 0x00, 0x18, 0x82, 0xFB, 0xFF, 0x92,
    0x00, 0x00, 0x0D, 0xAC, 0xFF, 0xFF, 0xFD, 0xE7, 0xEA, 0xFE, 0xFF, 0xFE, 0x93, 0x03, 0x00, 0x00,
    0x00, 0x00, 0x46, 0xA3, 0xDB, 0xF5, 0xF2, 0xD8, 0x97, 0x36, 0x00, 0x00, 0x00, 0x00, 0x00, 0x00,
    0x5B, 0xCA, 0x55, 0x00, 0x00, 0x67, 0xCA, 0x49, 0x00, 0x00, 0x00, 0x00, 0x00, 0x00, 0xDB, 0xFF,
    0xD3, 0x00, 0x00, 0xEB, 0xFF, 0xC3, 0x00, 0x00, 0x00, 0x00, 0x00, 0x00, 0x7B, 0xF3, 0x74, 0x00,
    0x00, 0x8A, 0xF3, 0x66, 0x00, 0x00, 0x00, 0x00, 0x00, 0x00, 0x00, 0x00, 0x00, 0x00, 0x00, 0x00,
    0x00, 0x00, 0x00, 0x00, 0x00, 0x00, 0x00, 0x00, 0x00, 0x00, 0x00, 0x00, 0x00, 0x00, 0x00, 0x00,
    0x00, 0x00, 0x00, 0xE4, 0xFF, 0x58, 0x00, 0x00, 0x00, 0x00, 0x00, 0x00, 0x00, 0x00, 0x78, 0xFF,
    0xC0, 0xE4, 0xFF, 0x58, 0x00, 0x00, 0x00, 0x00, 0x00, 0x00, 0x00, 0x00, 0x78, 0xFF, 0xC0, 0xE4,
    0xFF, 0x58, 0x00, 0x00, 0x00, 0x00, 0x00, 0x00, 0x00, 0x00, 0x78, 0xFF, 0xC0, 0xE4, 0xFF, 0x58,
    0x00, 0x00, 0x00, 0x00, 0x00, 0x00, 0x00, 0x00, 0x78, 0xFF, 0xC0, 0xE4, 0xFF, 0x58, 0x00, 0x00,
    0x00, 0x00, 0x00, 0x00, 0x00, 0x00, 0x78, 0xFF, 0xC0, 0xE4, 0xFF, 0x58, 0x00, 0x00, 0x00, 0x00,
    0x00, 0x00, 0x00, 0x00, 0x78, 0xFF, 0xC0, 0xE4, 0xFF, 0x58, 0x00, 0x00, 0x00, 0x00, 0x00, 0x00,
    0x00, 0x00, 0x78, 0xFF, 0xC0, 0xE4, 0xFF, 0x58, 0x00, 0x00, 0x00, 0x00, 0x00, 0x00, 0x00, 0x00,
    0x78, 0xFF, 0xC0, 0xE4, 0xFF, 0x58, 0x00, 0x00, 0x00, 0x00, 0x00, 0x00, 0x00, 0x00, 0x78, 0xFF,
    0xC0, 0xE4, 0xFF, 0x58, 0x00, 0x00, 0x00, 0x00, 0x00, 0x00, 0x00, 0x00, 0x78, 0xFF, 0xC0, 0xE4,
    0xFF, 0x58, 0x00, 0x00, 0x00, 0x00, 0x00, 0x00, 0x00, 0x00, 0x78, 0xFF, 0xC0, 0xD4, 0xFF, 0x68,
    0x00, 0x00, 0x00, 0x00, 0x00, 0x00, 0x00, 0x00, 0x89, 0xFF, 0xB0, 0xAE, 0xFF, 0xA4, 0x00, 0x00,
    0x00, 0x00, 0x00, 0x00, 0x00, 0x00, 0xC7, 0xFF, 0x8A, 0x51, 0xFF, 0xFA, 0x3B, 0x00, 0x00, 0x00,
    0x00, 0x00, 0x00, 0x58, 0xFF, 0xFF, 0x2C, 0x02, 0xB5, 0xFF, 0xF4, 0x70, 0x10, 0x00, 0x00, 0x18,
    0x82, 0xFB, 0xFF, 0x92, 0x00, 0x00, 0x0D, 0xAC, 0xFF, 0xFF, 0xFD, 0xE7, 0xEA, 0xFE, 0xFF, 0xFE,
    0x93, 0x03, 0x00, 0x00, 0x00, 0x00, 0x46, 0xA3, 0xDB, 0xF5, 0xF2, 0xD8, 0x97, 0x36, 0x00, 0x00,
    0x00, 0x00, 0x00, 0x00, 0x00, 0x00, 0x00, 0x00, 0x00, 0x21, 0x80, 0x7D, 0x09, 0x00, 0x00, 0x00,
    0x00, 0x00, 0x00, 0x00, 0x00, 0x00, 0x00, 0x00, 0x00, 0x9D, 0xFF, 0x90, 0x00, 0x00, 0x00, 0x00,
    0x00, 0x00, 0x00, 0x00, 0x00, 0x00, 0x00, 0x00, 0x1A, 0xF9, 0xDE, 0x0B, 0x00, 0x00, 0x00, 0x00,
    0x00, 0x00, 0x00, 0x00, 0x00, 0x00, 0x00, 0x00, 0x8C, 0xFF, 0x43, 0x00, 0x00, 0x00, 0x00, 0x00,
    0x00, 0x00, 0x00, 0x00, 0x00, 0x00, 0x00, 0x00, 0x00, 0x00, 0x00, 0x00, 0x00, 0x00, 0x00, 0x00,
    0x00, 0x00, 0x00, 0x00, 0x00, 0x00, 0x00, 0x00, 0x00, 0x00, 0x00, 0x00, 0x00, 0x00, 0x00, 0x00,
    0x00, 0x1F, 0xF4, 0xFF, 0x7F, 0x00, 0x00, 0x00, 0x00, 0x00, 0x00, 0x00, 0x00, 0x36, 0xFD, 0xFF,
    0x5E, 0x00, 0x70, 0xFF, 0xF8, 0x26, 0x00, 0x00, 0x00, 0x00, 0x00, 0x00, 0x03, 0xCF, 0xFF, 0xBB,
    0x00, 0x00, 0x02, 0xCA, 0xFF, 0xBE, 0x00, 0x00, 0x00, 0x00, 0x00, 0x00, 0x72, 0xFF, 0xF6, 0x22,
    0x00, 0x00, 0x00, 0x2E, 0xFB, 0xFF, 0x5F, 0x00, 0x00, 0x00, 0x00, 0x1D, 0xF3, 0xFF, 0x75, 0x00,
    0x00, 0x00, 0x00, 0x00, 0x87, 0xFF, 0xEB, 0x13, 0x00, 0x00, 0x00, 0xB0, 0xFF, 0xCE, 0x04, 0x00,
    0x00, 0x00, 0x00, 0x00, 0x08, 0xDB, 0xFF, 0x9E, 0x00, 0x00, 0x4E, 0xFF, 0xFC, 0x33, 0x00, 0x00,
    0x00, 0x00, 0x00, 0x00, 0x00, 0x42, 0xFF, 0xFE, 0x39, 0x09, 0xDF, 0xFF, 0x8C, 0x00, 0x00, 0x00,
    0x00, 0x00, 0x00, 0x00, 0x00, 0x00, 0x9F, 0xFF, 0xC1, 0x6F, 0xFF, 0xDF, 0x0A, 0x00, 0x00, 0x00,
    0x00, 0x00, 0x00, 0x00, 0x00, 0x00, 0x12, 0xE9, 0xFF, 0xF2, 0xFF, 0x48, 0x00, 0x00, 0x00, 0x00,
    0x00, 0x00, 0x00, 0x00, 0x00, 0x00, 0x00, 0x59, 0xFF, 0xFF, 0xA4, 0x00, 0x00, 0x00, 0x00, 0x00,
    0x00, 0x00, 0x00, 0x00, 0x00, 0x00, 0x00, 0x00, 0xF8, 0xFF, 0x44, 0x00, 0x00, 0x00, 0x00, 0x00,
    0x00, 0x00, 0x00, 0x00, 0x00, 0x00, 0x00, 0x00, 0xF8, 0xFF, 0x44, 0x00, 0x00, 0x00, 0x00, 0x00,
    0x00, 0x00, 0x00, 0x00, 0x00, 0x00, 0x00, 0x00, 0xF8, 0xFF, 0x44, 0x00, 0x00, 0x00, 0x00, 0x00,
    0x00, 0x00, 0x00, 0x00, 0x00, 0x00, 0x00, 0x00, 0xF8, 0xFF, 0x44, 0x00, 0x00, 0x00, 0x00, 0x00,
    0x00, 0x00, 0x00, 0x00, 0x00, 0x00, 0x00, 0x00, 0xF8, 0xFF, 0x44, 0x00, 0x00, 0x00, 0x00, 0x00,
    0x00, 0x00, 0x00, 0x00, 0x00, 0x00, 0x00, 0x00, 0xF8, 0xFF, 0x44, 0x00, 0x00, 0x00, 0x00, 0x00,
    0x00, 0x00, 0x00, 0x00, 0x00, 0x00, 0x00, 0x00, 0xF8, 0xFF, 0x44, 0x00, 0x00, 0x00, 0x00, 0x00,
    0x00, 0x08, 0xFF, 0xFF, 0x38, 0x00, 0x00, 0x00, 0x00, 0x00, 0x00, 0x00, 0x00, 0x00, 0x08, 0xFF,
    0xFF, 0x38, 0x00, 0x00, 0x00, 0x00, 0x00, 0x00, 0x00, 0x00, 0x00, 0x08, 0xFF, 0xFF, 0x38, 0x00,
    0x00, 0x00, 0x00, 0x00, 0x00, 0x00, 0x00, 0x00, 0x08, 0xFF, 0xFF, 0xE3, 0xDC, 0xDC, 0xD9, 0xC3,
    0x98, 0x3C, 0x00, 0x00, 0x00, 0x08, 0xFF, 0xFF, 0xFF, 0xFF, 0xFF, 0xFF, 0xFF, 0xFF, 0xFF, 0x9F,
    0x04, 0x00, 0x08, 0xFF, 0xFF, 0x38, 0x00, 0x00, 0x03, 0x21, 0x6C, 0xED, 0xFF, 0x8B, 0x00, 0x08,
    0xFF, 0xFF, 0x38, 0x00, 0x00, 0x00, 0x00, 0x00, 0x40, 0xFF, 0xF7, 0x13, 0x08, 0xFF, 0xFF, 0x38,
    0x00, 0x00, 0x00, 0x00, 0x00, 0x00, 0xE1, 0xFF, 0x44, 0x08, 0xFF, 0xFF, 0x38, 0x00, 0x00, 0x00,
    0x00, 0x00, 0x00, 0xD7, 0xFF, 0x48, 0x08, 0xFF, 0xFF, 0x38, 0x00, 0x00, 0x00, 0x00, 0x00, 0x24,
    0xFC, 0xFD, 0x1B, 0x08, 0xFF, 0xFF, 0x38, 0x00, 0x00, 0x00, 0x01, 0x41, 0xD6, 0xFF, 0xA5, 0x00,
    0x08, 0xFF, 0xFF, 0xE3, 0xDC, 0xDC, 0xDF, 0xF9, 0xFF, 0xFF, 0xC4, 0x0D, 0x00, 0x08, 0xFF, 0xFF,
    0xFF, 0xFF, 0xFF, 0xFD, 0xE9, 0xBE, 0x64, 0x03, 0x00, 0x00, 0x08, 0xFF, 0xFF, 0x38, 0x00, 0x00,
    0x00, 0x00, 0x00, 0x00, 0x00, 0x00, 0x00, 0x08, 0xFF, 0xFF, 0x38, 0x00, 0x00, 0x00, 0x00, 0x00,
    0x00, 0x00, 0x00, 0x00, 0x08, 0xFF, 0xFF, 0x38, 0x00, 0x00, 0x00, 0x00, 0x00, 0x00, 0x00, 0x00,
    0x00, 0x08, 0xFF, 0xFF, 0x38, 0x00, 0x00, 0x00, 0x00, 0x00, 0x00, 0x00, 0x00, 0x00, 0x00, 0x01,
    0x61, 0xC1, 0xED, 0xF8, 0xDE, 0x9A, 0x26, 0x00, 0x00, 0x00, 0x03, 0xB0, 0xFF, 0xFF, 0xF8, 0xE8,
    0xFF, 0xFF, 0xF9, 0x4F, 0x00, 0x00, 0x6A, 0xFF, 0xFA, 0x63, 0x03, 0x00, 0x1A, 0xB5, 0xFF, 0xEF,
    0x10, 0x00, 0xC2, 0xFF, 0x84, 0x00, 0x00, 0x00, 0x00, 0x0C, 0xF0, 0xFF, 0x4C, 0x00, 0xDF, 0xFF,
    0x47, 0x00, 0x00, 0x00, 0x00, 0x00, 0xCA, 0xFF, 0x54, 0x00, 0xE4, 0xFF, 0x40, 0x00, 0x00, 0x00,
    0x00, 0x0B, 0xF1, 0xFA, 0x1D, 0x00, 0xE4, 0xFF, 0x40, 0x00, 0x00, 0x00, 0x12, 0xAF, 0xFF, 0x77,
    0x00, 0x00, 0xE4, 0xFF, 0x40, 0x00, 0x78, 0xDF, 0xFA, 0xE5, 0x4D, 0x00, 0x00, 0x00, 0xE4, 0xFF,
    0x40, 0x00, 0x8C, 0xFF, 0xFF, 0xFF, 0xEE, 0x81, 0x03, 0x00, 0xE4, 0xFF, 0x40, 0x00, 0x00, 0x00,
    0x17, 0x5A, 0xE7, 0xFF, 0x98, 0x00, 0xE4, 0xFF, 0x40, 0x00, 0x00, 0x00, 0x00, 0x00, 0x37, 0xFD,
    0xFE, 0x24, 0xE4, 0xFF, 0x40, 0x00, 0x00, 0x00, 0x00, 0x00, 0x00, 0xD3, 0xFF, 0x60, 0xE4, 0xFF,
    0x40, 0x00, 0x00, 0x00, 0x00, 0x00, 0x00, 0xC4, 0xFF, 0x64, 0xE4, 0xFF, 0x40, 0x00, 0x00, 0x00,
    0x00, 0x00, 0x15, 0xF3, 0xFF, 0x3C, 0xE4, 0xFF, 0x40, 0x00, 0x00, 0x00, 0x00, 0x1E, 0xBF, 0xFF,
    0xD5, 0x01, 0xE4, 0xFF, 0x40, 0x00, 0x89, 0xDC, 0xE6, 0xFF, 0xFF, 0xEB, 0x2E, 0x00, 0xE4, 0xFF,
    0x40, 0x00, 0xA0, 0xFF, 0xF9, 0xDD, 0x92, 0x1A, 0x00, 0x00, 0x00, 0x00, 0x33, 0xF9, 0xF6, 0x1B,
    0x00, 0x00, 0x00, 0x00, 0x00, 0x00, 0x00, 0x00, 0x6D, 0xFF, 0x9D, 0x00, 0x00, 0x00, 0x00, 0x00,
    0x00, 0x00, 0x00, 0x00, 0xAB, 0xFD, 0x2C, 0x00, 0x00, 0x00, 0x00, 0x00, 0x00, 0x00, 0x00, 0x00,
    0x00, 0x00, 0x00, 0x00, 0x00, 0x00, 0x00, 0x00, 0x00, 0x00, 0x00, 0x00, 0x00, 0x00, 0x00, 0x00,
    0x00, 0x00, 0x00, 0x37, 0xA4, 0xE1, 0xFA, 0xEA, 0xC1, 0x5F, 0x01, 0x00, 0x00, 0x75, 0xFE, 0xFF,
    0xFD, 0xE6, 0xF4, 0xFF, 0xFF, 0x9D, 0x00, 0x3B, 0xFF, 0xFF, 0x91, 0x12, 0x00, 0x00, 0x54, 0xFB,
    0xFF, 0x3C, 0x1B, 0x71, 0x7B, 0x00, 0x00, 0x00, 0x00, 0x00, 0xA3, 0xFF, 0x85, 0x00, 0x00, 0x00,
    0x00, 0x00, 0x00, 0x00, 0x00, 0x8F, 0xFF, 0x9C, 0x00, 0x00, 0x01, 0x34, 0x63, 0x8A, 0xA7, 0xCC,
    0xFE, 0xFF, 0xA0, 0x01, 0x77, 0xE3, 0xFF, 0xFF, 0xFF, 0xFE, 0xDB, 0xD1, 0xFF, 0xA0, 0x7C, 0xFF,
    0xFC, 0x9A, 0x52, 0x27, 0x08, 0x00, 0x7C, 0xFF, 0xA0, 0xDB, 0xFF, 0x60, 0x00, 0x00, 0x00, 0x00,
    0x00, 0x88, 0xFF, 0xA0, 0xE4, 0xFF, 0x3E, 0x00, 0x00, 0x00, 0x00, 0x08, 0xDA, 0xFF, 0xA0, 0xAE,
    0xFF, 0xC0, 0x1F, 0x00, 0x00, 0x28, 0xBB, 0xFE, 0xFF, 0xA0, 0x2A, 0xEF, 0xFF, 0xFE, 0xE7, 0xEA,
    0xFF, 0xE7, 0x90, 0xFF, 0xA0, 0x00, 0x21, 0x9F, 0xE4, 0xFA, 0xE8, 0xA0, 0x1C, 0x74, 0xFF, 0xA0,
    0x00, 0x00, 0x00, 0x00, 0x00, 0x00, 0x6F, 0x80, 0x39, 0x00, 0x00, 0x00, 0x00, 0x00, 0x00, 0x00,
    0x38, 0xFF, 0xE5, 0x0F, 0x00, 0x00, 0x00, 0x00, 0x00, 0x00, 0x00, 0xB1, 0xFF, 0x4E, 0x00, 0x00,
    0x00, 0x00, 0x00, 0x00, 0x00, 0x29, 0xFE, 0xA7, 0x00, 0x00, 0x00, 0x00, 0x00, 0x00, 0x00, 0x00,
    0x00, 0x00, 0x00, 0x00, 0x00, 0x00, 0x00, 0x00, 0x00, 0x00, 0x00, 0x00, 0x00, 0x00, 0x00, 0x00,
    0x00, 0x00, 0x00, 0x00, 0x37, 0xA4, 0xE1, 0xFA, 0xEA, 0xC1, 0x5F, 0x01, 0x00, 0x00, 0x75, 0xFE,
    0xFF, 0xFD, 0xE6, 0xF4, 0xFF, 0xFF, 0x9D, 0x00, 0x3B, 0xFF, 0xFF, 0x91, 0x12, 0x00, 0x00, 0x54,
    0xFB, 0xFF, 0x3C, 0x1B, 0x71, 0x7B, 0x00, 0x00, 0x00, 0x00, 0x00, 0xA3, 0xFF, 0x85, 0x00, 0x00,
    0x00, 0x00, 0x00, 0x00, 0x00, 0x00, 0x8F, 0xFF, 0x9C, 0x00, 0x00, 0x01, 0x34, 0x63, 0x8A, 0xA7,
    0xCC, 0xFE, 0xFF, 0xA0, 0x01, 0x77, 0xE3, 0xFF, 0xFF, 0xFF, 0xFE, 0xDB, 0xD1, 0xFF, 0xA0, 0x7C,
    0xFF, 0xFC, 0x9A, 0x52, 0x27, 0x08, 0x00, 0x7C, 0xFF, 0xA0, 0xDB, 0xFF, 0x60, 0x00, 0x00, 0x00,
    0x00, 0x00, 0x88, 0xFF, 0xA0, 0xE4, 0xFF, 0x3E, 0x00, 0x00, 0x00, 0x00, 0x08, 0xDA, 0xFF, 0xA0,
    0xAE, 0xFF, 0xC0, 0x1F, 0x00, 0x00, 0x28, 0xBB, 0xFE, 0xFF, 0xA0, 0x2A, 0xEF, 0xFF, 0xFE, 0xE7,
    0xEA, 0xFF, 0xE7, 0x90, 0xFF, 0xA0, 0x00, 0x21, 0x9F, 0xE4, 0xFA, 0xE8, 0xA0, 0x1C, 0x74, 0xFF,
    0xA0, 0x00, 0x00, 0x00, 0x17, 0xDA, 0xFF, 0xE1, 0x1C, 0x00, 0x00, 0x00, 0x00, 0x00, 0x11, 0xD1,
    0xF6, 0x64, 0xF1, 0xD6, 0x13, 0x00, 0x00, 0x00, 0x0B, 0xC8, 0xFC, 0x4D, 0x00, 0x43, 0xFA, 0xC9,
    0x0C, 0x00, 0x00, 0x00, 0x00, 0x00, 0x00, 0x00, 0x00, 0x00, 0x00, 0x00, 0x00, 0x00, 0x00, 0x00,
    0x00, 0x00, 0x00, 0x00, 0x00, 0x00, 0x00, 0x00, 0x00, 0x00, 0x37, 0xA4, 0xE1, 0xFA, 0xEA, 0xC1,
    0x5F, 0x01, 0x00, 0x00, 0x75, 0xFE, 0xFF, 0xFD, 0xE6, 0xF4, 0xFF, 0xFF, 0x9D, 0x00, 0x3B, 0xFF,
    0xFF, 0x91, 0x12, 0x00, 0x00, 0x54, 0xFB, 0xFF, 0x3C, 0x1B, 0x71, 0x7B, 0x00, 0x00, 0x00, 0x00,
    0x00, 0xA3, 0xFF, 0x85, 0x00, 0x00, 0x00, 0x00, 0x00, 0x00, 0x00, 0x00, 0x8F, 0xFF, 0x9C, 0x00,
    0x00, 0x01, 0x34, 0x63, 0x8A, 0xA7, 0xCC, 0xFE, 0xFF, 0xA0, 0x01, 0x77, 0xE3, 0xFF, 0xFF, 0xFF,
    0xFE, 0xDB, 0xD1, 0xFF, 0xA0, 0x7C, 0xFF, 0xFC, 0x9A, 0x52, 0x27, 0x08, 0x00, 0x7C, 0xFF, 0xA0,
    0xDB, 0xFF, 0x60, 0x00, 0x00, 0x00, 0x00, 0x00, 0x88, 0xFF, 0xA0, 0xE4, 0xFF, 0x3E, 0x00, 0x00,
    0x00, 0x00, 0x08, 0xDA, 0xFF, 0xA0, 0xAE, 0xFF, 0xC0, 0x1F, 0x00, 0x00, 0x28, 0xBB, 0xFE, 0xFF,
    0xA0, 0x2A, 0xEF, 0xFF, 0xFE, 0xE7, 0xEA, 0xFF, 0xE7, 0x90, 0xFF, 0xA0, 0x00, 0x21, 0x9F, 0xE4,
    0xFA, 0xE8, 0xA0, 0x1C, 0x74, 0xFF, 0xA0, 0x00, 0x00, 0x00, 0x0A, 0x0C, 0x00, 0x00, 0x12, 0x21,
    0x00, 0x00, 0x00, 0x00, 0x45, 0xF8, 0xFC, 0xAF, 0x42, 0xBE, 0xDB, 0x00, 0x00, 0x00, 0x00, 0xBA,
    0xDF, 0x6B, 0xD3, 0xFF, 0xFF, 0x75, 0x00, 0x00, 0x00, 0x00, 0x43, 0x33, 0x00, 0x01, 0x2F, 0x36,
    0x00, 0x00, 0x00, 0x00, 0x00, 0x00, 0x00, 0x00, 0x00, 0x00, 0x00, 0x00, 0x00, 0x00, 0x00, 0x00,
    0x37, 0xA4, 0xE1, 0xFA, 0xEA, 0xC1, 0x5F, 0x01, 0x00, 0x00, 0x75, 0xFE, 0xFF, 0xFD, 0xE6, 0xF4,
    0xFF, 0xFF, 0x9D, 0x00, 0x3B, 0xFF, 0xFF, 0x91, 0x12, 0x00, 0x00, 0x54, 0xFB, 0xFF, 0x3C, 0x1B,
    0x71, 0x7B, 0x00, 0x00, 0x00, 0x00, 0x00, 0xA3, 0xFF, 0x85, 0x00, 0x00, 0x00, 0x00, 0x00, 0x00,
    0x00, 0x00, 0x8F, 0xFF, 0x9C, 0x00, 0x00, 0x01, 0x34, 0x63, 0x8A, 0xA7, 0xCC, 0xFE, 0xFF, 0xA0,
    0x01, 0x77, 0xE3, 0xFF, 0xFF, 0xFF, 0xFE, 0xDB, 0xD1, 0xFF, 0xA0, 0x7C, 0xFF, 0xFC, 0x9A, 0x52,
    0x27, 0x08, 0x00, 0x7C, 0xFF, 0xA0, 0xDB, 0xFF, 0x60, 0x00, 0x00, 0x00, 0x00, 0x00, 0x88, 0xFF,
    0xA0, 0xE4, 0xFF, 0x3E, 0x00, 0x00, 0x00, 0x00, 0x08, 0xDA, 0xFF, 0xA0, 0xAE, 0xFF, 0xC0, 0x1F,
    0x00, 0x00, 0x28, 0xBB, 0xFE, 0xFF, 0xA0, 0x2A, 0xEF, 0xFF, 0xFE, 0xE7, 0xEA, 0xFF, 0xE7, 0x90,
    0xFF, 0xA0, 0x00, 0x21, 0x9F, 0xE4, 0xFA, 0xE8, 0xA0, 0x1C, 0x74, 0xFF, 0xA0, 0x00, 0x06, 0xA6,
    0xB8, 0x16, 0x00, 0x0C, 0xAE, 0xB2, 0x0F, 0x00, 0x00, 0x43, 0xFF, 0xFF, 0x6B, 0x00, 0x53, 0xFF,
    0xFF, 0x5B, 0x00, 0x00, 0x0F, 0xCE, 0xE0, 0x25, 0x00, 0x17, 0xD7, 0xDA, 0x1B, 0x00, 0x00, 0x00,
    0x00, 0x00, 0x00, 0x00, 0x00, 0x00, 0x00, 0x00, 0x00, 0x00, 0x00, 0x00, 0x00, 0x00, 0x00, 0x00,
    0x00, 0x00, 0x00, 0x00, 0x00, 0x00, 0x37, 0xA4, 0xE1, 0xFA, 0xEA, 0xC1, 0x5F, 0x01, 0x00, 0x00,
    0x75, 0xFE, 0xFF, 0xFD, 0xE6, 0xF4, 0xFF, 0xFF, 0x9D, 0x00, 0x3B, 0xFF, 0xFF, 0x91, 0x12, 0x00,
    0x00, 0x54, 0xFB, 0xFF, 0x3C, 0x1B, 0x71, 0x7B, 0x00, 0x00, 0x00, 0x00, 0x00, 0xA3, 0xFF, 0x85,
    0x00, 0x00, 0x00, 0x00, 0x00, 0x00, 0x00, 0x00, 0x8F, 0xFF, 0x9C, 0x00, 0x00, 0x01, 0x34, 0x63,
    0x8A, 0xA7, 0xCC, 0xFE, 0xFF, 0xA0, 0x01, 0x77, 0xE3, 0xFF, 0xFF, 0xFF, 0xFE, 0xDB, 0xD1, 0xFF,
    0xA0, 0x7C, 0xFF, 0xFC, 0x9A, 0x52, 0x27, 0x08, 0x00, 0x7C, 0xFF, 0xA0, 0xDB, 0xFF, 0x60, 0x00,
    0x00, 0x00, 0x00, 0x00, 0x88, 0xFF, 0xA0, 0xE4, 0xFF, 0x3E, 0x00, 0x00, 0x00, 0x00, 0x08, 0xDA,
    0xFF, 0xA0, 0xAE, 0xFF, 0xC0, 0x1F, 0x00, 0x00, 0x28, 0xBB, 0xFE, 0xFF, 0xA0, 0x2A, 0xEF, 0xFF,
    0xFE, 0xE7, 0xEA, 0xFF, 0xE7, 0x90, 0xFF, 0xA0, 0x00, 0x21, 0x9F, 0xE4, 0xFA, 0xE8, 0xA0, 0x1C,
    0x74, 0xFF, 0xA0, 0x00, 0x00, 0x00, 0x3B, 0xCA, 0xF7, 0xD2, 0x49, 0x00, 0x00, 0x00, 0x00, 0x00,
    0x21, 0xF4, 0xFE, 0xE5, 0xFD, 0xFA, 0x30, 0x00, 0x00, 0x00, 0x00, 0x76, 0xFF, 0x4F, 0x00, 0x37,
    0xFF, 0x8D, 0x00, 0x00, 0x00, 0x00, 0x76, 0xFF, 0x4F, 0x00, 0x38, 0xFF, 0x8C, 0x00, 0x00, 0x00,
    0x00, 0x21, 0xF4, 0xFE, 0xE5, 0xFD, 0xFA, 0x30, 0x00, 0x00, 0x00, 0x00, 0x00, 0x3B, 0xCA, 0xF8,
    0xD2, 0x49, 0x00, 0x00, 0x00, 0x00, 0x00, 0x00, 0x00, 0x00, 0x00, 0x00, 0x00, 0x00, 0x00, 0x00,
    0x00, 0x00, 0x37, 0xA4, 0xE1, 0xFA, 0xEA, 0xC1, 0x5F, 0x01, 0x00, 0x00, 0x75, 0xFE, 0xFF, 0xFD,
    0xE6, 0xF4, 0xFF, 0xFF, 0x9D, 0x00, 0x3B, 0xFF, 0xFF, 0x91, 0x12, 0x00, 0x00, 0x54, 0xFB, 0xFF,
    0x3C, 0x1B, 0x71, 0x7B, 0x00, 0x00, 0x00, 0x00, 0x00, 0xA3, 0xFF, 0x85, 0x00, 0x00, 0x00, 0x00,
    0x00, 0x00, 0x00, 0x00, 0x8F, 0xFF, 0x9C, 0x00, 0x00, 0x01, 0x34, 0x63, 0x8A, 0xA7, 0xCC, 0xFE,
    0xFF, 0xA0, 0x01, 0x77, 0xE3, 0xFF, 0xFF, 0xFF, 0xFE, 0xDB, 0xD1, 0xFF, 0xA0, 0x7C, 0xFF, 0xFC,
    0x9A, 0x52, 0x27, 0x08, 0x00, 0x7C, 0xFF, 0xA0, 0xDB, 0xFF, 0x60, 0x00, 0x00, 0x00, 0x00, 0x00,
    0x88, 0xFF, 0xA0, 0xE4, 0xFF, 0x3E, 0x00, 0x00, 0x00, 0x00, 0x08, 0xDA, 0xFF, 0xA0, 0xAE, 0xFF,
    0xC0, 0x1F, 0x00, 0x00, 0x28, 0xBB, 0xFE, 0xFF, 0xA0, 0x2A, 0xEF, 0xFF, 0xFE, 0xE7, 0xEA, 0xFF,
    0xE7, 0x90, 0xFF, 0xA0, 0x00, 0x21, 0x9F, 0xE4, 0xFA, 0xE8, 0xA0, 0x1C, 0x74, 0xFF, 0xA0, 0x00,
    0x00, 0x3F, 0xA9, 0xE3, 0xFA, 0xEA, 0xBD, 0x4D, 0x00, 0x00, 0x4D, 0xBC, 0xED, 0xF8, 0xD7, 0x8A,
    0x18, 0x00, 0x00, 0x00, 0x84, 0xFF, 0xFF, 0xFC, 0xE5, 0xF3, 0xFF, 0xFF, 0x67, 0x84, 0xFF, 0xFF,
    0xEF, 0xEA, 0xFF, 0xFF, 0xEB, 0x34, 0x00, 0x4A, 0xFF, 0xFD, 0x7E, 0x0E, 0x00, 0x00, 0x4D, 0xF7,
    0xFA, 0xFF, 0xD2, 0x3A, 0x00, 0x00, 0x1C, 0xAD, 0xFF, 0xE4, 0x0A, 0x07, 0x46, 0x53, 0x00, 0x00,
    0x00, 0x00, 0x00, 0x9D, 0xFF, 0xE8, 0x14, 0x00, 0x00, 0x00, 0x00, 0x03, 0xCA, 0xFF, 0x68, 0x00,
    0x00, 0x00, 0x00, 0x00, 0x00, 0x00, 0x00, 0x80, 0xFF, 0x85, 0x00, 0x00, 0x00, 0x00, 0x00, 0x00,
    0x70, 0xFF, 0xAE, 0x00, 0x01, 0x3F, 0x94, 0xBD, 0xD6, 0xDC, 0xDC, 0xEE, 0xFF, 0xE9, 0xDC, 0xDC,
    0xDC, 0xDC, 0xDC, 0xDC, 0xE7, 0xFF, 0xCA, 0x0E, 0xC2, 0xFF, 0xFF, 0xFF, 0xFF, 0xFF, 0xFF, 0xFF,
    0xFF, 0xFF, 0xFF, 0xFF, 0xFF, 0xFF, 0xFF, 0xFF, 0xFF, 0xFF, 0xD7, 0x98, 0xFF, 0xF0, 0x6D, 0x28,
    0x07, 0x00, 0x00, 0x80, 0xFF, 0x6D, 0x00, 0x00, 0x00, 0x00, 0x00, 0x00, 0x00, 0x00, 0x00, 0xE0,
    0xFF, 0x58, 0x00, 0x00, 0x00, 0x00, 0x00, 0x90, 0xFF, 0xA2, 0x00, 0x00, 0x00, 0x00, 0x00, 0x00,
    0x00, 0x00, 0x00, 0xE0, 0xFF, 0x41, 0x00, 0x00, 0x00, 0x00, 0x0D, 0xE3, 0xFF, 0xF7, 0x24, 0x00,
    0x00, 0x00, 0x00, 0x00, 0x80, 0x97, 0x39, 0xA4, 0xFF, 0xC5, 0x21, 0x00, 0x00, 0x2B, 0xC3, 0xFF,
    0xD5, 0xFF, 0xE1, 0x47, 0x02, 0x00, 0x0C, 0x7B, 0xFD, 0xFF, 0x38, 0x21, 0xE9, 0xFF, 0xFE, 0xE7,
    0xEB, 0xFF, 0xFF, 0xA7, 0x08, 0xAF, 0xFF, 0xFF, 0xF2, 0xE3, 0xFA, 0xFF, 0xFE, 0x6F, 0x00, 0x00,
    0x1B, 0x99, 0xE2, 0xFA, 0xEA, 0xB1, 0x4B, 0x00, 0x00, 0x00, 0x59, 0xBB, 0xE9, 0xF7, 0xDC, 0xA5,
    0x35, 0x00, 0x00, 0x00, 0x00, 0x02, 0x5E, 0xC1, 0xEA, 0xF4, 0xD3, 0x85, 0x17, 0x00, 0x00, 0x00,
    0x0C, 0xB7, 0xFF, 0xFF, 0xF3, 0xE8, 0xFF, 0xFF, 0xEB, 0x36, 0x00, 0x00, 0xA0, 0xFF, 0xE6, 0x46,
    0x00, 0x00, 0x1C, 0xAD, 0xFF, 0xEA, 0x0C, 0x2D, 0xFF, 0xFC, 0x30, 0x00, 0x00, 0x00, 0x00, 0x03,
    0xCA, 0xC7, 0x38, 0x84, 0xFF, 0xB1, 0x00, 0x00, 0x00, 0x00, 0x00, 0x00, 0x01, 0x00, 0x00, 0xAE,
    0xFF, 0x74, 0x00, 0x00, 0x00, 0x00, 0x00, 0x00, 0x00, 0x00, 0x00, 0xC1, 0xFF, 0x61, 0x00, 0x00,
    0x00, 0x00, 0x00, 0x00, 0x00, 0x00, 0x00, 0xAE, 0xFF, 0x73, 0x00, 0x00, 0x00, 0x00, 0x00, 0x00,
    0x00, 0x00, 0x00, 0x85, 0xFF, 0xB0, 0x00, 0x00, 0x00, 0x00, 0x00, 0x00, 0x0A, 0x00, 0x00, 0x2E,
    0xFF, 0xFC, 0x2E, 0x00, 0x00, 0x00, 0x00, 0x02, 0xC8, 0xE2, 0x47, 0x00, 0xA2, 0xFF, 0xE4, 0x44,
    0x00, 0x00, 0x19, 0xA7, 0xFF, 0xED, 0x0E, 0x00, 0x0D, 0xB8, 0xFF, 0xFF, 0xF3, 0xE7, 0xFE, 0xFF,
    0xED, 0x37, 0x00, 0x00, 0x00, 0x02, 0x5E, 0xC1, 0xEB, 0xF4, 0xD3, 0x88, 0x19, 0x00, 0x00, 0x00,
    0x00, 0x00, 0x00, 0x00, 0x69, 0xC4, 0x00, 0x00, 0x00, 0x00, 0x00, 0x00, 0x00, 0x00, 0x00, 0x00,
    0x89, 0xD4, 0x36, 0x02, 0x00, 0x00, 0x00, 0x00, 0x00, 0x00, 0x00, 0x00, 0x8C, 0xDD, 0xFD, 0xB3,
    0x00, 0x00, 0x00, 0x00, 0x00, 0x00, 0x00, 0x00, 0x04, 0x08, 0xC0, 0xEE, 0x00, 0x00, 0x00, 0x00,
    0x00, 0x00, 0x00, 0x20, 0xFF, 0xFF, 0xFB, 0x80, 0x00, 0x00, 0x00, 0x00, 0x00, 0x00, 0x00, 0x06,
    0x30, 0x2A, 0x0E, 0x00, 0x00, 0x00, 0x00, 0x00, 0x00, 0x00, 0xA4, 0xFF, 0x99, 0x00, 0x00, 0x00,
    0x00, 0x00, 0x00, 0x00, 0x00, 0x00, 0x0C, 0xD8, 0xFC, 0x29, 0x00, 0x00, 0x00, 0x00, 0x00, 0x00,
    0x00, 0x00, 0x00, 0x2D, 0xF6, 0xB1, 0x00, 0x00, 0x00, 0x00, 0x00, 0x00, 0x00, 0x00, 0x00, 0x00,
    0x00, 0x00, 0x00, 0x00, 0x00, 0x00, 0x00, 0x00, 0x00, 0x00, 0x00, 0x00, 0x00, 0x00, 0x00, 0x00,
    0x00, 0x00, 0x00, 0x00, 0x00, 0x03, 0x60, 0xC3, 0xEC, 0xF7, 0xD4, 0x85, 0x14, 0x00, 0x00, 0x00,
    0x0D, 0xB8, 0xFF, 0xFF, 0xEE, 0xEC, 0xFF, 0xFF, 0xE7, 0x2E, 0x00, 0x00, 0xA2, 0xFF, 0xCC, 0x34,
    0x00, 0x00, 0x21, 0xB8, 0xFF, 0xDF, 0x07, 0x2E, 0xFF, 0xE3, 0x10, 0x00, 0x00, 0x00, 0x00, 0x09,
    0xDA, 0xFF, 0x61, 0x84, 0xFF, 0x7F, 0x00, 0x00, 0x00, 0x00, 0x00, 0x00, 0x7E, 0xFF, 0xA8, 0xAE,
    0xFF, 0xE9, 0xDC, 0xDC, 0xDC, 0xDC, 0xDC, 0xDC, 0xE8, 0xFF, 0xC6, 0xC1, 0xFF, 0xFF, 0xFF, 0xFF,
    0xFF, 0xFF, 0xFF, 0xFF, 0xFF, 0xFF, 0xD3, 0xB0, 0xFF, 0x69, 0x00, 0x00, 0x00, 0x00, 0x00, 0x00,
    0x00, 0x00, 0x00, 0x88, 0xFF, 0x9E, 0x00, 0x00, 0x00, 0x00, 0x00, 0x00, 0x00, 0x00, 0x00, 0x33,
    0xFF, 0xF6, 0x22, 0x00, 0x00, 0x00, 0x00, 0x00, 0x82, 0x91, 0x32, 0x00, 0xA6, 0xFF, 0xDF, 0x46,
    0x02, 0x00, 0x0C, 0x7D, 0xFE, 0xFF, 0x35, 0x00, 0x0E, 0xB8, 0xFF, 0xFF, 0xF2, 0xE2, 0xFA, 0xFF,
    0xFE, 0x6D, 0x00, 0x00, 0x00, 0x02, 0x5B, 0xBC, 0xE7, 0xF8, 0xDD, 0xA4, 0x34, 0x00, 0x00, 0x00,
    0x00, 0x00, 0x00, 0x00, 0x00, 0x2B, 0x80, 0x79, 0x03, 0x00, 0x00, 0x00, 0x00, 0x00, 0x00, 0x00,
    0x00, 0xB1, 0xFF, 0x7C, 0x00, 0x00, 0x00, 0x00, 0x00, 0x00, 0x00, 0x00, 0x2A, 0xFE, 0xD0, 0x05,
    0x00, 0x00, 0x00, 0x00, 0x00, 0x00, 0x00, 0x00, 0xA0, 0xFC, 0x33, 0x00, 0x00, 0x00, 0x00, 0x00,
    0x00, 0x00, 0x00, 0x00, 0x00, 0x00, 0x00, 0x00, 0x00, 0x00, 0x00, 0x00, 0x00, 0x00, 0x00, 0x00,
    0x00, 0x00, 0x00, 0x00, 0x00, 0x00, 0x00, 0x00, 0x00, 0x03, 0x60, 0xC3, 0xEC, 0xF7, 0xD4, 0x85,
    0x14, 0x00, 0x00, 0x00, 0x0D, 0xB8, 0xFF, 0xFF, 0xEE, 0xEC, 0xFF, 0xFF, 0xE7, 0x2E, 0x00, 0x00,
    0xA2, 0xFF, 0xCC, 0x34, 0x00, 0x00, 0x21, 0xB8, 0xFF, 0xDF, 0x07, 0x2E, 0xFF, 0xE3, 0x10, 0x00,
    0x00, 0x00, 0x00, 0x09, 0xDA, 0xFF, 0x61, 0x84, 0xFF, 0x7F, 0x00, 0x00, 0x00, 0x00, 0x00, 0x00,
    0x7E, 0xFF, 0xA8, 0xAE, 0xFF, 0xE9, 0xDC, 0xDC, 0xDC, 0xDC, 0xDC, 0xDC, 0xE8, 0xFF, 0xC6, 0xC1,
    0xFF, 0xFF, 0xFF, 0xFF, 0xFF, 0xFF, 0xFF, 0xFF, 0xFF, 0xFF, 0xD3, 0xB0, 0xFF, 0x69, 0x00, 0x00,
    0x00, 0x00, 0x00, 0x00, 0x00, 0x00, 0x00, 0x88, 0xFF, 0x9E, 0x00, 0x00, 0x00, 0x00, 0x00, 0x00,
    0x00, 0x00, 0x00, 0x33, 0xFF, 0xF6, 0x22, 0x00, 0x00, 0x00, 0x00, 0x00, 0x82, 0x91, 0x32, 0x00,
    0xA6, 0xFF, 0xDF, 0x46, 0x02, 0x00, 0x0C, 0x7D, 0xFE, 0xFF, 0x35, 0x00, 0x0E, 0xB8, 0xFF, 0xFF,
    0xF2, 0xE2, 0xFA, 0xFF, 0xFE, 0x6D, 0x00, 0x00, 0x00, 0x02, 0x5B, 0xBC, 0xE7, 0xF8, 0xDD, 0xA4,
    0x34, 0x00, 0x00, 0x00, 0x00, 0x00, 0x00, 0x69, 0xFF, 0xFF, 0x85, 0x00, 0x00, 0x00, 0x00, 0x00,
    0x00, 0x00, 0x5D, 0xFE, 0xB2, 0x98, 0xFF, 0x71, 0x00, 0x00, 0x00, 0x00, 0x00, 0x50, 0xFC, 0xC8,
    0x0A, 0x03, 0xB2, 0xFE, 0x5E, 0x00, 0x00, 0x00, 0x00, 0x00, 0x00, 0x00, 0x00, 0x00, 0x00, 0x00,
    0x00, 0x00, 0x00, 0x00, 0x00, 0x00, 0x00, 0x00, 0x00, 0x00, 0x00, 0x00, 0x00, 0x00, 0x00, 0x00,
    0x00, 0x03, 0x60, 0xC3, 0xEC, 0xF7, 0xD4, 0x85, 0x14, 0x00, 0x00, 0x00, 0x0D, 0xB8, 0xFF, 0xFF,
    0xEE, 0xEC, 0xFF, 0xFF, 0xE7, 0x2E, 0x00, 0x00, 0xA2, 0xFF, 0xCC, 0x34, 0x00, 0x00, 0x21, 0xB8,
    0xFF, 0xDF, 0x07, 0x2E, 0xFF, 0xE3, 0x10, 0x00, 0x00, 0x00, 0x00, 0x09, 0xDA, 0xFF, 0x61, 0x84,
    0xFF, 0x7F, 0x00, 0x00, 0x00, 0x00, 0x00, 0x00, 0x7E, 0xFF, 0xA8, 0xAE, 0xFF, 0xE9, 0xDC, 0xDC,
    0xDC, 0xDC, 0xDC, 0xDC, 0xE8, 0xFF, 0xC6, 0xC1, 0xFF, 0xFF, 0xFF, 0xFF, 0xFF, 0xFF, 0xFF, 0xFF,
    0xFF, 0xFF, 0xD3, 0xB0, 0xFF, 0x69, 0x00, 0x00, 0x00, 0x00, 0x00, 0x00, 0x00, 0x00, 0x00, 0x88,
    0xFF, 0x9E, 0x00, 0x00, 0x00, 0x00, 0x00, 0x00, 0x00, 0x00, 0x00, 0x33, 0xFF, 0xF6, 0x22, 0x00,
    0x00, 0x00, 0x00, 0x00, 0x82, 0x91, 0x32, 0x00, 0xA6, 0xFF, 0xDF, 0x46, 0x02, 0x00, 0x0C, 0x7D,
    0xFE, 0xFF, 0x35, 0x00, 0x0E, 0xB8, 0xFF, 0xFF, 0xF2, 0xE2, 0xFA, 0xFF, 0xFE, 0x6D, 0x00, 0x00,
    0x00, 0x02, 0x5B, 0xBC, 0xE7, 0xF8, 0xDD, 0xA4, 0x34, 0x00, 0x00, 0x00, 0x00, 0x47, 0xCA, 0x6A,
    0x00, 0x00, 0x52, 0xCB, 0x5E, 0x00, 0x00, 0x00, 0x00, 0xBF, 0xFF, 0xEF, 0x00, 0x00, 0xCF, 0xFF,
    0xDF, 0x00, 0x00, 0x00, 0x00, 0x62, 0xF2, 0x8E, 0x00, 0x00, 0x71, 0xF3, 0x7F, 0x00, 0x00, 0x00,
    0x00, 0x00, 0x00, 0x00, 0x00, 0x00, 0x00, 0x00, 0x00, 0x00, 0x00, 0x00, 0x00, 0x00, 0x00, 0x00,
    0x00, 0x00, 0x00, 0x00, 0x00, 0x00, 0x00, 0x00, 0x00, 0x03, 0x60, 0xC3, 0xEC, 0xF7, 0xD4, 0x85,
    0x14, 0x00, 0x00, 0x00, 0x0D, 0xB8, 0xFF, 0xFF, 0xEE, 0xEC, 0xFF, 0xFF, 0xE7, 0x2E, 0x00, 0x00,
    0xA2, 0xFF, 0xCC, 0x34, 0x00, 0x00, 0x21, 0xB8, 0xFF, 0xDF, 0x07, 0x2E, 0xFF, 0xE3, 0x10, 0x00,
    0x00, 0x00, 0x00, 0x09, 0xDA, 0xFF, 0x61, 0x84, 0xFF, 0x7F, 0x00, 0x00, 0x00, 0x00, 0x00, 0x00,
    0x7E, 0xFF, 0xA8, 0xAE, 0xFF, 0xE9, 0xDC, 0xDC, 0xDC, 0xDC, 0xDC, 0xDC, 0xE8, 0xFF, 0xC6, 0xC1,
    0xFF, 0xFF, 0xFF, 0xFF, 0xFF, 0xFF, 0xFF, 0xFF, 0xFF, 0xFF, 0xD3, 0xB0, 0xFF, 0x69, 0x00, 0x00,
    0x00, 0x00, 0x00, 0x00, 0x00, 0x00, 0x00, 0x88, 0xFF, 0x9E, 0x00, 0x00, 0x00, 0x00, 0x00, 0x00,
    0x00, 0x00, 0x00, 0x33, 0xFF, 0xF6, 0x22, 0x00, 0x00, 0x00, 0x00, 0x00, 0x82, 0x91, 0x32, 0x00,
    0xA6, 0xFF, 0xDF, 0x46, 0x02, 0x00, 0x0C, 0x7D, 0xFE, 0xFF, 0x35, 0x00, 0x0E, 0xB8, 0xFF, 0xFF,
    0xF2, 0xE2, 0xFA, 0xFF, 0xFE, 0x6D, 0x00, 0x00, 0x00, 0x02, 0x5B, 0xBC, 0xE7, 0xF8, 0xDD, 0xA4,
    0x34, 0x00, 0x00, 0x05, 0xC7, 0xFF, 0x71, 0x00, 0x00, 0x1E, 0xEE, 0xED, 0x10, 0x00, 0x00, 0x4D,
    0xFE, 0x89, 0x00, 0x00, 0x00, 0x00, 0x00, 0x00, 0x00, 0x00, 0x00, 0x00, 0x00, 0x00, 0x24, 0xFF,
    0xF8, 0x00, 0x00, 0x24, 0xFF, 0xF8, 0x00, 0x00, 0x24, 0xFF, 0xF8, 0x00, 0x00, 0x24, 0xFF, 0xF8,
    0x00, 0x00, 0x24, 0xFF, 0xF8, 0x00, 0x00, 0x24, 0xFF, 0xF8, 0x00, 0x00, 0x24, 0xFF, 0xF8, 0x00,
    0x00, 0x24, 0xFF, 0xF8, 0x00, 0x00, 0x24, 0xFF, 0xF8, 0x00, 0x00, 0x24, 0xFF, 0xF8, 0x00, 0x00,
    0x24, 0xFF, 0xF8, 0x00, 0x00, 0x24, 0xFF, 0xF8, 0x00, 0x00, 0x24, 0xFF, 0xF8, 0x00, 0x00, 0x3D,
    0x80, 0x6B, 0x00, 0x01, 0xD3, 0xFF, 0x58, 0x00, 0x4D, 0xFF, 0xB1, 0x00, 0x00, 0xC4, 0xF0, 0x1A,
    0x00, 0x00, 0x00, 0x00, 0x00, 0x00, 0x00, 0x00, 0x00, 0x00, 0x00, 0x24, 0xFF, 0xF8, 0x00, 0x00,
    0x24, 0xFF, 0xF8, 0x00, 0x00, 0x24, 0xFF, 0xF8, 0x00, 0x00, 0x24, 0xFF, 0xF8, 0x00, 0x00, 0x24,
    0xFF, 0xF8, 0x00, 0x00, 0x24, 0xFF, 0xF8, 0x00, 0x00, 0x24, 0xFF, 0xF8, 0x00, 0x00, 0x24, 0xFF,
    0xF8, 0x00, 0x00, 0x24, 0xFF, 0xF8, 0x00, 0x00, 0x24, 0xFF, 0xF8, 0x00, 0x00, 0x24, 0xFF, 0xF8,
    0x00, 0x00, 0x24, 0xFF, 0xF8, 0x00, 0x00, 0x24, 0xFF, 0xF8, 0x00, 0x00, 0x00, 0x00, 0x91, 0xFF,
    0xFE, 0x5E, 0x00, 0x00, 0x00, 0x84, 0xFF, 0x91, 0xBA, 0xFB, 0x4D, 0x00, 0x74, 0xFF, 0xA8, 0x01,
    0x0D, 0xCF, 0xF7, 0x3E, 0x00, 0x00, 0x00, 0x00, 0x00, 0x00, 0x00, 0x00, 0x00, 0x00, 0x00, 0x00,
    0x00, 0x00, 0x00, 0x00, 0x00, 0x00, 0x24, 0xFF, 0xF8, 0x00, 0x00, 0x00, 0x00, 0x00, 0x24, 0xFF,
    0xF8, 0x00, 0x00, 0x00, 0x00, 0x00, 0x24, 0xFF, 0xF8, 0x00, 0x00, 0x00, 0x00, 0x00, 0x24, 0xFF,
    0xF8, 0x00, 0x00, 0x00, 0x00, 0x00, 0x24, 0xFF, 0xF8, 0x00, 0x00, 0x00, 0x00, 0x00, 0x24, 0xFF,
    0xF8, 0x00, 0x00, 0x00, 0x00, 0x00, 0x24, 0xFF, 0xF8, 0x00, 0x00, 0x00, 0x00, 0x00, 0x24, 0xFF,
    0xF8, 0x00, 0x00, 0x00, 0x00, 0x00, 0x24, 0xFF, 0xF8, 0x00, 0x00, 0x00, 0x00, 0x00, 0x24, 0xFF,
    0xF8, 0x00, 0x00, 0x00, 0x00, 0x00, 0x24, 0xFF, 0xF8, 0x00, 0x00, 0x00, 0x00, 0x00, 0x24, 0xFF,
    0xF8, 0x00, 0x00, 0x00, 0x00, 0x00, 0x24, 0xFF, 0xF8, 0x00, 0x00, 0x00, 0x61, 0xCB, 0x4F, 0x00,
    0x00, 0x6D, 0xCA, 0x44, 0xE3, 0xFF, 0xCB, 0x00, 0x00, 0xF3, 0xFF, 0xBB, 0x82, 0xF3, 0x6D, 0x00,
    0x00, 0x91, 0xF2, 0x5F, 0x00, 0x00, 0x00, 0x00, 0x00, 0x00, 0x00, 0x00, 0x00, 0x00, 0x00, 0x00,
    0x00, 0x00, 0x00, 0x00, 0x00, 0x00, 0x24, 0xFF, 0xF8, 0x00, 0x00, 0x00, 0x00, 0x00, 0x24, 0xFF,
    0xF8, 0x00, 0x00, 0x00, 0x00, 0x00, 0x24, 0xFF, 0xF8, 0x00, 0x00, 0x00, 0x00, 0x00, 0x24, 0xFF,
    0xF8, 0x00, 0x00, 0x00, 0x00, 0x00, 0x24, 0xFF, 0xF8, 0x00, 0x00, 0x00, 0x00, 0x00, 0x24, 0xFF,
    0xF8, 0x00, 0x00, 0x00, 0x00, 0x00, 0x24, 0xFF, 0xF8, 0x00, 0x00, 0x00, 0x00, 0x00, 0x24, 0xFF,
    0xF8, 0x00, 0x00, 0x00, 0x00, 0x00, 0x24, 0xFF, 0xF8, 0x00, 0x00, 0x00, 0x00, 0x00, 0x24, 0xFF,
    0xF8, 0x00, 0x00, 0x00, 0x00, 0x00, 0x24, 0xFF, 0xF8, 0x00, 0x00, 0x00, 0x00, 0x00, 0x24, 0xFF,
    0xF8, 0x00, 0x00, 0x00, 0x00, 0x00, 0x24, 0xFF, 0xF8, 0x00, 0x00, 0x00, 0x00, 0x00, 0x00, 0x06,
    0x00, 0x00, 0x00, 0x00, 0x00, 0x00, 0x00, 0x00, 0x00, 0x00, 0x00, 0xAE, 0xB1, 0x24, 0x00, 0x00,
    0x04, 0x4C, 0x00, 0x00, 0x00, 0x00, 0x06, 0xA9, 0xFF, 0xF3, 0x61, 0x6A, 0xE0, 0xFE, 0x25, 0x00,
    0x00, 0x00, 0x00, 0x00, 0x50, 0xFB, 0xFF, 0xFF, 0xA4, 0x2B, 0x00, 0x00, 0x00, 0x00, 0x0D, 0x81,
    0xEE, 0xF7, 0xDB, 0xFF, 0x7C, 0x00, 0x00, 0x00, 0x00, 0x00, 0x0E, 0xE5, 0x8A, 0x17, 0x0F, 0xD1,
    0xFE, 0x54, 0x00, 0x00, 0x00, 0x00, 0x00, 0x05, 0x00, 0x00, 0x00, 0x25, 0xF4, 0xE9, 0x0F, 0x00,
    0x00, 0x00, 0x15, 0x8C, 0xDD, 0xF8, 0xD9, 0x65, 0x79, 0xFF, 0x8F, 0x00, 0x00, 0x25, 0xE0, 0xFF,
    0xFF, 0xED, 0xED, 0xFF, 0x9B, 0xEC, 0xF5, 0x10, 0x04, 0xCD, 0xFF, 0xD0, 0x30, 0x00, 0x00, 0x30,
    0xD0, 0xED, 0xFF, 0x5A, 0x4E, 0xFF, 0xF1, 0x17, 0x00, 0x00, 0x00, 0x00, 0x17, 0xF1, 0xFF, 0x93,
    0x9C, 0xFF, 0x97, 0x00, 0x00, 0x00, 0x00, 0x00, 0x00, 0x93, 0xFF, 0xB4, 0xBB, 0xFF, 0x65, 0x00,
    0x00, 0x00, 0x00, 0x00, 0x00, 0x59, 0xFF, 0xBF, 0xBB, 0xFF, 0x62, 0x00, 0x00, 0x00, 0x00, 0x00,
    0x00, 0x51, 0xFF, 0xAC, 0x9B, 0xFF, 0x8F, 0x00, 0x00, 0x00, 0x00, 0x00, 0x00, 0x7B, 0xFF, 0x8A,
    0x4D, 0xFF, 0xEA, 0x10, 0x00, 0x00, 0x00, 0x00, 0x0A, 0xDE, 0xFF, 0x39, 0x03, 0xC8, 0xFF, 0xC7,
    0x2A, 0x00, 0x00, 0x28, 0xC1, 0xFF, 0xB9, 0x00, 0x00, 0x1F, 0xD6, 0xFF, 0xFF, 0xEB, 0xEA, 0xFF,
    0xFF, 0xD0, 0x19, 0x00, 0x00, 0x00, 0x0C, 0x77, 0xCF, 0xF1, 0xF1, 0xCD, 0x74, 0x0A, 0x00, 0x00,
    0x00, 0x00, 0x00, 0x00, 0x15, 0x01, 0x00, 0x00, 0x22, 0x11, 0x00, 0x00, 0x00, 0x00, 0x00, 0xB1,
    0xFF, 0xE8, 0x75, 0x4D, 0xFF, 0x67, 0x00, 0x00, 0x00, 0x00, 0x2E, 0xFF, 0x94, 0x93, 0xF6, 0xFF,
    0xEB, 0x16, 0x00, 0x00, 0x00, 0x00, 0x17, 0x50, 0x0F, 0x00, 0x10, 0x41, 0x16, 0x00, 0x00, 0x00,
    0x00, 0x00, 0x00, 0x00, 0x00, 0x00, 0x00, 0x00, 0x00, 0x00, 0x00, 0x00, 0x24, 0xFF, 0xE0, 0x00,
    0x4A, 0xC2, 0xF2, 0xF2, 0xBD, 0x42, 0x00, 0x00, 0x24, 0xFF, 0xE1, 0x5C, 0xFE, 0xF9, 0xE9, 0xFF,
    0xFF, 0xFD, 0x56, 0x00, 0x24, 0xFF, 0xEE, 0xE1, 0x62, 0x04, 0x00, 0x23, 0xC9, 0xFF, 0xE5, 0x04,
    0x24, 0xFF, 0xFF, 0x6F, 0x00, 0x00, 0x00, 0x00, 0x22, 0xFC, 0xFF, 0x31, 0x24, 0xFF, 0xFF, 0x18,
    0x00, 0x00, 0x00, 0x00, 0x00, 0xDC, 0xFF, 0x4D, 0x24, 0xFF, 0xF9, 0x00, 0x00, 0x00, 0x00, 0x00,
    0x00, 0xC8, 0xFF, 0x54, 0x24, 0xFF, 0xF8, 0x00, 0x00, 0x00, 0x00, 0x00, 0x00, 0xC8, 0xFF, 0x54,
    0x24, 0xFF, 0xF8, 0x00, 0x00, 0x00, 0x00, 0x00, 0x00, 0xC8, 0xFF, 0x54, 0x24, 0xFF, 0xF8, 0x00,
    0x00, 0x00, 0x00, 0x00, 0x00, 0xC8, 0xFF, 0x54, 0x24, 0xFF, 0xF8, 0x00, 0x00, 0x00, 0x00, 0x00,
    0x00, 0xC8, 0xFF, 0x54, 0x24, 0xFF, 0xF8, 0x00, 0x00, 0x00, 0x00, 0x00, 0x00, 0xC8, 0xFF, 0x54,
    0x24, 0xFF, 0xF8, 0x00, 0x00, 0x00, 0x00, 0x00, 0x00, 0xC8, 0xFF, 0x54, 0x24, 0xFF, 0xF8, 0x00,
    0x00, 0x00, 0x00, 0x00, 0x00, 0xC8, 0xFF, 0x54, 0x00, 0x00, 0x00, 0x89, 0xFF, 0xB5, 0x00, 0x00,
    0x00, 0x00, 0x00, 0x00, 0x00, 0x00, 0x00, 0x00, 0x04, 0xC4, 0xFF, 0x41, 0x00, 0x00, 0x00, 0x00,
    0x00, 0x00, 0x00, 0x00, 0x00, 0x00, 0x1C, 0xEB, 0xCC, 0x01, 0x00, 0x00, 0x00, 0x00, 0x00, 0x00,
    0x00, 0x00, 0x00, 0x00, 0x00, 0x00, 0x00, 0x00, 0x00, 0x00, 0x00, 0x00, 0x00, 0x00, 0x00, 0x00,
    0x00, 0x00, 0x00, 0x00, 0x00, 0x00, 0x00, 0x00, 0x00, 0x00, 0x00, 0x02, 0x5E, 0xC1, 0xEA, 0xF4,
    0xD6, 0x88, 0x1A, 0x00, 0x00, 0x00, 0x00, 0x0C, 0xB7, 0xFF, 0xFF, 0xF3, 0xE8, 0xFF, 0xFF, 0xEB,
    0x3C, 0x00, 0x00, 0x00, 0xA0, 0xFF, 0xE6, 0x46, 0x00, 0x00, 0x1C, 0xAD, 0xFF, 0xEB, 0x17, 0x00,
    0x2D, 0xFF, 0xFC, 0x30, 0x00, 0x00, 0x00, 0x00, 0x03, 0xC5, 0xFF, 0x90, 0x00, 0x84, 0xFF, 0xB1,
    0x00, 0x00, 0x00, 0x00, 0x00, 0x00, 0x4D, 0xFF, 0xE8, 0x00, 0xAE, 0xFF, 0x74, 0x00, 0x00, 0x00,
    0x00, 0x00, 0x00, 0x0D, 0xFF, 0xFF, 0x11, 0xC1, 0xFF, 0x61, 0x00, 0x00, 0x00, 0x00, 0x00, 0x00,
    0x00, 0xFA, 0xFF, 0x25, 0xAE, 0xFF, 0x73, 0x00, 0x00, 0x00, 0x00, 0x00, 0x00, 0x0C, 0xFF, 0xFF,
    0x11, 0x85, 0xFF, 0xB0, 0x00, 0x00, 0x00, 0x00, 0x00, 0x00, 0x4B, 0xFF, 0xE8, 0x00, 0x2E, 0xFF,
    0xFC, 0x2E, 0x00, 0x00, 0x00, 0x00, 0x02, 0xC3, 0xFF, 0x91, 0x00, 0x00, 0xA2, 0xFF, 0xE4, 0x44,
    0x00, 0x00, 0x1A, 0xAA, 0xFF, 0xEC, 0x18, 0x00, 0x00, 0x0D, 0xB8, 0xFF, 0xFF, 0xF3, 0xE7, 0xFE,
    0xFF, 0xEB, 0x3D, 0x00, 0x00, 0x00, 0x00, 0x02, 0x5E, 0xC1, 0xEB, 0xF5, 0xD6, 0x89, 0x1B, 0x00,
    0x00, 0x00, 0x00, 0x00, 0x00, 0x00, 0x00, 0x00, 0x1B, 0x80, 0x7F, 0x0D, 0x00, 0x00, 0x00, 0x00,
    0x00, 0x00, 0x00, 0x00, 0x00, 0x91, 0xFF, 0x9C, 0x00, 0x00, 0x00, 0x00, 0x00, 0x00, 0x00, 0x00,
    0x00, 0x13, 0xF4, 0xE5, 0x10, 0x00, 0x00, 0x00, 0x00, 0x00, 0x00, 0x00, 0x00, 0x00, 0x80, 0xFF,
    0x4F, 0x00, 0x00, 0x00, 0x00, 0x00, 0x00, 0x00, 0x00, 0x00, 0x00, 0x00, 0x00, 0x00, 0x00, 0x00,
    0x00, 0x00, 0x00, 0x00, 0x00, 0x00, 0x00, 0x00, 0x00, 0x00, 0x00, 0x00, 0x00, 0x00, 0x00, 0x00,
    0x00, 0x00, 0x02, 0x5E, 0xC1, 0xEA, 0xF4, 0xD6, 0x88, 0x1A, 0x00, 0x00, 0x00, 0x00, 0x0C, 0xB7,
    0xFF, 0xFF, 0xF3, 0xE8, 0xFF, 0xFF, 0xEB, 0x3C, 0x00, 0x00, 0x00, 0xA0, 0xFF, 0xE6, 0x46, 0x00,
    0x00, 0x1C, 0xAD, 0xFF, 0xEB, 0x17, 0x00, 0x2D, 0xFF, 0xFC, 0x30, 0x00, 0x00, 0x00, 0x00, 0x03,
    0xC5, 0xFF, 0x90, 0x00, 0x84, 0xFF, 0xB1, 0x00, 0x00, 0x00, 0x00, 0x00, 0x00, 0x4D, 0xFF, 0xE8,
    0x00, 0xAE, 0xFF, 0x74, 0x00, 0x00, 0x00, 0x00, 0x00, 0x00, 0x0D, 0xFF, 0xFF, 0x11, 0xC1, 0xFF,
    0x61, 0x00, 0x00, 0x00, 0x00, 0x00, 0x00, 0x00, 0xFA, 0xFF, 0x25, 0xAE, 0xFF, 0x73, 0x00, 0x00,
    0x00, 0x00, 0x00, 0x00, 0x0C, 0xFF, 0xFF, 0x11, 0x85, 0xFF, 0xB0, 0x00, 0x00, 0x00, 0x00, 0x00,
    0x00, 0x4B, 0xFF, 0xE8, 0x00, 0x2E, 0xFF, 0xFC, 0x2E, 0x00, 0x00, 0x00, 0x00, 0x02, 0xC3, 0xFF,
    0x91, 0x00, 0x00, 0xA2, 0xFF, 0xE4, 0x44, 0x00, 0x00, 0x1A, 0xAA, 0xFF, 0xEC, 0x18, 0x00, 0x00,
    0x0D, 0xB8, 0xFF, 0xFF, 0xF3, 0xE7, 0xFE, 0xFF, 0xEB, 0x3D, 0x00, 0x00, 0x00, 0x00, 0x02, 0x5E,
    0xC1, 0xEB, 0xF5, 0xD6, 0x89, 0x1B, 0x00, 0x00, 0x00, 0x00, 0x00, 0x00, 0x00, 0x4E, 0xFB, 0xFF,
    0xA3, 0x01, 0x00, 0x00, 0x00, 0x00, 0x00, 0x00, 0x00, 0x43, 0xF8, 0xCA, 0x80, 0xFF, 0x91, 0x00,
    0x00, 0x00, 0x00, 0x00, 0x00, 0x38, 0xF4, 0xDC, 0x16, 0x00, 0x95, 0xFF, 0x7D, 0x00, 0x00, 0x00,
    0x00, 0x00, 0x00, 0x00, 0x00, 0x00, 0x00, 0x00, 0x00, 0x00, 0x00, 0x00, 0x00, 0x00, 0x00, 0x00,
    0x00, 0x00, 0x00, 0x00, 0x00, 0x00, 0x00, 0x00, 0x00, 0x00, 0x00, 0x00, 0x02, 0x5E, 0xC1, 0xEA,
    0xF4, 0xD6, 0x88, 0x1A, 0x00, 0x00, 0x00, 0x00, 0x0C, 0xB7, 0xFF, 0xFF, 0xF3, 0xE8, 0xFF, 0xFF,
    0xEB, 0x3C, 0x00, 0x00, 0x00, 0xA0, 0xFF, 0xE6, 0x46, 0x00, 0x00, 0x1C, 0xAD, 0xFF, 0xEB, 0x17,
    0x00, 0x2D, 0xFF, 0xFC, 0x30, 0x00, 0x00, 0x00, 0x00, 0x03, 0xC5, 0xFF, 0x90, 0x00, 0x84, 0xFF,
    0xB1, 0x00, 0x00, 0x00, 0x00, 0x00, 0x00, 0x4D, 0xFF, 0xE8, 0x00, 0xAE, 0xFF, 0x74, 0x00, 0x00,
    0x00, 0x00, 0x00, 0x00, 0x0D, 0xFF, 0xFF, 0x11, 0xC1, 0xFF, 0x61, 0x00, 0x00, 0x00, 0x00, 0x00,
    0x00, 0x00, 0xFA, 0xFF, 0x25, 0xAE, 0xFF, 0x73, 0x00, 0x00, 0x00, 0x00, 0x00, 0x00, 0x0C, 0xFF,
    0xFF, 0x11, 0x85, 0xFF, 0xB0, 0x00, 0x00, 0x00, 0x00, 0x00, 0x00, 0x4B, 0xFF, 0xE8, 0x00, 0x2E,
    0xFF, 0xFC, 0x2E, 0x00, 0x00, 0x00, 0x00, 0x02, 0xC3, 0xFF, 0x91, 0x00, 0x00, 0xA2, 0xFF, 0xE4,
    0x44, 0x00, 0x00, 0x1A, 0xAA, 0xFF, 0xEC, 0x18, 0x00, 0x00, 0x0D, 0xB8, 0xFF, 0xFF, 0xF3, 0xE7,
    0xFE, 0xFF, 0xEB, 0x3D, 0x00, 0x00, 0x00, 0x00, 0x02, 0x5E, 0xC1, 0xEB, 0xF5, 0xD6, 0x89, 0x1B,
    0x00, 0x00, 0x00, 0x00, 0x00, 0x00, 0x00, 0x14, 0x02, 0x00, 0x00, 0x1F, 0x14, 0x00, 0x00, 0x00,
    0x00, 0x00, 0x00, 0x99, 0xFF, 0xEE, 0x80, 0x42, 0xFA, 0x7F, 0x00, 0x00, 0x00, 0x00, 0x00, 0x17,
    0xFE, 0xA3, 0x89, 0xF1, 0xFF, 0xF3, 0x26, 0x00, 0x00, 0x00, 0x00, 0x00, 0x0F, 0x50, 0x17, 0x00,
    0x0C, 0x3F, 0x1C, 0x00, 0x00, 0x00, 0x00, 0x00, 0x00, 0x00, 0x00, 0x00, 0x00, 0x00, 0x00, 0x00,
    0x00, 0x00, 0x00, 0x00, 0x00, 0x00, 0x02, 0x5E, 0xC1, 0xEA, 0xF4, 0xD6, 0x88, 0x1A, 0x00, 0x00,
    0x00, 0x00, 0x0C, 0xB7, 0xFF, 0xFF, 0xF3, 0xE8, 0xFF, 0xFF, 0xEB, 0x3C, 0x00, 0x00, 0x00, 0xA0,
    0xFF, 0xE6, 0x46, 0x00, 0x00, 0x1C, 0xAD, 0xFF, 0xEB, 0x17, 0x00, 0x2D, 0xFF, 0xFC, 0x30, 0x00,
    0x00, 0x00, 0x00, 0x03, 0xC5, 0xFF, 0x90, 0x00, 0x84, 0xFF, 0xB1, 0x00, 0x00, 0x00, 0x00, 0x00,
    0x00, 0x4D, 0xFF, 0xE8, 0x00, 0xAE, 0xFF, 0x74, 0x00, 0x00, 0x00, 0x00, 0x00, 0x00, 0x0D, 0xFF,
    0xFF, 0x11, 0xC1, 0xFF, 0x61, 0x00, 0x00, 0x00, 0x00, 0x00, 0x00, 0x00, 0xFA, 0xFF, 0x25, 0xAE,
    0xFF, 0x73, 0x00, 0x00, 0x00, 0x00, 0x00, 0x00, 0x0C, 0xFF, 0xFF, 0x11, 0x85, 0xFF, 0xB0, 0x00,
    0x00, 0x00, 0x00, 0x00, 0x00, 0x4B, 0xFF, 0xE8, 0x00, 0x2E, 0xFF, 0xFC, 0x2E, 0x00, 0x00, 0x00,
    0x00, 0x02, 0xC3, 0xFF, 0x91, 0x00, 0x00, 0xA2, 0xFF, 0xE4, 0x44, 0x00, 0x00, 0x1A, 0xAA, 0xFF,
    0xEC, 0x18, 0x00, 0x00, 0x0D, 0xB8, 0xFF, 0xFF, 0xF3, 0xE7, 0xFE, 0xFF, 0xEB, 0x3D, 0x00, 0x00,
    0x00, 0x00, 0x02, 0x5E, 0xC1, 0xEB, 0xF5, 0xD6, 0x89, 0x1B, 0x00, 0x00, 0x00, 0x00, 0x00, 0x32,
    0xC6, 0x83, 0x00, 0x00, 0x3C, 0xC9, 0x76, 0x00, 0x00, 0x00, 0x00, 0x00, 0x9F, 0xFF, 0xFF, 0x0F,
    0x00, 0xAF, 0xFF, 0xFC, 0x03, 0x00, 0x00, 0x00, 0x00, 0x49, 0xEE, 0xAB, 0x00, 0x00, 0x55, 0xF1,
    0x9C, 0x00, 0x00, 0x00, 0x00, 0x00, 0x00, 0x00, 0x00, 0x00, 0x00, 0x00, 0x00, 0x00, 0x00, 0x00,
    0x00, 0x00, 0x00, 0x00, 0x00, 0x00, 0x00, 0x00, 0x00, 0x00, 0x00, 0x00, 0x00, 0x00, 0x00, 0x00,
    0x02, 0x5E, 0xC1, 0xEA, 0xF4, 0xD6, 0x88, 0x1A, 0x00, 0x00, 0x00, 0x00, 0x0C, 0xB7, 0xFF, 0xFF,
    0xF3, 0xE8, 0xFF, 0xFF, 0xEB, 0x3C, 0x00, 0x00, 0x00, 0xA0, 0xFF, 0xE6, 0x46, 0x00, 0x00, 0x1C,
    0xAD, 0xFF, 0xEB, 0x17, 0x00, 0x2D, 0xFF, 0xFC, 0x30, 0x00, 0x00, 0x00, 0x00, 0x03, 0xC5, 0xFF,
    0x90, 0x00, 0x84, 0xFF, 0xB1, 0x00, 0x00, 0x00, 0x00, 0x00, 0x00, 0x4D, 0xFF, 0xE8, 0x00, 0xAE,
    0xFF, 0x74, 0x00, 0x00, 0x00, 0x00, 0x00, 0x00, 0x0D, 0xFF, 0xFF, 0x11, 0xC1, 0xFF, 0x61, 0x00,
    0x00, 0x00, 0x00, 0x00, 0x00, 0x00, 0xFA, 0xFF, 0x25, 0xAE, 0xFF, 0x73, 0x00, 0x00, 0x00, 0x00,
    0x00, 0x00, 0x0C, 0xFF, 0xFF, 0x11, 0x85, 0xFF, 0xB0, 0x00, 0x00, 0x00, 0x00, 0x00, 0x00, 0x4B,
    0xFF, 0xE8, 0x00, 0x2E, 0xFF, 0xFC, 0x2E, 0x00, 0x00, 0x00, 0x00, 0x02, 0xC3, 0xFF, 0x91, 0x00,
    0x00, 0xA2, 0xFF, 0xE4, 0x44, 0x00, 0x00, 0x1A, 0xAA, 0xFF, 0xEC, 0x18, 0x00, 0x00, 0x0D, 0xB8,
    0xFF, 0xFF, 0xF3, 0xE7, 0xFE, 0xFF, 0xEB, 0x3D, 0x00, 0x00, 0x00, 0x00, 0x02, 0x5E, 0xC1, 0xEB,
    0xF5, 0xD6, 0x89, 0x1B, 0x00, 0x00, 0x00, 0x00, 0x00, 0x00, 0x00, 0x35, 0xE3, 0xD6, 0x1F, 0x00,
    0x00, 0x00, 0x00, 0x00, 0x00, 0x00, 0x00, 0x93, 0xFF, 0xFF, 0x6F, 0x00, 0x00, 0x00, 0x00, 0x00,
    0x00, 0x00, 0x00, 0x37, 0xE4, 0xD8, 0x20, 0x00, 0x00, 0x00, 0x00, 0x00, 0x00, 0x00, 0x00, 0x00,
    0x00, 0x00, 0x00, 0x00, 0x00, 0x00, 0x00, 0x00, 0x00, 0x00, 0x00, 0x00, 0x00, 0x00, 0x00, 0x00,
    0x00, 0x00, 0x00, 0x88, 0xFF, 0xFF, 0xFF, 0xFF, 0xFF, 0xFF, 0xFF, 0xFF, 0xFF, 0xFF, 0x70, 0x74,
    0xDC, 0xDC, 0xDC, 0xDC, 0xDC, 0xDC, 0xDC, 0xDC, 0xDC, 0xDC, 0x60, 0x00, 0x00, 0x00, 0x00, 0x00,
    0x00, 0x00, 0x00, 0x00, 0x00, 0x00, 0x00, 0x00, 0x00, 0x00, 0x00, 0x00, 0x00, 0x00, 0x00, 0x00,
    0x00, 0x00, 0x00, 0x00, 0x00, 0x00, 0x00, 0x37, 0xE4, 0xD8, 0x20, 0x00, 0x00, 0x00, 0x00, 0x00,
    0x00, 0x00, 0x00, 0x93, 0xFF, 0xFF, 0x6F, 0x00, 0x00, 0x00, 0x00, 0x00, 0x00, 0x00, 0x00, 0x36,
    0xE4, 0xD8, 0x20, 0x00, 0x00, 0x00, 0x00, 0x00, 0x00, 0x00, 0x00, 0x00, 0x00, 0x00, 0x00, 0x00,
    0x00, 0x00, 0x15, 0x51, 0x00, 0x00, 0x00, 0x00, 0x02, 0x5E, 0xC1, 0xEA, 0xF4, 0xD6, 0x88, 0x22,
    0xC5, 0xFD, 0x2A, 0x00, 0x00, 0x0C, 0xB7, 0xFF, 0xFF, 0xF3, 0xE8, 0xFF, 0xFF, 0xFF, 0xFF, 0x7C,
    0x00, 0x00, 0x00, 0xA0, 0xFF, 0xE6, 0x46, 0x00, 0x00, 0x1C, 0xFF, 0xFF, 0xFF, 0x18, 0x00, 0x00,
    0x2D, 0xFF, 0xFC, 0x30, 0x00, 0x00, 0x00, 0x5D, 0xFF, 0xFF, 0xFF, 0x90, 0x00, 0x00, 0x84, 0xFF,
    0xB1, 0x00, 0x00, 0x00, 0x3D, 0xF9, 0xDB, 0x60, 0xFF, 0xE8, 0x00, 0x00, 0xAE, 0xFF, 0x74, 0x00,
    0x00, 0x25, 0xEC, 0xED, 0x26, 0x0D, 0xFF, 0xFF, 0x11, 0x00, 0xC1, 0xFF, 0x61, 0x00, 0x12, 0xDA,
    0xFA, 0x40, 0x00, 0x00, 0xFA, 0xFF, 0x25, 0x00, 0xAE, 0xFF, 0x73, 0x06, 0xC0, 0xFF, 0x60, 0x00,
    0x00, 0x0C, 0xFF, 0xFF, 0x11, 0x00, 0x85, 0xFF, 0xB0, 0xA0, 0xFF, 0x85, 0x00, 0x00, 0x00, 0x4B,
    0xFF, 0xE8, 0x00, 0x00, 0x2E, 0xFF, 0xFF, 0xFF, 0xA9, 0x01, 0x00, 0x00, 0x02, 0xC3, 0xFF, 0x91,
    0x00, 0x00, 0x00, 0xF9, 0xFF, 0xFF, 0x4D, 0x00, 0x00, 0x1A, 0xAA, 0xFF, 0xEC, 0x18, 0x00, 0x00,
    0x38, 0xFF, 0xFF, 0xFF, 0xFF, 0xF3, 0xE7, 0xFE, 0xFF, 0xEB, 0x3D, 0x00, 0x00, 0x00, 0xC1, 0xF1,
    0x2E, 0x5E, 0xC1, 0xEB, 0xF5, 0xD6, 0x89, 0x1B, 0x00, 0x00, 0x00, 0x00, 0x10, 0x38, 0x00, 0x00,
    0x00, 0x00, 0x00, 0x00, 0x00, 0x00, 0x00, 0x00, 0x00, 0x00, 0x00, 0x00, 0xA0, 0xFF, 0x9D, 0x00,
    0x00, 0x00, 0x00, 0x00, 0x00, 0x00, 0x00, 0x00, 0x0A, 0xD5, 0xFD, 0x2C, 0x00, 0x00, 0x00, 0x00,
    0x00, 0x00, 0x00, 0x00, 0x00, 0x2B, 0xF5, 0xB5, 0x00, 0x00, 0x00, 0x00, 0x00, 0x00, 0x00, 0x00,
    0x00, 0x00, 0x00, 0x00, 0x00, 0x00, 0x00, 0x00, 0x00, 0x00, 0x00, 0x00, 0x00, 0x00, 0x00, 0x00,
    0x00, 0x00, 0x00, 0x00, 0x00, 0x24, 0xFF, 0xF8, 0x00, 0x00, 0x00, 0x00, 0x00, 0x00, 0xC8, 0xFF,
    0x58, 0x24, 0xFF, 0xF8, 0x00, 0x00, 0x00, 0x00, 0x00, 0x00, 0xC8, 0xFF, 0x58, 0x24, 0xFF, 0xF8,
    0x00, 0x00, 0x00, 0x00, 0x00, 0x00, 0xC8, 0xFF, 0x58, 0x24, 0xFF, 0xF8, 0x00, 0x00, 0x00, 0x00,
    0x00, 0x00, 0xC8, 0xFF, 0x58, 0x24, 0xFF, 0xF8, 0x00, 0x00, 0x00, 0x00, 0x00, 0x00, 0xC8, 0xFF,
    0x58, 0x24, 0xFF, 0xF8, 0x00, 0x00, 0x00, 0x00, 0x00, 0x00, 0xC8, 0xFF, 0x58, 0x24, 0xFF, 0xF8,
    0x00, 0x00, 0x00, 0x00, 0x00, 0x00, 0xC8, 0xFF, 0x58, 0x24, 0xFF, 0xF8, 0x00, 0x00, 0x00, 0x00,
    0x00, 0x00, 0xCA, 0xFF, 0x58, 0x1E, 0xFF, 0xFF, 0x0C, 0x00, 0x00, 0x00, 0x00, 0x00, 0xEA, 0xFF,
    0x58, 0x08, 0xFB, 0xFF, 0x4D, 0x00, 0x00, 0x00, 0x00, 0x40, 0xFF, 0xFF, 0x58, 0x00, 0xBB, 0xFF,
    0xE1, 0x38, 0x00, 0x01, 0x46, 0xE3, 0xE8, 0xFF, 0x58, 0x00, 0x30, 0xF4, 0xFF, 0xFF, 0xEE, 0xF3,
    0xFF, 0x9A, 0xB4, 0xFF, 0x58, 0x00, 0x00, 0x2A, 0xAC, 0xED, 0xF7, 0xD3, 0x6E, 0x01, 0xB4, 0xFF,
    0x58, 0x00, 0x00, 0x00, 0x00, 0x00, 0x00, 0x27, 0x80, 0x7B, 0x05, 0x00, 0x00, 0x00, 0x00, 0x00,
    0x00, 0x00, 0x00, 0xA9, 0xFF, 0x84, 0x00, 0x00, 0x00, 0x00, 0x00, 0x00, 0x00, 0x00, 0x23, 0xFC,
    0xD6, 0x07, 0x00, 0x00, 0x00, 0x00, 0x00, 0x00, 0x00, 0x00, 0x98, 0xFD, 0x39, 0x00, 0x00, 0x00,
    0x00, 0x00, 0x00, 0x00, 0x00, 0x00, 0x00, 0x00, 0x00, 0x00, 0x00, 0x00, 0x00, 0x00, 0x00, 0x00,
    0x00, 0x00, 0x00, 0x00, 0x00, 0x00, 0x00, 0x00, 0x00, 0x24, 0xFF, 0xF8, 0x00, 0x00, 0x00, 0x00,
    0x00, 0x00, 0xC8, 0xFF, 0x58, 0x24, 0xFF, 0xF8, 0x00, 0x00, 0x00, 0x00, 0x00, 0x00, 0xC8, 0xFF,
    0x58, 0x24, 0xFF, 0xF8, 0x00, 0x00, 0x00, 0x00, 0x00, 0x00, 0xC8, 0xFF, 0x58, 0x24, 0xFF, 0xF8,
    0x00, 0x00, 0x00, 0x00, 0x00, 0x00, 0xC8, 0xFF, 0x58, 0x24, 0xFF, 0xF8, 0x00, 0x00, 0x00, 0x00,
    0x00, 0x00, 0xC8, 0xFF, 0x58, 0x24, 0xFF, 0xF8, 0x00, 0x00, 0x00, 0x00, 0x00, 0x00, 0xC8, 0xFF,
    0x58, 0x24, 0xFF, 0xF8, 0x00, 0x00, 0x00, 0x00, 0x00, 0x00, 0xC8, 0xFF, 0x58, 0x24, 0xFF, 0xF8,
    0x00, 0x00, 0x00, 0x00, 0x00, 0x00, 0xCA, 0xFF, 0x58, 0x1E, 0xFF, 0xFF, 0x0C, 0x00, 0x00, 0x00,
    0x00, 0x00, 0xEA, 0xFF, 0x58, 0x08, 0xFB, 0xFF, 0x4D, 0x00, 0x00, 0x00, 0x00, 0x40, 0xFF, 0xFF,
    0x58, 0x00, 0xBB, 0xFF, 0xE1, 0x38, 0x00, 0x01, 0x46, 0xE3, 0xE8, 0xFF, 0x58, 0x00, 0x30, 0xF4,
    0xFF, 0xFF, 0xEE, 0xF3, 0xFF, 0x9A, 0xB4, 0xFF, 0x58, 0x00, 0x00, 0x2A, 0xAC, 0xED, 0xF7, 0xD3,
    0x6E, 0x01, 0xB4, 0xFF, 0x58, 0x00, 0x00, 0x00, 0x00, 0x62, 0xFE, 0xFF, 0x8D, 0x00, 0x00, 0x00,
    0x00, 0x00, 0x00, 0x00, 0x56, 0xFD, 0xB9, 0x92, 0xFF, 0x79, 0x00, 0x00, 0x00, 0x00, 0x00, 0x49,
    0xFA, 0xCD, 0x0C, 0x02, 0xAB, 0xFF, 0x66, 0x00, 0x00, 0x00, 0x00, 0x00, 0x00, 0x00, 0x00, 0x00,
    0x00, 0x00, 0x00, 0x00, 0x00, 0x00, 0x00, 0x00, 0x00, 0x00, 0x00, 0x00, 0x00, 0x00, 0x00, 0x00,
    0x00, 0x24, 0xFF, 0xF8, 0x00, 0x00, 0x00, 0x00, 0x00, 0x00, 0xC8, 0xFF, 0x58, 0x24, 0xFF, 0xF8,
    0x00, 0x00, 0x00, 0x00, 0x00, 0x00, 0xC8, 0xFF, 0x58, 0x24, 0xFF, 0xF8, 0x00, 0x00, 0x00, 0x00,
    0x00, 0x00, 0xC8, 0xFF, 0x58, 0x24, 0xFF, 0xF8, 0x00, 0x00, 0x00, 0x00, 0x00, 0x00, 0xC8, 0xFF,
    0x58, 0x24, 0xFF, 0xF8, 0x00, 0x00, 0x00, 0x00, 0x00, 0x00, 0xC8, 0xFF, 0x58, 0x24, 0xFF, 0xF8,
    0x00, 0x00, 0x00, 0x00, 0x00, 0x00, 0xC8, 0xFF, 0x58, 0x24, 0xFF, 0xF8, 0x00, 0x00, 0x00, 0x00,
    0x00, 0x00, 0xC8, 0xFF, 0x58, 0x24, 0xFF, 0xF8, 0x00, 0x00, 0x00, 0x00, 0x00, 0x00, 0xCA, 0xFF,
    0x58, 0x1E, 0xFF, 0xFF, 0x0C, 0x00, 0x00, 0x00, 0x00, 0x00, 0xEA, 0xFF, 0x58, 0x08, 0xFB, 0xFF,
    0x4D, 0x00, 0x00, 0x00, 0x00, 0x40, 0xFF, 0xFF, 0x58, 0x00, 0xBB, 0xFF, 0xE1, 0x38, 0x00, 0x01,
    0x46, 0xE3, 0xE8, 0xFF, 0x58, 0x00, 0x30, 0xF4, 0xFF, 0xFF, 0xEE, 0xF3, 0xFF, 0x9A, 0xB4, 0xFF,
    0x58, 0x00, 0x00, 0x2A, 0xAC, 0xED, 0xF7, 0xD3, 0x6E, 0x01, 0xB4, 0xFF, 0x58, 0x00, 0x00, 0x41,
    0xC9, 0x70, 0x00, 0x00, 0x4C, 0xCA, 0x64, 0x00, 0x00, 0x00, 0x00, 0xB7, 0xFF, 0xF7, 0x00, 0x00,
    0xC7, 0xFF, 0xE7, 0x00, 0x00, 0x00, 0x00, 0x5C, 0xF2, 0x95, 0x00, 0x00, 0x6A, 0xF3, 0x86, 0x00,
    0x00, 0x00, 0x00, 0x00, 0x00, 0x00, 0x00, 0x00, 0x00, 0x00, 0x00, 0x00, 0x00, 0x00, 0x00, 0x00,
    0x00, 0x00, 0x00, 0x00, 0x00, 0x00, 0x00, 0x00, 0x00, 0x24, 0xFF, 0xF8, 0x00, 0x00, 0x00, 0x00,
    0x00, 0x00, 0xC8, 0xFF, 0x58, 0x24, 0xFF, 0xF8, 0x00, 0x00, 0x00, 0x00, 0x00, 0x00, 0xC8, 0xFF,
    0x58, 0x24, 0xFF, 0xF8, 0x00, 0x00, 0x00, 0x00, 0x00, 0x00, 0xC8, 0xFF, 0x58, 0x24, 0xFF, 0xF8,
    0x00, 0x00, 0x00, 0x00, 0x00, 0x00, 0xC8, 0xFF, 0x58, 0x24, 0xFF, 0xF8, 0x00, 0x00, 0x00, 0x00,
    0x00, 0x00, 0xC8, 0xFF, 0x58, 0x24, 0xFF, 0xF8, 0x00, 0x00, 0x00, 0x00, 0x00, 0x00, 0xC8, 0xFF,
    0x58, 0x24, 0xFF, 0xF8, 0x00, 0x00, 0x00, 0x00, 0x00, 0x00, 0xC8, 0xFF, 0x58, 0x24, 0xFF, 0xF8,
    0x00, 0x00, 0x00, 0x00, 0x00, 0x00, 0xCA, 0xFF, 0x58, 0x1E, 0xFF, 0xFF, 0x0C, 0x00, 0x00, 0x00,
    0x00, 0x00, 0xEA, 0xFF, 0x58, 0x08, 0xFB, 0xFF, 0x4D, 0x00, 0x00, 0x00, 0x00, 0x40, 0xFF, 0xFF,
    0x58, 0x00, 0xBB, 0xFF, 0xE1, 0x38, 0x00, 0x01, 0x46, 0xE3, 0xE8, 0xFF, 0x58, 0x00, 0x30, 0xF4,
    0xFF, 0xFF, 0xEE, 0xF3, 0xFF, 0x9A, 0xB4, 0xFF, 0x58, 0x00, 0x00, 0x2A, 0xAC, 0xED, 0xF7, 0xD3,
    0x6E, 0x01, 0xB4, 0xFF, 0x58, 0x00, 0x00, 0x00, 0x00, 0x00, 0x00, 0x00, 0x53, 0x80, 0x55, 0x00,
    0x00, 0x00, 0x00, 0x00, 0x00, 0x00, 0x00, 0x00, 0x0F, 0xF1, 0xFB, 0x31, 0x00, 0x00, 0x00, 0x00,
    0x00, 0x00, 0x00, 0x00, 0x00, 0x79, 0xFF, 0x85, 0x00, 0x00, 0x00, 0x00, 0x00, 0x00, 0x00, 0x00,
    0x00, 0x07, 0xE8, 0xD7, 0x07, 0x00, 0x00, 0x00, 0x00, 0x00, 0x00, 0x00, 0x00, 0x00, 0x00, 0x00,
    0x00, 0x00, 0x00, 0x00, 0x00, 0x00, 0x00, 0x00, 0x00, 0x00, 0x00, 0x00, 0x00, 0x00, 0x00, 0x00,
    0x00, 0x00, 0x00, 0x2C, 0xFF, 0xFE, 0x1E, 0x00, 0x00, 0x00, 0x00, 0x00, 0x00, 0x9F, 0xFF, 0xAA,
    0x00, 0xCA, 0xFF, 0x79, 0x00, 0x00, 0x00, 0x00, 0x00, 0x08, 0xF1, 0xFF, 0x48, 0x00, 0x69, 0xFF,
    0xD5, 0x00, 0x00, 0x00, 0x00, 0x00, 0x57, 0xFF, 0xE3, 0x02, 0x00, 0x10, 0xF7, 0xFF, 0x31, 0x00,
    0x00, 0x00, 0x00, 0xB4, 0xFF, 0x84, 0x00, 0x00, 0x00, 0xA7, 0xFF, 0x8D, 0x00, 0x00, 0x00, 0x14,
    0xFB, 0xFE, 0x23, 0x00, 0x00, 0x00, 0x46, 0xFF, 0xE6, 0x02, 0x00, 0x00, 0x6C, 0xFF, 0xBF, 0x00,
    0x00, 0x00, 0x00, 0x02, 0xE2, 0xFF, 0x44, 0x00, 0x00, 0xC9, 0xFF, 0x5D, 0x00, 0x00, 0x00, 0x00,
    0x00, 0x84, 0xFF, 0xA0, 0x00, 0x24, 0xFF, 0xF1, 0x09, 0x00, 0x00, 0x00, 0x00, 0x00, 0x24, 0xFF,
    0xEF, 0x04, 0x7A, 0xFF, 0x98, 0x00, 0x00, 0x00, 0x00, 0x00, 0x00, 0x00, 0xC2, 0xFF, 0x42, 0xCA,
    0xFF, 0x36, 0x00, 0x00, 0x00, 0x00, 0x00, 0x00, 0x00, 0x61, 0xFF, 0xA0, 0xFE, 0xD4, 0x00, 0x00,
    0x00, 0x00, 0x00, 0x00, 0x00, 0x00, 0x0C, 0xF4, 0xFD, 0xFF, 0x72, 0x00, 0x00, 0x00, 0x00, 0x00,
    0x00, 0x00, 0x00, 0x00, 0x9F, 0xFF, 0xFA, 0x15, 0x00, 0x00, 0x00, 0x00, 0x00, 0x00, 0x00, 0x00,
    0x00, 0x7B, 0xFF, 0xAD, 0x00, 0x00, 0x00, 0x00, 0x00, 0x00, 0x00, 0x00, 0x00, 0x00, 0xD4, 0xFF,
    0x4B, 0x00, 0x00, 0x00, 0x00, 0x00, 0x00, 0x00, 0x00, 0x00, 0x6B, 0xFF, 0xD4, 0x02, 0x00, 0x00,
    0x00, 0x00, 0x00, 0x00, 0x06, 0xE4, 0xE8, 0xFF, 0xF9, 0x40, 0x00, 0x00, 0x00, 0x00, 0x00, 0x00,
    0x00, 0x33, 0xF1, 0xF3, 0xC2, 0x3F, 0x00, 0x00, 0x00, 0x00, 0x00, 0x00, 0x00, 0x24, 0xFF, 0xF8,
    0x00, 0x00, 0x00, 0x00, 0x00, 0x00, 0x00, 0x00, 0x00, 0x00, 0x24, 0xFF, 0xF8, 0x00, 0x00, 0x00,
    0x00, 0x00, 0x00, 0x00, 0x00, 0x00, 0x00, 0x24, 0xFF, 0xF8, 0x00, 0x00, 0x00, 0x00, 0x00, 0x00,
    0x00, 0x00, 0x00, 0x00, 0x24, 0xFF, 0xF8, 0x00, 0x00, 0x00, 0x00, 0x00, 0x00, 0x00, 0x00, 0x00,
    0x00, 0x24, 0xFF, 0xF8, 0x00, 0x50, 0xCA, 0xF5, 0xEC, 0xC0, 0x55, 0x00, 0x00, 0x00, 0x24, 0xFF,
    0xF8, 0x5A, 0xFF, 0xFA, 0xE3, 0xF8, 0xFF, 0xFF, 0x9C, 0x01, 0x00, 0x24, 0xFF, 0xFE, 0xF4, 0x8B,
    0x0D, 0x00, 0x04, 0x66, 0xF9, 0xFF, 0x6A, 0x00, 0x24, 0xFF, 0xFF, 0xB2, 0x00, 0x00, 0x00, 0x00,
    0x00, 0x6D, 0xFF, 0xE9, 0x03, 0x24, 0xFF, 0xFF, 0x3E, 0x00, 0x00, 0x00, 0x00, 0x00, 0x06, 0xF3,
    0xFF, 0x3E, 0x24, 0xFF, 0xFF, 0x0E, 0x00, 0x00, 0x00, 0x00, 0x00, 0x00, 0xC1, 0xFF, 0x63, 0x24,
    0xFF, 0xF7, 0x00, 0x00, 0x00, 0x00, 0x00, 0x00, 0x00, 0xB1, 0xFF, 0x75, 0x24, 0xFF, 0xFF, 0x11,
    0x00, 0x00, 0x00, 0x00, 0x00, 0x00, 0xC5, 0xFF, 0x63, 0x24, 0xFF, 0xFF, 0x45, 0x00, 0x00, 0x00,
    0x00, 0x00, 0x0A, 0xF7, 0xFF, 0x3E, 0x24, 0xFF, 0xFF, 0xBB, 0x00, 0x00, 0x00, 0x00, 0x00, 0x77,
    0xFF, 0xEA, 0x03, 0x24, 0xFF, 0xFD, 0xF1, 0x92, 0x0F, 0x00, 0x05, 0x6C, 0xFB, 0xFF, 0x6C, 0x00,
    0x24, 0xFF, 0xF8, 0x53, 0xFE, 0xFA, 0xE2, 0xF8, 0xFF, 0xFF, 0x9E, 0x01, 0x00, 0x24, 0xFF, 0xF8,
    0x00, 0x4A, 0xC7, 0xF5, 0xED, 0xC1, 0x58, 0x00, 0x00, 0x00, 0x24, 0xFF, 0xF8, 0x00, 0x00, 0x00,
    0x00, 0x00, 0x00, 0x00, 0x00, 0x00, 0x00, 0x24, 0xFF, 0xF8, 0x00, 0x00, 0x00, 0x00, 0x00, 0x00,
    0x00, 0x00, 0x00, 0x00, 0x24, 0xFF, 0xF8, 0x00, 0x00, 0x00, 0x00, 0x00, 0x00, 0x00, 0x00, 0x00,
    0x00, 0x24, 0xFF, 0xF8, 0x00, 0x00, 0x00, 0x00, 0x00, 0x00, 0x00, 0x00, 0x00, 0x00, 0x24, 0xFF,
    0xF8, 0x00, 0x00, 0x00, 0x00, 0x00, 0x00, 0x00, 0x00, 0x00, 0x00, 0x00, 0x00, 0x00, 0x83, 0xC6,
    0x32, 0x00, 0x00, 0x8F, 0xC3, 0x28, 0x00, 0x00, 0x00, 0x00, 0x0F, 0xFF, 0xFF, 0x9F, 0x00, 0x1F,
    0xFF, 0xFF, 0x8F, 0x00, 0x00, 0x00, 0x00, 0x00, 0xAB, 0xEE, 0x49, 0x00, 0x03, 0xB7, 0xEB, 0x3D,
    0x00, 0x00, 0x00, 0x00, 0x00, 0x00, 0x00, 0x00, 0x00, 0x00, 0x00, 0x00, 0x00, 0x00, 0x00, 0x00,
    0x00, 0x00, 0x00, 0x00, 0x00, 0x00, 0x00, 0x00, 0x00, 0x00, 0x00, 0x00, 0x2C, 0xFF, 0xFE, 0x1E,
    0x00, 0x00, 0x00, 0x00, 0x00, 0x00, 0x9F, 0xFF, 0xAA, 0x00, 0xCA, 0xFF, 0x79, 0x00, 0x00, 0x00,
    0x00, 0x00, 0x08, 0xF1, 0xFF, 0x48, 0x00, 0x69, 0xFF, 0xD5, 0x00, 0x00, 0x00, 0x00, 0x00, 0x57,
    0xFF, 0xE3, 0x02, 0x00, 0x10, 0xF7, 0xFF, 0x31, 0x00, 0x00, 0x00, 0x00, 0xB4, 0xFF, 0x84, 0x00,
    0x00, 0x00, 0xA7, 0xFF, 0x8D, 0x00, 0x00, 0x00, 0x14, 0xFB, 0xFE, 0x23, 0x00, 0x00, 0x00, 0x46,
    0xFF, 0xE6, 0x02, 0x00, 0x00, 0x6C, 0xFF, 0xBF, 0x00, 0x00, 0x00, 0x00, 0x02, 0xE2, 0xFF, 0x44,
    0x00, 0x00, 0xC9, 0xFF, 0x5D, 0x00, 0x00, 0x00, 0x00, 0x00, 0x84, 0xFF, 0xA0, 0x00, 0x24, 0xFF,
    0xF1, 0x09, 0x00, 0x00, 0x00, 0x00, 0x00, 0x24, 0xFF, 0xEF, 0x04, 0x7A, 0xFF, 0x98, 0x00, 0x00,
    0x00, 0x00, 0x00, 0x00, 0x00, 0xC2, 0xFF, 0x42, 0xCA, 0xFF, 0x36, 0x00, 0x00, 0x00, 0x00, 0x00,
    0x00, 0x00, 0x61, 0xFF, 0xA0, 0xFE, 0xD4, 0x00, 0x00, 0x00, 0x00, 0x00, 0x00, 0x00, 0x00, 0x0C,
    0xF4, 0xFD, 0xFF, 0x72, 0x00, 0x00, 0x00, 0x00, 0x00, 0x00, 0x00, 0x00, 0x00, 0x9F, 0xFF, 0xFA,
    0x15, 0x00, 0x00, 0x00, 0x00, 0x00, 0x00, 0x00, 0x00, 0x00, 0x7B, 0xFF, 0xAD, 0x00, 0x00, 0x00,
    0x00, 0x00, 0x00, 0x00, 0x00, 0x00, 0x00, 0xD4, 0xFF, 0x4B, 0x00, 0x00, 0x00, 0x00, 0x00, 0x00,
    0x00, 0x00, 0x00, 0x6B, 0xFF, 0xD4, 0x02, 0x00, 0x00, 0x00, 0x00, 0x00, 0x00, 0x06, 0xE4, 0xE8,
    0xFF, 0xF9, 0x40, 0x00, 0x00, 0x00, 0x00, 0x00, 0x00, 0x00, 0x33, 0xF1, 0xF3, 0xC2, 0x3F, 0x00,
    0x00, 0x00, 0x00, 0x00, 0x00, 0x00, 0x00, 0x00, 0x00, 0x00, 0x00, 0xD5, 0xDC, 0xDC, 0xDC, 0xDC,
    0xDC, 0x74, 0x00, 0x00, 0x00, 0x00, 0x00, 0x00, 0x00, 0x00, 0x00, 0xF8, 0xFF, 0xFF, 0xFF, 0xFF,
    0xFF, 0x88, 0x00, 0x00, 0x00, 0x00, 0x00, 0x00, 0x00, 0x00, 0x00, 0x00, 0x00, 0x00, 0x00, 0x00,
    0x00, 0x00, 0x00, 0x00, 0x00, 0x00, 0x00, 0x00, 0x00, 0x00, 0x00, 0x00, 0x00, 0x00, 0x00, 0x00,
    0x00, 0x00, 0x00, 0x00, 0x00, 0x00, 0x00, 0x00, 0x00, 0x00, 0x00, 0x00, 0x00, 0x00, 0x00, 0x00,
    0x00, 0x00, 0x00, 0x00, 0x00, 0x00, 0x00, 0x00, 0x00, 0x00, 0x00, 0x00, 0x3C, 0xFF, 0xFF, 0xB7,
    0x00, 0x00, 0x00, 0x00, 0x00, 0x00, 0x00, 0x00, 0x00, 0x00, 0x00, 0x00, 0x9C, 0xFF, 0xFD, 0xFD,
    0x1B, 0x00, 0x00, 0x00, 0x00, 0x00, 0x00, 0x00, 0x00, 0x00, 0x00, 0x09, 0xF1, 0xF7, 0x98, 0xFF,
    0x79, 0x00, 0x00, 0x00, 0x00, 0x00, 0x00, 0x00, 0x00, 0x00, 0x00, 0x5B, 0xFF, 0xB2, 0x39, 0xFF,
    0xD9, 0x00, 0x00, 0x00, 0x00, 0x00, 0x00, 0x00, 0x00, 0x00, 0x00, 0xBA, 0xFF, 0x5E, 0x01, 0xE4,
    0xFF, 0x3A, 0x00, 0x00, 0x00, 0x00, 0x00, 0x00, 0x00, 0x00, 0x1C, 0xFD, 0xF8, 0x0F, 0x00, 0x8E,
    0xFF, 0x9B, 0x00, 0x00, 0x00, 0x00, 0x00, 0x00, 0x00, 0x00, 0x79, 0xFF, 0xAD, 0x00, 0x00, 0x32,
    0xFF, 0xF1, 0x0A, 0x00, 0x00, 0x00, 0x00, 0x00, 0x00, 0x00, 0xD8, 0xFF, 0x4F, 0x00, 0x00, 0x00,
    0xD1, 0xFF, 0x5C, 0x00, 0x00, 0x00, 0x00, 0x00, 0x00, 0x38, 0xFF, 0xEA, 0x05, 0x00, 0x00, 0x00,
    0x6F, 0xFF, 0xBD, 0x00, 0x00, 0x00, 0x00, 0x00, 0x00, 0x98, 0xFF, 0x8F, 0x00, 0x00, 0x00, 0x00,
    0x13, 0xF9, 0xFE, 0x20, 0x00, 0x00, 0x00, 0x00, 0x07, 0xEF, 0xFF, 0xF3, 0xEC, 0xEC, 0xEC, 0xEC,
    0xEC, 0xFC, 0xFF, 0x7F, 0x00, 0x00, 0x00, 0x00, 0x57, 0xFF, 0xFF, 0xFF, 0xFF, 0xFF, 0xFF, 0xFF,
    0xFF, 0xFF, 0xFF, 0xDE, 0x01, 0x00, 0x00, 0x00, 0xB6, 0xFF, 0x80, 0x00, 0x00, 0x00, 0x00, 0x00,
    0x00, 0x07, 0xF0, 0xFF, 0x40, 0x00, 0x00, 0x19, 0xFC, 0xFF, 0x2A, 0x00, 0x00, 0x00, 0x00, 0x00,
    0x00, 0x00, 0x9E, 0xFF, 0xA1, 0x00, 0x00, 0x75, 0xFF, 0xD3, 0x00, 0x00, 0x00, 0x00, 0x00, 0x00,
    0x00, 0x00, 0x44, 0xFF, 0xF4, 0x0C, 0x00, 0xD4, 0xFF, 0x7D, 0x00, 0x00, 0x00, 0x00, 0x00, 0x00,
    0x00, 0x00, 0x03, 0xE7, 0xFF, 0x62, 0x34, 0xFF, 0xFF, 0x27, 0x00, 0x00, 0x00, 0x00, 0x00, 0x00,
    0x00, 0x00, 0x00, 0x91, 0xFF, 0xC3, 0x00, 0x00, 0x9A, 0xDC, 0xDC, 0xDC, 0xDC, 0xDC, 0xAF, 0x00,
    0x00, 0x00, 0x00, 0xB4, 0xFF, 0xFF, 0xFF, 0xFF, 0xFF, 0xCC, 0x00, 0x00, 0x00, 0x00, 0x00, 0x00,
    0x00, 0x00, 0x00, 0x00, 0x00, 0x00, 0x00, 0x00, 0x00, 0x00, 0x00, 0x00, 0x00, 0x00, 0x00, 0x00,
    0x00, 0x00, 0x00, 0x00, 0x00, 0x00, 0x00, 0x00, 0x00, 0x00, 0x00, 0x00, 0x00, 0x00, 0x00, 0x37,
    0xA4, 0xE1, 0xFA, 0xEA, 0xC1, 0x5F, 0x01, 0x00, 0x00, 0x75, 0xFE, 0xFF, 0xFD, 0xE6, 0xF4, 0xFF,
    0xFF, 0x9D, 0x00, 0x3B, 0xFF, 0xFF, 0x91, 0x12, 0x00, 0x00, 0x54, 0xFB, 0xFF, 0x3C, 0x1B, 0x71,
    0x7B, 0x00, 0x00, 0x00, 0x00, 0x00, 0xA3, 0xFF, 0x85, 0x00, 0x00, 0x00, 0x00, 0x00, 0x00, 0x00,
    0x00, 0x8F, 0xFF, 0x9C, 0x00, 0x00, 0x01, 0x34, 0x63, 0x8A, 0xA7, 0xCC, 0xFE, 0xFF, 0xA0, 0x01,
    0x77, 0xE3, 0xFF, 0xFF, 0xFF, 0xFE, 0xDB, 0xD1, 0xFF, 0xA0, 0x7C, 0xFF, 0xFC, 0x9A, 0x52, 0x27,
    0x08, 0x00, 0x7C, 0xFF, 0xA0, 0xDB, 0xFF, 0x60, 0x00, 0x00, 0x00, 0x00, 0x00, 0x88, 0xFF, 0xA0,
    0xE4, 0xFF, 0x3E, 0x00, 0x00, 0x00, 0x00, 0x08, 0xDA, 0xFF, 0xA0, 0xAE, 0xFF, 0xC0, 0x1F, 0x00,
    0x00, 0x28, 0xBB, 0xFE, 0xFF, 0xA0, 0x2A, 0xEF, 0xFF, 0xFE, 0xE7, 0xEA, 0xFF, 0xE7, 0x90, 0xFF,
    0xA0, 0x00, 0x21, 0x9F, 0xE4, 0xFA, 0xE8, 0xA0, 0x1C, 0x74, 0xFF, 0xA0, 0x00, 0x00, 0x00, 0x00,
    0x0C, 0x80, 0x3C, 0x00, 0x00, 0x00, 0x76, 0x52, 0x00, 0x00, 0x00, 0x00, 0x00, 0x00, 0x00, 0x00,
    0x04, 0xF1, 0xCA, 0x11, 0x00, 0x4F, 0xFF, 0x81, 0x00, 0x00, 0x00, 0x00, 0x00, 0x00, 0x00, 0x00,
    0x00, 0x7D, 0xFF, 0xF8, 0xE7, 0xFF, 0xEE, 0x1C, 0x00, 0x00, 0x00, 0x00, 0x00, 0x00, 0x00, 0x00,
    0x00, 0x01, 0x76, 0xE2, 0xF6, 0xBE, 0x2D, 0x00, 0x00, 0x00, 0x00, 0x00, 0x00, 0x00, 0x00, 0x00,
    0x00, 0x00, 0x00, 0x00, 0x00, 0x00, 0x00, 0x00, 0x00, 0x00, 0x00, 0x00, 0x00, 0x00, 0x00, 0x00,
    0x00, 0x00, 0x00, 0x00, 0x00, 0x00, 0x00, 0x00, 0x00, 0x00, 0x00, 0x00, 0x00, 0x00, 0x00, 0x00,
    0x00, 0x00, 0x3C, 0xFF, 0xFF, 0xB7, 0x00, 0x00, 0x00, 0x00, 0x00, 0x00, 0x00, 0x00, 0x00, 0x00,
    0x00, 0x00, 0x9C, 0xFF, 0xFD, 0xFD, 0x1B, 0x00, 0x00, 0x00, 0x00, 0x00, 0x00, 0x00, 0x00, 0x00,
    0x00, 0x09, 0xF1, 0xF7, 0x98, 0xFF, 0x79, 0x00, 0x00, 0x00, 0x00, 0x00, 0x00, 0x00, 0x00, 0x00,
    0x00, 0x5B, 0xFF, 0xB2, 0x39, 0xFF, 0xD9, 0x00, 0x00, 0x00, 0x00, 0x00, 0x00, 0x00, 0x00, 0x00,
    0x00, 0xBA, 0xFF, 0x5E, 0x01, 0xE4, 0xFF, 0x3A, 0x00, 0x00, 0x00, 0x00, 0x00, 0x00, 0x00, 0x00,
    0x1C, 0xFD, 0xF8, 0x0F, 0x00, 0x8E, 0xFF, 0x9B, 0x00, 0x00, 0x00, 0x00, 0x00, 0x00, 0x00, 0x00,
    0x79, 0xFF, 0xAD, 0x00, 0x00, 0x32, 0xFF, 0xF1, 0x0A, 0x00, 0x00, 0x00, 0x00, 0x00, 0x00, 0x00,
    0xD8, 0xFF, 0x4F, 0x00, 0x00, 0x00, 0xD1, 0xFF, 0x5C, 0x00, 0x00, 0x00, 0x00, 0x00, 0x00, 0x38,
    0xFF, 0xEA, 0x05, 0x00, 0x00, 0x00, 0x6F, 0xFF, 0xBD, 0x00, 0x00, 0x00, 0x00, 0x00, 0x00, 0x98,
    0xFF, 0x8F, 0x00, 0x00, 0x00, 0x00, 0x13, 0xF9, 0xFE, 0x20, 0x00, 0x00, 0x00, 0x00, 0x07, 0xEF,
    0xFF, 0xF3, 0xEC, 0xEC, 0xEC, 0xEC, 0xEC, 0xFC, 0xFF, 0x7F, 0x00, 0x00, 0x00, 0x00, 0x57, 0xFF,
    0xFF, 0xFF, 0xFF, 0xFF, 0xFF, 0xFF, 0xFF, 0xFF, 0xFF, 0xDE, 0x01, 0x00, 0x00, 0x00, 0xB6, 0xFF,
    0x80, 0x00, 0x00, 0x00, 0x00, 0x00, 0x00, 0x07, 0xF0, 0xFF, 0x40, 0x00, 0x00, 0x19, 0xFC, 0xFF,
    0x2A, 0x00, 0x00, 0x00, 0x00, 0x00, 0x00, 0x00, 0x9E, 0xFF, 0xA1, 0x00, 0x00, 0x75, 0xFF, 0xD3,
    0x00, 0x00, 0x00, 0x00, 0x00, 0x00, 0x00, 0x00, 0x44, 0xFF, 0xF4, 0x0C, 0x00, 0xD4, 0xFF, 0x7D,
    0x00, 0x00, 0x00, 0x00, 0x00, 0x00, 0x00, 0x00, 0x03, 0xE7, 0xFF, 0x62, 0x34, 0xFF, 0xFF, 0x27,
    0x00, 0x00, 0x00, 0x00, 0x00, 0x00, 0x00, 0x00, 0x00, 0x91, 0xFF, 0xC3, 0x00, 0x00, 0x6A, 0x5E,
    0x00, 0x00, 0x00, 0x54, 0x74, 0x00, 0x00, 0x00, 0x00, 0xB2, 0xF2, 0x2D, 0x00, 0x22, 0xE8, 0xC5,
    0x00, 0x00, 0x00, 0x00, 0x3D, 0xFC, 0xFD, 0xE5, 0xFC, 0xFF, 0x4F, 0x00, 0x00, 0x00, 0x00, 0x00,
    0x49, 0xCF, 0xF8, 0xD5, 0x55, 0x00, 0x00, 0x00, 0x00, 0x00, 0x00, 0x00, 0x00, 0x00, 0x00, 0x00,
    0x00, 0x00, 0x00, 0x00, 0x00, 0x00, 0x00, 0x00, 0x00, 0x00, 0x00, 0x00, 0x00, 0x00, 0x00, 0x00,
    0x37, 0xA4, 0xE1, 0xFA, 0xEA, 0xC1, 0x5F, 0x01, 0x00, 0x00, 0x75, 0xFE, 0xFF, 0xFD, 0xE6, 0xF4,
    0xFF, 0xFF, 0x9D, 0x00, 0x3B, 0xFF, 0xFF, 0x91, 0x12, 0x00, 0x00, 0x54, 0xFB, 0xFF, 0x3C, 0x1B,
    0x71, 0x7B, 0x00, 0x00, 0x00, 0x00, 0x00, 0xA3, 0xFF, 0x85, 0x00, 0x00, 0x00, 0x00, 0x00, 0x00,
    0x00, 0x00, 0x8F, 0xFF, 0x9C, 0x00, 0x00, 0x01, 0x34, 0x63, 0x8A, 0xA7, 0xCC, 0xFE, 0xFF, 0xA0,
    0x01, 0x77, 0xE3, 0xFF, 0xFF, 0xFF, 0xFE, 0xDB, 0xD1, 0xFF, 0xA0, 0x7C, 0xFF, 0xFC, 0x9A, 0x52,
    0x27, 0x08, 0x00, 0x7C, 0xFF, 0xA0, 0xDB, 0xFF, 0x60, 0x00, 0x00, 0x00, 0x00, 0x00, 0x88, 0xFF,
    0xA0, 0xE4, 0xFF, 0x3E, 0x00, 0x00, 0x00, 0x00, 0x08, 0xDA, 0xFF, 0xA0, 0xAE, 0xFF, 0xC0, 0x1F,
    0x00, 0x00, 0x28, 0xBB, 0xFE, 0xFF, 0xA0, 0x2A, 0xEF, 0xFF, 0xFE, 0xE7, 0xEA, 0xFF, 0xE7, 0x90,
    0xFF, 0xA0, 0x00, 0x21, 0x9F, 0xE4, 0xFA, 0xE8, 0xA0, 0x1C, 0x74, 0xFF, 0xA0, 0x00, 0x00, 0x00,
    0x00, 0x00, 0x00, 0x3C, 0xFF, 0xFF, 0xB7, 0x00, 0x00, 0x00, 0x00, 0x00, 0x00, 0x00, 0x00, 0x00,
    0x00, 0x00, 0x00, 0x00, 0x9C, 0xFF, 0xFD, 0xFD, 0x1B, 0x00, 0x00, 0x00, 0x00, 0x00, 0x00, 0x00,
    0x00, 0x00, 0x00, 0x00, 0x09, 0xF1, 0xF7, 0x98, 0xFF, 0x79, 0x00, 0x00, 0x00, 0x00, 0x00, 0x00,
    0x00, 0x00, 0x00, 0x00, 0x00, 0x5B, 0xFF, 0xB2, 0x39, 0xFF, 0xD9, 0x00, 0x00, 0x00, 0x00, 0x00,
    0x00, 0x00, 0x00, 0x00, 0x00, 0x00, 0xBA, 0xFF, 0x5E, 0x01, 0xE4, 0xFF, 0x3A, 0x00, 0x00, 0x00,
    0x00, 0x00, 0x00, 0x00, 0x00, 0x00, 0x1C, 0xFD, 0xF8, 0x0F, 0x00, 0x8E, 0xFF, 0x9B, 0x00, 0x00,
    0x00, 0x00, 0x00, 0x00, 0x00, 0x00, 0x00, 0x79, 0xFF, 0xAD, 0x00, 0x00, 0x32, 0xFF, 0xF1, 0x0A,
    0x00, 0x00, 0x00, 0x00, 0x00, 0x00, 0x00, 0x00, 0xD8, 0xFF, 0x4F, 0x00, 0x00, 0x00, 0xD1, 0xFF,
    0x5C, 0x00, 0x00, 0x00, 0x00, 0x00, 0x00, 0x00, 0x38, 0xFF, 0xEA, 0x05, 0x00, 0x00, 0x00, 0x6F,
    0xFF, 0xBD, 0x00, 0x00, 0x00, 0x00, 0x00, 0x00, 0x00, 0x98, 0xFF, 0x8F, 0x00, 0x00, 0x00, 0x00,
    0x13, 0xF9, 0xFE, 0x20, 0x00, 0x00, 0x00, 0x00, 0x00, 0x07, 0xEF, 0xFF, 0xF3, 0xEC, 0xEC, 0xEC,
    0xEC, 0xEC, 0xFC, 0xFF, 0x7F, 0x00, 0x00, 0x00, 0x00, 0x00, 0x57, 0xFF, 0xFF, 0xFF, 0xFF, 0xFF,
    0xFF, 0xFF, 0xFF, 0xFF, 0xFF, 0xDE, 0x01, 0x00, 0x00, 0x00, 0x00, 0xB6, 0xFF, 0x80, 0x00, 0x00,
    0x00, 0x00, 0x00, 0x00, 0x07, 0xF0, 0xFF, 0x40, 0x00, 0x00, 0x00, 0x19, 0xFC, 0xFF, 0x2A, 0x00,
    0x00, 0x00, 0x00, 0x00, 0x00, 0x00, 0x9E, 0xFF, 0xA1, 0x00, 0x00, 0x00, 0x75, 0xFF, 0xD3, 0x00,
    0x00, 0x00, 0x00, 0x00, 0x00, 0x00, 0x00, 0x44, 0xFF, 0xF4, 0x0C, 0x00, 0x00, 0xD4, 0xFF, 0x7D,
    0x00, 0x00, 0x00, 0x00, 0x00, 0x00, 0x00, 0x00, 0x03, 0xE7, 0xFF, 0x62, 0x00, 0x34, 0xFF, 0xFF,
    0x27, 0x00, 0x00, 0x00, 0x00, 0x00, 0x00, 0x00, 0x00, 0x00, 0xAB, 0xFF, 0xE9, 0x00, 0x00, 0x00,
    0x00, 0x00, 0x00, 0x00, 0x00, 0x00, 0x00, 0x00, 0x00, 0x00, 0x2B, 0xEA, 0xEB, 0x41, 0x00, 0x00,
    0x00, 0x00, 0x00, 0x00, 0x00, 0x00, 0x00, 0x00, 0x00, 0x00, 0x00, 0xD0, 0xFF, 0x3E, 0x00, 0x00,
    0x00, 0x00, 0x00, 0x00, 0x00, 0x00, 0x00, 0x00, 0x00, 0x00, 0x00, 0x17, 0xFF, 0xFF, 0x1E, 0x05,
    0x03, 0x00, 0x00, 0x00, 0x00, 0x00, 0x00, 0x00, 0x00, 0x00, 0x00, 0x00, 0x04, 0xEF, 0xFF, 0xF6,
    0xF2, 0x56, 0x00, 0x00, 0x00, 0x00, 0x00, 0x00, 0x00, 0x00, 0x00, 0x00, 0x00, 0x00, 0x3D, 0xCA,
    0xF6, 0xDE, 0x66, 0x00, 0x00, 0x37, 0xA4, 0xE1, 0xFA, 0xEA, 0xC1, 0x5F, 0x01, 0x00, 0x00, 0x00,
    0x75, 0xFE, 0xFF, 0xFD, 0xE6, 0xF4, 0xFF, 0xFF, 0x9D, 0x00, 0x00, 0x3B, 0xFF, 0xFF, 0x91, 0x12,
    0x00, 0x00, 0x54, 0xFB, 0xFF, 0x3C, 0x00, 0x1B, 0x71, 0x7B, 0x00, 0x00, 0x00, 0x00, 0x00, 0xA3,
    0xFF, 0x85, 0x00, 0x00, 0x00, 0x00, 0x00, 0x00, 0x00, 0x00, 0x00, 0x8F, 0xFF, 0x9C, 0x00, 0x00,
    0x00, 0x01, 0x34, 0x63, 0x8A, 0xA7, 0xCC, 0xFE, 0xFF, 0xA0, 0x00, 0x01, 0x77, 0xE3, 0xFF, 0xFF,
    0xFF, 0xFE, 0xDB, 0xD1, 0xFF, 0xA0, 0x00, 0x7C, 0xFF, 0xFC, 0x9A, 0x52, 0x27, 0x08, 0x00, 0x7C,
    0xFF, 0xA0, 0x00, 0xDB, 0xFF, 0x60, 0x00, 0x00, 0x00, 0x00, 0x00, 0x88, 0xFF, 0xA0, 0x00, 0xE4,
    0xFF, 0x3E, 0x00, 0x00, 0x00, 0x00, 0x08, 0xDA, 0xFF, 0xA0, 0x00, 0xAE, 0xFF, 0xC0, 0x1F, 0x00,
    0x00, 0x28, 0xBB, 0xFE, 0xFF, 0xA0, 0x00, 0x2A, 0xEF, 0xFF, 0xFE, 0xE7, 0xEA, 0xFF, 0xE7, 0x90,
    0xFF, 0xA0, 0x00, 0x00, 0x21, 0x9F, 0xE4, 0xFA, 0xE8, 0xA0, 0x1C, 0x8D, 0xFF, 0xA4, 0x00, 0x00,
    0x00, 0x00, 0x00, 0x00, 0x00, 0x00, 0x53, 0xF6, 0xD1, 0x25, 0x00, 0x00, 0x00, 0x00, 0x00, 0x00,
    0x00, 0x20, 0xF8, 0xE0, 0x0D, 0x00, 0x00, 0x00, 0x00, 0x00, 0x00, 0x00, 0x00, 0x67, 0xFF, 0xC5,
    0x01, 0x07, 0x00, 0x00, 0x00, 0x00, 0x00, 0x00, 0x00, 0x44, 0xFF, 0xFF, 0xED, 0xED, 0x0F, 0x00,
    0x00, 0x00, 0x00, 0x00, 0x00, 0x00, 0x74, 0xE1, 0xF5, 0xC8, 0x2C, 0x00, 0x00, 0x00, 0x00, 0x00,
    0x00, 0x00, 0x00, 0x1D, 0x80, 0x7E, 0x0C, 0x00, 0x00, 0x00, 0x00, 0x00, 0x00, 0x00, 0x00, 0x00,
    0x00, 0x00, 0x00, 0x95, 0xFF, 0x98, 0x00, 0x00, 0x00, 0x00, 0x00, 0x00, 0x00, 0x00, 0x00, 0x00,
    0x00, 0x00, 0x15, 0xF6, 0xE3, 0x0E, 0x00, 0x00, 0x00, 0x00, 0x00, 0x00, 0x00, 0x00, 0x00, 0x00,
    0x00, 0x00, 0x84, 0xFF, 0x4B, 0x00, 0x00, 0x00, 0x00, 0x00, 0x00, 0x00, 0x00, 0x00, 0x00, 0x00,
    0x00, 0x00, 0x00, 0x00, 0x00, 0x00, 0x00, 0x00, 0x00, 0x00, 0x00, 0x00, 0x00, 0x00, 0x00, 0x00,
    0x00, 0x00, 0x00, 0x00, 0x00, 0x00, 0x00, 0x00, 0x00, 0x00, 0x00, 0x00, 0x00, 0x00, 0x00, 0x23,
    0x8D, 0xD3, 0xF5, 0xF7, 0xDF, 0xA5, 0x4A, 0x00, 0x00, 0x00, 0x00, 0x00, 0x00, 0x00, 0x6A, 0xFA,
    0xFF, 0xFF, 0xF2, 0xE4, 0xFB, 0xFF, 0xFF, 0xBB, 0x12, 0x00, 0x00, 0x00, 0x00, 0x82, 0xFF, 0xFE,
    0x95, 0x25, 0x00, 0x00, 0x0D, 0x60, 0xE4, 0xFF, 0xD2, 0x0A, 0x00, 0x00, 0x3D, 0xFD, 0xFE, 0x58,
    0x00, 0x00, 0x00, 0x00, 0x00, 0x00, 0x1A, 0xE1, 0xFF, 0x8A, 0x00, 0x00, 0xC1, 0xFF, 0x94, 0x00,
    0x00, 0x00, 0x00, 0x00, 0x00, 0x00, 0x00, 0x53, 0xFF, 0xEE, 0x04, 0x1E, 0xFE, 0xFF, 0x1F, 0x00,
    0x00, 0x00, 0x00, 0x00, 0x00, 0x00, 0x00, 0x06, 0x60, 0x60, 0x0F, 0x5B, 0xFF, 0xCF, 0x00, 0x00,
    0x00, 0x00, 0x00, 0x00, 0x00, 0x00, 0x00, 0x00, 0x00, 0x00, 0x00, 0x76, 0xFF, 0xAF, 0x00, 0x00,
    0x00, 0x00, 0x00, 0x00, 0x00, 0x00, 0x00, 0x00, 0x00, 0x00, 0x00, 0x89, 0xFF, 0x9D, 0x00, 0x00,
    0x00, 0x00, 0x00, 0x00, 0x00, 0x00, 0x00, 0x00, 0x00, 0x00, 0x00, 0x77, 0xFF, 0xAF, 0x00, 0x00,
    0x00, 0x00, 0x00, 0x00, 0x00, 0x00, 0x00, 0x00, 0x00, 0x00, 0x00, 0x5C, 0xFF, 0xD0, 0x00, 0x00,
    0x00, 0x00, 0x00, 0x00, 0x00, 0x00, 0x00, 0x00, 0x00, 0x00, 0x00, 0x20, 0xFE, 0xFF, 0x20, 0x00,
    0x00, 0x00, 0x00, 0x00, 0x00, 0x00, 0x00, 0x06, 0x64, 0x64, 0x0F, 0x00, 0xC3, 0xFF, 0x96, 0x00,
    0x00, 0x00, 0x00, 0x00, 0x00, 0x00, 0x00, 0x54, 0xFF, 0xEE, 0x04, 0x00, 0x40, 0xFD, 0xFE, 0x58,
    0x00, 0x00, 0x00, 0x00, 0x00, 0x00, 0x1A, 0xE1, 0xFF, 0x89, 0x00, 0x00, 0x00, 0x83, 0xFF, 0xFE,
    0x93, 0x24, 0x00, 0x00, 0x0C, 0x5E, 0xE4, 0xFF, 0xD3, 0x0B, 0x00, 0x00, 0x00, 0x00, 0x6C, 0xFA,
    0xFF, 0xFF, 0xF1, 0xE4, 0xFB, 0xFF, 0xFF, 0xBD, 0x13, 0x00, 0x00, 0x00, 0x00, 0x00, 0x00, 0x24,
    0x8F, 0xD3, 0xF6, 0xF7, 0xE0, 0xA7, 0x4E, 0x00, 0x00, 0x00, 0x00, 0x00, 0x00, 0x00, 0x00, 0x00,
    0x00, 0x1B, 0x80, 0x7F, 0x0D, 0x00, 0x00, 0x00, 0x00, 0x00, 0x00, 0x00, 0x00, 0x91, 0xFF, 0x9C,
    0x00, 0x00, 0x00, 0x00, 0x00, 0x00, 0x00, 0x00, 0x13, 0xF4, 0xE5, 0x10, 0x00, 0x00, 0x00, 0x00,
    0x00, 0x00, 0x00, 0x00, 0x80, 0xFF, 0x4F, 0x00, 0x00, 0x00, 0x00, 0x00, 0x00, 0x00, 0x00, 0x00,
    0x00, 0x00, 0x00, 0x00, 0x00, 0x00, 0x00, 0x00, 0x00, 0x00, 0x00, 0x00, 0x00, 0x00, 0x00, 0x00,
    0x00, 0x00, 0x00, 0x00, 0x00, 0x02, 0x5E, 0xC1, 0xEA, 0xF4, 0xD3, 0x85, 0x17, 0x00, 0x00, 0x00,
    0x0C, 0xB7, 0xFF, 0xFF, 0xF3, 0xE8, 0xFF, 0xFF, 0xEB, 0x36, 0x00, 0x00, 0xA0, 0xFF, 0xE6, 0x46,
    0x00, 0x00, 0x1C, 0xAD, 0xFF, 0xEA, 0x0C, 0x2D, 0xFF, 0xFC, 0x30, 0x00, 0x00, 0x00, 0x00, 0x03,
    0xCA, 0xC7, 0x38, 0x84, 0xFF, 0xB1, 0x00, 0x00, 0x00, 0x00, 0x00, 0x00, 0x01, 0x00, 0x00, 0xAE,
    0xFF, 0x74, 0x00, 0x00, 0x00, 0x00, 0x00, 0x00, 0x00, 0x00, 0x00, 0xC1, 0xFF, 0x61, 0x00, 0x00,
    0x00, 0x00, 0x00, 0x00, 0x00, 0x00, 0x00, 0xAE, 0xFF, 0x73, 0x00, 0x00, 0x00, 0x00, 0x00, 0x00,
    0x00, 0x00, 0x00, 0x85, 0xFF, 0xB0, 0x00, 0x00, 0x00, 0x00, 0x00, 0x00, 0x0A, 0x00, 0x00, 0x2E,
    0xFF, 0xFC, 0x2E, 0x00, 0x00, 0x00, 0x00, 0x02, 0xC8, 0xE2, 0x47, 0x00, 0xA2, 0xFF, 0xE4, 0x44,
    0x00, 0x00, 0x19, 0xA7, 0xFF, 0xED, 0x0E, 0x00, 0x0D, 0xB8, 0xFF, 0xFF, 0xF3, 0xE7, 0xFE, 0xFF,
    0xED, 0x37, 0x00, 0x00, 0x00, 0x02, 0x5E, 0xC1, 0xEB, 0xF4, 0xD3, 0x88, 0x19, 0x00, 0x00, 0x00,
    0x00, 0x00, 0x00, 0x00, 0x00, 0x51, 0xFC, 0xFF, 0xA0, 0x01, 0x00, 0x00, 0x00, 0x00, 0x00, 0x00,
    0x00, 0x00, 0x00, 0x00, 0x46, 0xF9, 0xC8, 0x83, 0xFF, 0x8D, 0x00, 0x00, 0x00, 0x00, 0x00, 0x00,
    0x00, 0x00, 0x00, 0x3A, 0xF5, 0xDA, 0x14, 0x00, 0x99, 0xFF, 0x79, 0x00, 0x00, 0x00, 0x00, 0x00,
    0x00, 0x00, 0x00, 0x00, 0x00, 0x00, 0x00, 0x00, 0x00, 0x00, 0x00, 0x00, 0x00, 0x00, 0x00, 0x00,
    0x00, 0x00, 0x00, 0x00, 0x00, 0x00, 0x00, 0x00, 0x00, 0x00, 0x00, 0x00, 0x00, 0x00, 0x00, 0x00,
    0x00, 0x00, 0x00, 0x23, 0x8D, 0xD3, 0xF5, 0xF7, 0xDF, 0xA5, 0x4A, 0x00, 0x00, 0x00, 0x00, 0x00,
    0x00, 0x00, 0x6A, 0xFA, 0xFF, 0xFF, 0xF2, 0xE4, 0xFB, 0xFF, 0xFF, 0xBB, 0x12, 0x00, 0x00, 0x00,
    0x00, 0x82, 0xFF, 0xFE, 0x95, 0x25, 0x00, 0x00, 0x0D, 0x60, 0xE4, 0xFF, 0xD2, 0x0A, 0x00, 0x00,
    0x3D, 0xFD, 0xFE, 0x58, 0x00, 0x00, 0x00, 0x00, 0x00, 0x00, 0x1A, 0xE1, 0xFF, 0x8A, 0x00, 0x00,
    0xC1, 0xFF, 0x94, 0x00, 0x00, 0x00, 0x00, 0x00, 0x00, 0x00, 0x00, 0x53, 0xFF, 0xEE, 0x04, 0x1E,
    0xFE, 0xFF, 0x1F, 0x00, 0x00, 0x00, 0x00, 0x00, 0x00, 0x00, 0x00, 0x06, 0x60, 0x60, 0x0F, 0x5B,
    0xFF, 0xCF, 0x00, 0x00, 0x00, 0x00, 0x00, 0x00, 0x00, 0x00, 0x00, 0x00, 0x00, 0x00, 0x00, 0x76,
    0xFF, 0xAF, 0x00, 0x00, 0x00, 0x00, 0x00, 0x00, 0x00, 0x00, 0x00, 0x00, 0x00, 0x00, 0x00, 0x89,
    0xFF, 0x9D, 0x00, 0x00, 0x00, 0x00, 0x00, 0x00, 0x00, 0x00, 0x00, 0x00, 0x00, 0x00, 0x00, 0x77,
    0xFF, 0xAF, 0x00, 0x00, 0x00, 0x00, 0x00, 0x00, 0x00, 0x00, 0x00, 0x00, 0x00, 0x00, 0x00, 0x5C,
    0xFF, 0xD0, 0x00, 0x00, 0x00, 0x00, 0x00, 0x00, 0x00, 0x00, 0x00, 0x00, 0x00, 0x00, 0x00, 0x20,
    0xFE, 0xFF, 0x20, 0x00, 0x00, 0x00, 0x00, 0x00, 0x00, 0x00, 0x00, 0x06, 0x64, 0x64, 0x0F, 0x00,
    0xC3, 0xFF, 0x96, 0x00, 0x00, 0x00, 0x00, 0x00, 0x00, 0x00, 0x00, 0x54, 0xFF, 0xEE, 0x04, 0x00,
    0x40, 0xFD, 0xFE, 0x58, 0x00, 0x00, 0x00, 0x00, 0x00, 0x00, 0x1A, 0xE1, 0xFF, 0x89, 0x00, 0x00,
    0x00, 0x83, 0xFF, 0xFE, 0x93, 0x24, 0x00, 0x00, 0x0C, 0x5E, 0xE4, 0xFF, 0xD3, 0x0B, 0x00, 0x00,
    0x00, 0x00, 0x6C, 0xFA, 0xFF, 0xFF, 0xF1, 0xE4, 0xFB, 0xFF, 0xFF, 0xBD, 0x13, 0x00, 0x00, 0x00,
    0x00, 0x00, 0x00, 0x24, 0x8F, 0xD3, 0xF6, 0xF7, 0xE0, 0xA7, 0x4E, 0x00, 0x00, 0x00, 0x00, 0x00,
    0x00, 0x00, 0x00, 0x4E, 0xFB, 0xFF, 0xA3, 0x01, 0x00, 0x00, 0x00, 0x00, 0x00, 0x00, 0x43, 0xF8,
    0xCA, 0x80, 0xFF, 0x91, 0x00, 0x00, 0x00, 0x00, 0x00, 0x38, 0xF4, 0xDC, 0x16, 0x00, 0x95, 0xFF,
    0x7D, 0x00, 0x00, 0x00, 0x00, 0x00, 0x00, 0x00, 0x00, 0x00, 0x00, 0x00, 0x00, 0x00, 0x00, 0x00,
    0x00, 0x00, 0x00, 0x00, 0x00, 0x00, 0x00, 0x00, 0x00, 0x00, 0x00, 0x00, 0x00, 0x02, 0x5E, 0xC1,
    0xEA, 0xF4, 0xD3, 0x85, 0x17, 0x00, 0x00, 0x00, 0x0C, 0xB7, 0xFF, 0xFF, 0xF3, 0xE8, 0xFF, 0xFF,
    0xEB, 0x36, 0x00, 0x00, 0xA0, 0xFF, 0xE6, 0x46, 0x00, 0x00, 0x1C, 0xAD, 0xFF, 0xEA, 0x0C, 0x2D,
    0xFF, 0xFC, 0x30, 0x00, 0x00, 0x00, 0x00, 0x03, 0xCA, 0xC7, 0x38, 0x84, 0xFF, 0xB1, 0x00, 0x00,
    0x00, 0x00, 0x00, 0x00, 0x01, 0x00, 0x00, 0xAE, 0xFF, 0x74, 0x00, 0x00, 0x00, 0x00, 0x00, 0x00,
    0x00, 0x00, 0x00, 0xC1, 0xFF, 0x61, 0x00, 0x00, 0x00, 0x00, 0x00, 0x00, 0x00, 0x00, 0x00, 0xAE,
    0xFF, 0x73, 0x00, 0x00, 0x00, 0x00, 0x00, 0x00, 0x00, 0x00, 0x00, 0x85, 0xFF, 0xB0, 0x00, 0x00,
    0x00, 0x00, 0x00, 0x00, 0x0A, 0x00, 0x00, 0x2E, 0xFF, 0xFC, 0x2E, 0x00, 0x00, 0x00, 0x00, 0x02,
    0xC8, 0xE2, 0x47, 0x00, 0xA2, 0xFF, 0xE4, 0x44, 0x00, 0x00, 0x19, 0xA7, 0xFF, 0xED, 0x0E, 0x00,
    0x0D, 0xB8, 0xFF, 0xFF, 0xF3, 0xE7, 0xFE, 0xFF, 0xED, 0x37, 0x00, 0x00, 0x00, 0x02, 0x5E, 0xC1,
    0xEB, 0xF4, 0xD3, 0x88, 0x19, 0x00, 0x00, 0x00, 0x00, 0x00, 0x00, 0x00, 0x00, 0x04, 0x9E, 0xC2,
    0x2C, 0x00, 0x00, 0x00, 0x00, 0x00, 0x00, 0x00, 0x00, 0x00, 0x00, 0x00, 0x00, 0x3B, 0xFF, 0xFF,
    0x9A, 0x00, 0x00, 0x00, 0x00, 0x00, 0x00, 0x00, 0x00, 0x00, 0x00, 0x00, 0x00, 0x0B, 0xC6, 0xEA,
    0x41, 0x00, 0x00, 0x00, 0x00, 0x00, 0x00, 0x00, 0x00, 0x00, 0x00, 0x00, 0x00, 0x00, 0x00, 0x00,
    0x00, 0x00, 0x00, 0x00, 0x00, 0x00, 0x00, 0x00, 0x00, 0x00, 0x00, 0x00, 0x00, 0x00, 0x00, 0x00,
    0x00, 0x00, 0x00, 0x00, 0x00, 0x00, 0x00, 0x00, 0x00, 0x00, 0x00, 0x23, 0x8D, 0xD3, 0xF5, 0xF7,
    0xDF, 0xA5, 0x4A, 0x00, 0x00, 0x00, 0x00, 0x00, 0x00, 0x00, 0x6A, 0xFA, 0xFF, 0xFF, 0xF2, 0xE4,
    0xFB, 0xFF, 0xFF, 0xBB, 0x12, 0x00, 0x00, 0x00, 0x00, 0x82, 0xFF, 0xFE, 0x95, 0x25, 0x00, 0x00,
    0x0D, 0x60, 0xE4, 0xFF, 0xD2, 0x0A, 0x00, 0x00, 0x3D, 0xFD, 0xFE, 0x58, 0x00, 0x00, 0x00, 0x00,
    0x00, 0x00, 0x1A, 0xE1, 0xFF, 0x8A, 0x00, 0x00, 0xC1, 0xFF, 0x94, 0x00, 0x00, 0x00, 0x00, 0x00,
    0x00, 0x00, 0x00, 0x53, 0xFF, 0xEE, 0x04, 0x1E, 0xFE, 0xFF, 0x1F, 0x00, 0x00, 0x00, 0x00, 0x00,
    0x00, 0x00, 0x00, 0x06, 0x60, 0x60, 0x0F, 0x5B, 0xFF, 0xCF, 0x00, 0x00, 0x00, 0x00, 0x00, 0x00,
    0x00, 0x00, 0x00, 0x00, 0x00, 0x00, 0x00, 0x76, 0xFF, 0xAF, 0x00, 0x00, 0x00, 0x00, 0x00, 0x00,
    0x00, 0x00, 0x00, 0x00, 0x00, 0x00, 0x00, 0x89, 0xFF, 0x9D, 0x00, 0x00, 0x00, 0x00, 0x00, 0x00,
    0x00, 0x00, 0x00, 0x00, 0x00, 0x00, 0x00, 0x77, 0xFF, 0xAF, 0x00, 0x00, 0x00, 0x00, 0x00, 0x00,
    0x00, 0x00, 0x00, 0x00, 0x00, 0x00, 0x00, 0x5C, 0xFF, 0xD0, 0x00, 0x00, 0x00, 0x00, 0x00, 0x00,
    0x00, 0x00, 0x00, 0x00, 0x00, 0x00, 0x00, 0x20, 0xFE, 0xFF, 0x20, 0x00, 0x00, 0x00, 0x00, 0x00,
    0x00, 0x00, 0x00, 0x06, 0x64, 0x64, 0x0F, 0x00, 0xC3, 0xFF, 0x96, 0x00, 0x00, 0x00, 0x00, 0x00,
    0x00, 0x00, 0x00, 0x54, 0xFF, 0xEE, 0x04, 0x00, 0x40, 0xFD, 0xFE, 0x58, 0x00, 0x00, 0x00, 0x00,
    0x00, 0x00, 0x1A, 0xE1, 0xFF, 0x89, 0x00, 0x00, 0x00, 0x83, 0xFF, 0xFE, 0x93, 0x24, 0x00, 0x00,
    0x0C, 0x5E, 0xE4, 0xFF, 0xD3, 0x0B, 0x00, 0x00, 0x00, 0x00, 0x6C, 0xFA, 0xFF, 0xFF, 0xF1, 0xE4,
    0xFB, 0xFF, 0xFF, 0xBD, 0x13, 0x00, 0x00, 0x00, 0x00, 0x00, 0x00, 0x24, 0x8F, 0xD3, 0xF6, 0xF7,
    0xE0, 0xA7, 0x4E, 0x00, 0x00, 0x00, 0x00, 0x00, 0x00, 0x00, 0x00, 0x03, 0x9B, 0xC3, 0x2E, 0x00,
    0x00, 0x00, 0x00, 0x00, 0x00, 0x00, 0x00, 0x37, 0xFF, 0xFF, 0x9E, 0x00, 0x00, 0x00, 0x00, 0x00,
    0x00, 0x00, 0x00, 0x09, 0xC3, 0xEB, 0x44, 0x00, 0x00, 0x00, 0x00, 0x00, 0x00, 0x00, 0x00, 0x00,
    0x00, 0x00, 0x00, 0x00, 0x00, 0x00, 0x00, 0x00, 0x00, 0x00, 0x00, 0x00, 0x00, 0x00, 0x00, 0x00,
    0x00, 0x00, 0x00, 0x00, 0x00, 0x02, 0x5E, 0xC1, 0xEA, 0xF4, 0xD3, 0x85, 0x17, 0x00, 0x00, 0x00,
    0x0C, 0xB7, 0xFF, 0xFF, 0xF3, 0xE8, 0xFF, 0xFF, 0xEB, 0x36, 0x00, 0x00, 0xA0, 0xFF, 0xE6, 0x46,
    0x00, 0x00, 0x1C, 0xAD, 0xFF, 0xEA, 0x0C, 0x2D, 0xFF, 0xFC, 0x30, 0x00, 0x00, 0x00, 0x00, 0x03,
    0xCA, 0xC7, 0x38, 0x84, 0xFF, 0xB1, 0x00, 0x00, 0x00, 0x00, 0x00, 0x00, 0x01, 0x00, 0x00, 0xAE,
    0xFF, 0x74, 0x00, 0x00, 0x00, 0x00, 0x00, 0x00, 0x00, 0x00, 0x00, 0xC1, 0xFF, 0x61, 0x00, 0x00,
    0x00, 0x00, 0x00, 0x00, 0x00, 0x00, 0x00, 0xAE, 0xFF, 0x73, 0x00, 0x00, 0x00, 0x00, 0x00, 0x00,
    0x00, 0x00, 0x00, 0x85, 0xFF, 0xB0, 0x00, 0x00, 0x00, 0x00, 0x00, 0x00, 0x0A, 0x00, 0x00, 0x2E,
    0xFF, 0xFC, 0x2E, 0x00, 0x00, 0x00, 0x00, 0x02, 0xC8, 0xE2, 0x47, 0x00, 0xA2, 0xFF, 0xE4, 0x44,
    0x00, 0x00, 0x19, 0xA7, 0xFF, 0xED, 0x0E, 0x00, 0x0D, 0xB8, 0xFF, 0xFF, 0xF3, 0xE7, 0xFE, 0xFF,
    0xED, 0x37, 0x00, 0x00, 0x00, 0x02, 0x5E, 0xC1, 0xEB, 0xF4, 0xD3, 0x88, 0x19, 0x00, 0x00, 0x00,
    0x00, 0x00, 0x00, 0x2F, 0xF0, 0xD8, 0x12, 0x00, 0x97, 0xFF, 0x8B, 0x00, 0x00, 0x00, 0x00, 0x00,
    0x00, 0x00, 0x00, 0x00, 0x3D, 0xF6, 0xC4, 0x7D, 0xFF, 0x98, 0x00, 0x00, 0x00, 0x00, 0x00, 0x00,
    0x00, 0x00, 0x00, 0x00, 0x00, 0x4D, 0xFB, 0xFF, 0xA4, 0x02, 0x00, 0x00, 0x00, 0x00, 0x00, 0x00,
    0x00, 0x00, 0x00, 0x00, 0x00, 0x00, 0x00, 0x00, 0x00, 0x00, 0x00, 0x00, 0x00, 0x00, 0x00, 0x00,
    0x00, 0x00, 0x00, 0x00, 0x00, 0x00, 0x00, 0x00, 0x00, 0x00, 0x00, 0x00, 0x00, 0x00, 0x00, 0x00,
    0x00, 0x00, 0x00, 0x23, 0x8D, 0xD3, 0xF5, 0xF7, 0xDF, 0xA5, 0x4A, 0x00, 0x00, 0x00, 0x00, 0x00,
    0x00, 0x00, 0x6A, 0xFA, 0xFF, 0xFF, 0xF2, 0xE4, 0xFB, 0xFF, 0xFF, 0xBB, 0x12, 0x00, 0x00, 0x00,
    0x00, 0x82, 0xFF, 0xFE, 0x95, 0x25, 0x00, 0x00, 0x0D, 0x60, 0xE4, 0xFF, 0xD2, 0x0A, 0x00, 0x00,
    0x3D, 0xFD, 0xFE, 0x58, 0x00, 0x00, 0x00, 0x00, 0x00, 0x00, 0x1A, 0xE1, 0xFF, 0x8A, 0x00, 0x00,
    0xC1, 0xFF, 0x94, 0x00, 0x00, 0x00, 0x00, 0x00, 0x00, 0x00, 0x00, 0x53, 0xFF, 0xEE, 0x04, 0x1E,
    0xFE, 0xFF, 0x1F, 0x00, 0x00, 0x00, 0x00, 0x00, 0x00, 0x00, 0x00, 0x06, 0x60, 0x60, 0x0F, 0x5B,
    0xFF, 0xCF, 0x00, 0x00, 0x00, 0x00, 0x00, 0x00, 0x00, 0x00, 0x00, 0x00, 0x00, 0x00, 0x00, 0x76,
    0xFF, 0xAF, 0x00, 0x00, 0x00, 0x00, 0x00, 0x00, 0x00, 0x00, 0x00, 0x00, 0x00, 0x00, 0x00, 0x89,
    0xFF, 0x9D, 0x00, 0x00, 0x00, 0x00, 0x00, 0x00, 0x00, 0x00, 0x00, 0x00, 0x00, 0x00, 0x00, 0x77,
    0xFF, 0xAF, 0x00, 0x00, 0x00, 0x00, 0x00, 0x00, 0x00, 0x00, 0x00, 0x00, 0x00, 0x00, 0x00, 0x5C,
    0xFF, 0xD0, 0x00, 0x00, 0x00, 0x00, 0x00, 0x00, 0x00, 0x00, 0x00, 0x00, 0x00, 0x00, 0x00, 0x20,
    0xFE, 0xFF, 0x20, 0x00, 0x00, 0x00, 0x00, 0x00, 0x00, 0x00, 0x00, 0x06, 0x64, 0x64, 0x0F, 0x00,
    0xC3, 0xFF, 0x96, 0x00, 0x00, 0x00, 0x00, 0x00, 0x00, 0x00, 0x00, 0x54, 0xFF, 0xEE, 0x04, 0x00,
    0x40, 0xFD, 0xFE, 0x58, 0x00, 0x00, 0x00, 0x00, 0x00, 0x00, 0x1A, 0xE1, 0xFF, 0x89, 0x00, 0x00,
    0x00, 0x83, 0xFF, 0xFE, 0x93, 0x24, 0x00, 0x00, 0x0C, 0x5E, 0xE4, 0xFF, 0xD3, 0x0B, 0x00, 0x00,
    0x00, 0x00, 0x6C, 0xFA, 0xFF, 0xFF, 0xF1, 0xE4, 0xFB, 0xFF, 0xFF, 0xBD, 0x13, 0x00, 0x00, 0x00,
    0x00, 0x00, 0x00, 0x24, 0x8F, 0xD3, 0xF6, 0xF7, 0xE0, 0xA7, 0x4E, 0x00, 0x00, 0x00, 0x00, 0x00,
    0x00, 0x2C, 0xEE, 0xDB, 0x14, 0x00, 0x93, 0xFF, 0x8F, 0x00, 0x00, 0x00, 0x00, 0x00, 0x3A, 0xF5,
    0xC7, 0x7A, 0xFF, 0x9C, 0x01, 0x00, 0x00, 0x00, 0x00, 0x00, 0x00, 0x4A, 0xFB, 0xFF, 0xA7, 0x02,
    0x00, 0x00, 0x00, 0x00, 0x00, 0x00, 0x00, 0x00, 0x00, 0x00, 0x00, 0x00, 0x00, 0x00, 0x00, 0x00,
    0x00, 0x00, 0x00, 0x00, 0x00, 0x00, 0x00, 0x00, 0x00, 0x00, 0x00, 0x00, 0x00, 0x02, 0x5E, 0xC1,
    0xEA, 0xF4, 0xD3, 0x85, 0x17, 0x00, 0x00, 0x00, 0x0C, 0xB7, 0xFF, 0xFF, 0xF3, 0xE8, 0xFF, 0xFF,
    0xEB, 0x36, 0x00, 0x00, 0xA0, 0xFF, 0xE6, 0x46, 0x00, 0x00, 0x1C, 0xAD, 0xFF, 0xEA, 0x0C, 0x2D,
    0xFF, 0xFC, 0x30, 0x00, 0x00, 0x00, 0x00, 0x03, 0xCA, 0xC7, 0x38, 0x84, 0xFF, 0xB1, 0x00, 0x00,
    0x00, 0x00, 0x00, 0x00, 0x01, 0x00, 0x00, 0xAE, 0xFF, 0x74, 0x00, 0x00, 0x00, 0x00, 0x00, 0x00,
    0x00, 0x00, 0x00, 0xC1, 0xFF, 0x61, 0x00, 0x00, 0x00, 0x00, 0x00, 0x00, 0x00, 0x00, 0x00, 0xAE,
    0xFF, 0x73, 0x00, 0x00, 0x00, 0x00, 0x00, 0x00, 0x00, 0x00, 0x00, 0x85, 0xFF, 0xB0, 0x00, 0x00,
    0x00, 0x00, 0x00, 0x00, 0x0A, 0x00, 0x00, 0x2E, 0xFF, 0xFC, 0x2E, 0x00, 0x00, 0x00, 0x00, 0x02,
    0xC8, 0xE2, 0x47, 0x00, 0xA2, 0xFF, 0xE4, 0x44, 0x00, 0x00, 0x19, 0xA7, 0xFF, 0xED, 0x0E, 0x00,
    0x0D, 0xB8, 0xFF, 0xFF, 0xF3, 0xE7, 0xFE, 0xFF, 0xED, 0x37, 0x00, 0x00, 0x00, 0x02, 0x5E, 0xC1,
    0xEB, 0xF4, 0xD3, 0x88, 0x19, 0x00, 0x00, 0x00, 0x23, 0xE7, 0xE3, 0x1C, 0x00, 0x84, 0xFF, 0x9F,
    0x00, 0x00, 0x00, 0x00, 0x00, 0x00, 0x00, 0x2F, 0xF0, 0xD1, 0x6F, 0xFF, 0xAA, 0x03, 0x00, 0x00,
    0x00, 0x00, 0x00, 0x00, 0x00, 0x00, 0x3E, 0xF7, 0xFF, 0xB4, 0x05, 0x00, 0x00, 0x00, 0x00, 0x00,
    0x00, 0x00, 0x00, 0x00, 0x00, 0x00, 0x00, 0x00, 0x00, 0x00, 0x00, 0x00, 0x00, 0x00, 0x00, 0x00,
    0x00, 0x00, 0x00, 0x00, 0x00, 0x00, 0x00, 0x00, 0x00, 0x00, 0x00, 0x00, 0x00, 0xE4, 0xFF, 0xFF,
    0xFF, 0xFF, 0xFF, 0xF5, 0xDA, 0xA3, 0x47, 0x00, 0x00, 0x00, 0x00, 0xE4, 0xFF, 0xE8, 0xDC, 0xDC,
    0xDD, 0xEE, 0xFF, 0xFF, 0xFF, 0xB3, 0x10, 0x00, 0x00, 0xE4, 0xFF, 0x58, 0x00, 0x00, 0x00, 0x00,
    0x18, 0x6C, 0xE8, 0xFF, 0xD8, 0x0C, 0x00, 0xE4, 0xFF, 0x58, 0x00, 0x00, 0x00, 0x00, 0x00, 0x00,
    0x1C, 0xDB, 0xFF, 0x9C, 0x00, 0xE4, 0xFF, 0x58, 0x00, 0x00, 0x00, 0x00, 0x00, 0x00, 0x00, 0x37,
    0xFF, 0xFE, 0x1F, 0xE4, 0xFF, 0x58, 0x00, 0x00, 0x00, 0x00, 0x00, 0x00, 0x00, 0x00, 0xBF, 0xFF,
    0x77, 0xE4, 0xFF, 0x58, 0x00, 0x00, 0x00, 0x00, 0x00, 0x00, 0x00, 0x00, 0x7A, 0xFF, 0xB1, 0xE4,
    0xFF, 0x58, 0x00, 0x00, 0x00, 0x00, 0x00, 0x00, 0x00, 0x00, 0x55, 0xFF, 0xCB, 0xE4, 0xFF, 0x58,
    0x00, 0x00, 0x00, 0x00, 0x00, 0x00, 0x00, 0x00, 0x48, 0xFF, 0xDD, 0xE4, 0xFF, 0x58, 0x00, 0x00,
    0x00, 0x00, 0x00, 0x00, 0x00, 0x00, 0x56, 0xFF, 0xC9, 0xE4, 0xFF, 0x58, 0x00, 0x00, 0x00, 0x00,
    0x00, 0x00, 0x00, 0x00, 0x7D, 0xFF, 0xB0, 0xE4, 0xFF, 0x58, 0x00, 0x00, 0x00, 0x00, 0x00, 0x00,
    0x00, 0x00, 0xC5, 0xFF, 0x74, 0xE4, 0xFF, 0x58, 0x00, 0x00, 0x00, 0x00, 0x00, 0x00, 0x00, 0x3E,
    0xFF, 0xFE, 0x1D, 0xE4, 0xFF, 0x58, 0x00, 0x00, 0x00, 0x00, 0x00, 0x00, 0x22, 0xE1, 0xFF, 0x99,
    0x00, 0xE4, 0xFF, 0x58, 0x00, 0x00, 0x00, 0x00, 0x1F, 0x76, 0xED, 0xFF, 0xD4, 0x0B, 0x00, 0xE4,
    0xFF, 0xE8, 0xDC, 0xDC, 0xDE, 0xEF, 0xFF, 0xFF, 0xFF, 0xAA, 0x0D, 0x00, 0x00, 0xE4, 0xFF, 0xFF,
    0xFF, 0xFF, 0xFE, 0xF4, 0xD5, 0x9B, 0x3F, 0x00, 0x00, 0x00, 0x00, 0x00, 0x00, 0x00, 0x00, 0x00,
    0x00, 0x00, 0x00, 0x00, 0x00, 0x00, 0x00, 0x00, 0x8C, 0xFF, 0x7B, 0x00, 0x00, 0x00, 0x00, 0x00,
    0x00, 0x00, 0x00, 0x00, 0x44, 0xFF, 0xD8, 0x00, 0x8C, 0xFF, 0x54, 0x00, 0x00, 0x00, 0x00, 0x00,
    0x00, 0x00, 0x00, 0x00, 0x44, 0xFF, 0xD8, 0x00, 0x8C, 0xFF, 0x2D, 0x00, 0x00, 0x00, 0x00, 0x00,
    0x00, 0x00, 0x00, 0x00, 0x44, 0xFF, 0xD8, 0x00, 0x8C, 0xFE, 0x09, 0x00, 0x00, 0x00, 0x00, 0x00,
    0x00, 0x00, 0x00, 0x00, 0x44, 0xFF, 0xD8, 0x00, 0x00, 0x00, 0x00, 0x00, 0x00, 0x0C, 0x78, 0xD3,
    0xF5, 0xED, 0xAA, 0x1F, 0x44, 0xFF, 0xD8, 0x00, 0x00, 0x00, 0x00, 0x00, 0x19, 0xD1, 0xFF, 0xFF,
    0xF0, 0xE6, 0xFF, 0xE3, 0x59, 0xFF, 0xD8, 0x00, 0x00, 0x00, 0x00, 0x00, 0xB9, 0xFF, 0xDD, 0x3B,
    0x00, 0x00, 0x24, 0xC1, 0xE7, 0xFF, 0xD8, 0x00, 0x00, 0x00, 0x00, 0x3C, 0xFF, 0xF9, 0x25, 0x00,
    0x00, 0x00, 0x00, 0x0F, 0xEF, 0xFF, 0xD8, 0x00, 0x00, 0x00, 0x00, 0x8C, 0xFF, 0xA9, 0x00, 0x00,
    0x00, 0x00, 0x00, 0x00, 0x8A, 0xFF, 0xD8, 0x00, 0x00, 0x00, 0x00, 0xB1, 0xFF, 0x71, 0x00, 0x00,
    0x00, 0x00, 0x00, 0x00, 0x5B, 0xFF, 0xD8, 0x00, 0x00, 0x00, 0x00, 0xC2, 0xFF, 0x61, 0x00, 0x00,
    0x00, 0x00, 0x00, 0x00, 0x44, 0xFF, 0xD8, 0x00, 0x00, 0x00, 0x00, 0xB0, 0xFF, 0x74, 0x00, 0x00,
    0x00, 0x00, 0x00, 0x00, 0x5E, 0xFF, 0xD8, 0x00, 0x00, 0x00, 0x00, 0x8B, 0xFF, 0xB1, 0x00, 0x00,
    0x00, 0x00, 0x00, 0x00, 0x92, 0xFF, 0xD8, 0x00, 0x00, 0x00, 0x00, 0x3A, 0xFF, 0xFC, 0x2C, 0x00,
    0x00, 0x00, 0x00, 0x13, 0xF3, 0xFF, 0xD8, 0x00, 0x00, 0x00, 0x00, 0x00, 0xB8, 0xFF, 0xE2, 0x3F,
    0x00, 0x00, 0x27, 0xC7, 0xE7, 0xFF, 0xD8, 0x00, 0x00, 0x00, 0x00, 0x00, 0x1A, 0xD3, 0xFF, 0xFF,
    0xF0, 0xE6, 0xFF, 0xE7, 0x4A, 0xFF, 0xD8, 0x00, 0x00, 0x00, 0x00, 0x00, 0x00, 0x0D, 0x7B, 0xD4,
    0xF5, 0xEE, 0xAA, 0x21, 0x30, 0xFF, 0xD8, 0x00, 0x00, 0x00, 0x00, 0x00, 0x00, 0x94, 0xFF, 0xFF,
    0xFF, 0xFF, 0xFF, 0xFA, 0xE5, 0xB7, 0x67, 0x0A, 0x00, 0x00, 0x00, 0x00, 0x00, 0x00, 0x94, 0xFF,
    0xF3, 0xDC, 0xDC, 0xDC, 0xE8, 0xFB, 0xFF, 0xFF, 0xDF, 0x33, 0x00, 0x00, 0x00, 0x00, 0x00, 0x94,
    0xFF, 0xA8, 0x00, 0x00, 0x00, 0x00, 0x09, 0x4B, 0xC8, 0xFF, 0xF8, 0x3C, 0x00, 0x00, 0x00, 0x00,
    0x94, 0xFF, 0xA8, 0x00, 0x00, 0x00, 0x00, 0x00, 0x00, 0x04, 0xA3, 0xFF, 0xDF, 0x0D, 0x00, 0x00,
    0x00, 0x94, 0xFF, 0xA8, 0x00, 0x00, 0x00, 0x00, 0x00, 0x00, 0x00, 0x09, 0xDD, 0xFF, 0x6E, 0x00,
    0x00, 0x00, 0x94, 0xFF, 0xA8, 0x00, 0x00, 0x00, 0x00, 0x00, 0x00, 0x00, 0x00, 0x6F, 0xFF, 0xC7,
    0x00, 0x00, 0x00, 0x94, 0xFF, 0xA8, 0x00, 0x00, 0x00, 0x00, 0x00, 0x00, 0x00, 0x00, 0x2A, 0xFF,
    0xFD, 0x04, 0xA8, 0xDC, 0xFF, 0xFF, 0xFF, 0xDC, 0xDC, 0xDC, 0xDC, 0x3D, 0x00, 0x00, 0x00, 0x05,
    0xFF, 0xFF, 0x1B, 0xC4, 0xFF, 0xFF, 0xFF, 0xFF, 0xFF, 0xFF, 0xFF, 0xFF, 0x48, 0x00, 0x00, 0x00,
    0x00, 0xF8, 0xFF, 0x2D, 0x00, 0x00, 0x94, 0xFF, 0xA8, 0x00, 0x00, 0x00, 0x00, 0x00, 0x00, 0x00,
    0x00, 0x05, 0xFF, 0xFF, 0x19, 0x00, 0x00, 0x94, 0xFF, 0xA8, 0x00, 0x00, 0x00, 0x00, 0x00, 0x00,
    0x00, 0x00, 0x2D, 0xFF, 0xFD, 0x03, 0x00, 0x00, 0x94, 0xFF, 0xA8, 0x00, 0x00, 0x00, 0x00, 0x00,
    0x00, 0x00, 0x00, 0x75, 0xFF, 0xC4, 0x00, 0x00, 0x00, 0x94, 0xFF, 0xA8, 0x00, 0x00, 0x00, 0x00,
    0x00, 0x00, 0x00, 0x0C, 0xE2, 0xFF, 0x6C, 0x00, 0x00, 0x00, 0x94, 0xFF, 0xA8, 0x00, 0x00, 0x00,
    0x00, 0x00, 0x00, 0x06, 0xAD, 0xFF, 0xDC, 0x0C, 0x00, 0x00, 0x00, 0x94, 0xFF, 0xA8, 0x00, 0x00,
    0x00, 0x00, 0x0E, 0x54, 0xCF, 0xFF, 0xF6, 0x38, 0x00, 0x00, 0x00, 0x00, 0x94, 0xFF, 0xF3, 0xDC,
    0xDC, 0xDC, 0xE9, 0xFD, 0xFF, 0xFF, 0xD9, 0x2E, 0x00, 0x00, 0x00, 0x00, 0x00, 0x94, 0xFF, 0xFF,
    0xFF, 0xFF, 0xFF, 0xF8, 0xE1, 0xB0, 0x60, 0x07, 0x00, 0x00, 0x00, 0x00, 0x00, 0x00, 0x00, 0x00,
    0x00, 0x00, 0xD4, 0xD8, 0xD8, 0xFF, 0xFF, 0xFF, 0xD8, 0x80, 0x00, 0x00, 0x00, 0x00, 0x00, 0x00,
    0xFC, 0xFF, 0xFF, 0xFF, 0xFF, 0xFF, 0xFF, 0x98, 0x00, 0x00, 0x00, 0x00, 0x00, 0x00, 0x00, 0x00,
    0x00, 0x44, 0xFF, 0xD8, 0x00, 0x00, 0x00, 0x00, 0x00, 0x00, 0x00, 0x00, 0x00, 0x00, 0x00, 0x44,
    0xFF, 0xD8, 0x00, 0x00, 0x00, 0x00, 0x0C, 0x78, 0xD3, 0xF5, 0xED, 0xAA, 0x1F, 0x44, 0xFF, 0xD8,
    0x00, 0x00, 0x00, 0x19, 0xD1, 0xFF, 0xFF, 0xF0, 0xE6, 0xFF, 0xE3, 0x59, 0xFF, 0xD8, 0x00, 0x00,
    0x00, 0xB9, 0xFF, 0xDD, 0x3B, 0x00, 0x00, 0x24, 0xC1, 0xE7, 0xFF, 0xD8, 0x00, 0x00, 0x3C, 0xFF,
    0xF9, 0x25, 0x00, 0x00, 0x00, 0x00, 0x0F, 0xEF, 0xFF, 0xD8, 0x00, 0x00, 0x8C, 0xFF, 0xA9, 0x00,
    0x00, 0x00, 0x00, 0x00, 0x00, 0x8A, 0xFF, 0xD8, 0x00, 0x00, 0xB1, 0xFF, 0x71, 0x00, 0x00, 0x00,
    0x00, 0x00, 0x00, 0x5B, 0xFF, 0xD8, 0x00, 0x00, 0xC2, 0xFF, 0x61, 0x00, 0x00, 0x00, 0x00, 0x00,
    0x00, 0x44, 0xFF, 0xD8, 0x00, 0x00, 0xB0, 0xFF, 0x74, 0x00, 0x00, 0x00, 0x00, 0x00, 0x00, 0x5E,
    0xFF, 0xD8, 0x00, 0x00, 0x8B, 0xFF, 0xB1, 0x00, 0x00, 0x00, 0x00, 0x00, 0x00, 0x92, 0xFF, 0xD8,
    0x00, 0x00, 0x3A, 0xFF, 0xFC, 0x2C, 0x00, 0x00, 0x00, 0x00, 0x13, 0xF3, 0xFF, 0xD8, 0x00, 0x00,
    0x00, 0xB8, 0xFF, 0xE2, 0x3F, 0x00, 0x00, 0x27, 0xC7, 0xE7, 0xFF, 0xD8, 0x00, 0x00, 0x00, 0x1A,
    0xD3, 0xFF, 0xFF, 0xF0, 0xE6, 0xFF, 0xE7, 0x4A, 0xFF, 0xD8, 0x00, 0x00, 0x00, 0x00, 0x0D, 0x7B,
    0xD4, 0xF5, 0xEE, 0xAA, 0x21, 0x30, 0xFF, 0xD8, 0x00, 0x00, 0x00, 0x00, 0xA5, 0xDC, 0xDC, 0xDC,
    0xDC, 0xDC, 0xA5, 0x00, 0x00, 0x00, 0x00, 0xC0, 0xFF, 0xFF, 0xFF, 0xFF, 0xFF, 0xC0, 0x00, 0x00,
    0x00, 0x00, 0x00, 0x00, 0x00, 0x00, 0x00, 0x00, 0x00, 0x00, 0x00, 0x00, 0x00, 0x00, 0x00, 0x00,
    0x00, 0x00, 0x00, 0x00, 0x00, 0x00, 0x00, 0x00, 0x00, 0x00, 0x00, 0x00, 0x00, 0x00, 0x00, 0x00,
    0x00, 0xE4, 0xFF, 0xFF, 0xFF, 0xFF, 0xFF, 0xFF, 0xFF, 0xFF, 0xFF, 0xC0, 0xE4, 0xFF, 0xE8, 0xDC,
    0xDC, 0xDC, 0xDC, 0xDC, 0xDC, 0xDC, 0xA5, 0xE4, 0xFF, 0x58, 0x00, 0x00, 0x00, 0x00, 0x00, 0x00,
    0x00, 0x00, 0xE4, 0xFF, 0x58, 0x00, 0x00, 0x00, 0x00, 0x00, 0x00, 0x00, 0x00, 0xE4, 0xFF, 0x58,
    0x00, 0x00, 0x00, 0x00, 0x00, 0x00, 0x00, 0x00, 0xE4, 0xFF, 0x58, 0x00, 0x00, 0x00, 0x00, 0x00,
    0x00, 0x00, 0x00, 0xE4, 0xFF, 0x58, 0x00, 0x00, 0x00, 0x00, 0x00, 0x00, 0x00, 0x00, 0xE4, 0xFF,
    0xE8, 0xDC, 0xDC, 0xDC, 0xDC, 0xDC, 0xDC, 0xDC, 0x25, 0xE4, 0xFF, 0xFF, 0xFF, 0xFF, 0xFF, 0xFF,
    0xFF, 0xFF, 0xFF, 0x2C, 0xE4, 0xFF, 0x58, 0x00, 0x00, 0x00, 0x00, 0x00, 0x00, 0x00, 0x00, 0xE4,
    0xFF, 0x58, 0x00, 0x00, 0x00, 0x00, 0x00, 0x00, 0x00, 0x00, 0xE4, 0xFF, 0x58, 0x00, 0x00, 0x00,
    0x00, 0x00, 0x00, 0x00, 0x00, 0xE4, 0xFF, 0x58, 0x00, 0x00, 0x00, 0x00, 0x00, 0x00, 0x00, 0x00,
    0xE4, 0xFF, 0x58, 0x00, 0x00, 0x00, 0x00, 0x00, 0x00, 0x00, 0x00, 0xE4, 0xFF, 0x58, 0x00, 0x00,
    0x00, 0x00, 0x00, 0x00, 0x00, 0x00, 0xE4, 0xFF, 0xE8, 0xDC, 0xDC, 0xDC, 0xDC, 0xDC, 0xDC, 0xDC,
    0xBD, 0xE4, 0xFF, 0xFF, 0xFF, 0xFF, 0xFF, 0xFF, 0xFF, 0xFF, 0xFF, 0xDC, 0x00, 0x00, 0x25, 0xDC,
    0xDC, 0xDC, 0xDC, 0xDC, 0xDC, 0x48, 0x00, 0x00, 0x00, 0x00, 0x2C, 0xFF, 0xFF, 0xFF, 0xFF, 0xFF,
    0xFF, 0x54, 0x00, 0x00, 0x00, 0x00, 0x00, 0x00, 0x00, 0x00, 0x00, 0x00, 0x00, 0x00, 0x00, 0x00,
    0x00, 0x00, 0x00, 0x00, 0x00, 0x00, 0x00, 0x00, 0x00, 0x00, 0x00, 0x00, 0x00, 0x00, 0x00, 0x00,
    0x00, 0x00, 0x00, 0x00, 0x00, 0x00, 0x00, 0x00, 0x00, 0x00, 0x03, 0x60, 0xC3, 0xEC, 0xF7, 0xD4,
    0x85, 0x14, 0x00, 0x00, 0x00, 0x0D, 0xB8, 0xFF, 0xFF, 0xEE, 0xEC, 0xFF, 0xFF, 0xE7, 0x2E, 0x00,
    0x00, 0xA2, 0xFF, 0xCC, 0x34, 0x00, 0x00, 0x21, 0xB8, 0xFF, 0xDF, 0x07, 0x2E, 0xFF, 0xE3, 0x10,
    0x00, 0x00, 0x00, 0x00, 0x09, 0xDA, 0xFF, 0x61, 0x84, 0xFF, 0x7F, 0x00, 0x00, 0x00, 0x00, 0x00,
    0x00, 0x7E, 0xFF, 0xA8, 0xAE, 0xFF, 0xE9, 0xDC, 0xDC, 0xDC, 0xDC, 0xDC, 0xDC, 0xE8, 0xFF, 0xC6,
    0xC1, 0xFF, 0xFF, 0xFF, 0xFF, 0xFF, 0xFF, 0xFF, 0xFF, 0xFF, 0xFF, 0xD3, 0xB0, 0xFF, 0x69, 0x00,
    0x00, 0x00, 0x00, 0x00, 0x00, 0x00, 0x00, 0x00, 0x88, 0xFF, 0x9E, 0x00, 0x00, 0x00, 0x00, 0x00,
    0x00, 0x00, 0x00, 0x00, 0x33, 0xFF, 0xF6, 0x22, 0x00, 0x00, 0x00, 0x00, 0x00, 0x82, 0x91, 0x32,
    0x00, 0xA6, 0xFF, 0xDF, 0x46, 0x02, 0x00, 0x0C, 0x7D, 0xFE, 0xFF, 0x35, 0x00, 0x0E, 0xB8, 0xFF,
    0xFF, 0xF2, 0xE2, 0xFA, 0xFF, 0xFE, 0x6D, 0x00, 0x00, 0x00, 0x02, 0x5B, 0xBC, 0xE7, 0xF8, 0xDD,
    0xA4, 0x34, 0x00, 0x00, 0x00, 0x00, 0x70, 0x58, 0x00, 0x00, 0x00, 0x5A, 0x6E, 0x00, 0x00, 0x00,
    0x00, 0xBE, 0xEC, 0x26, 0x00, 0x28, 0xEE, 0xB9, 0x00, 0x00, 0x00, 0x00, 0x47, 0xFE, 0xFC, 0xE5,
    0xFC, 0xFE, 0x44, 0x00, 0x00, 0x00, 0x00, 0x00, 0x51, 0xD3, 0xF8, 0xD1, 0x4E, 0x00, 0x00, 0x00,
    0x00, 0x00, 0x00, 0x00, 0x00, 0x00, 0x00, 0x00, 0x00, 0x00, 0x00, 0x00, 0x00, 0x00, 0x00, 0x00,
    0x00, 0x00, 0x00, 0x00, 0x00, 0x00, 0xE4, 0xFF, 0xFF, 0xFF, 0xFF, 0xFF, 0xFF, 0xFF, 0xFF, 0xFF,
    0xC0, 0xE4, 0xFF, 0xE8, 0xDC, 0xDC, 0xDC, 0xDC, 0xDC, 0xDC, 0xDC, 0xA5, 0xE4, 0xFF, 0x58, 0x00,
    0x00, 0x00, 0x00, 0x00, 0x00, 0x00, 0x00, 0xE4, 0xFF, 0x58, 0x00, 0x00, 0x00, 0x00, 0x00, 0x00,
    0x00, 0x00, 0xE4, 0xFF, 0x58, 0x00, 0x00, 0x00, 0x00, 0x00, 0x00, 0x00, 0x00, 0xE4, 0xFF, 0x58,
    0x00, 0x00, 0x00, 0x00, 0x00, 0x00, 0x00, 0x00, 0xE4, 0xFF, 0x58, 0x00, 0x00, 0x00, 0x00, 0x00,
    0x00, 0x00, 0x00, 0xE4, 0xFF, 0xE8, 0xDC, 0xDC, 0xDC, 0xDC, 0xDC, 0xDC, 0xDC, 0x25, 0xE4, 0xFF,
    0xFF, 0xFF, 0xFF, 0xFF, 0xFF, 0xFF, 0xFF, 0xFF, 0x2C, 0xE4, 0xFF, 0x58, 0x00, 0x00, 0x00, 0x00,
    0x00, 0x00, 0x00, 0x00, 0xE4, 0xFF, 0x58, 0x00, 0x00, 0x00, 0x00, 0x00, 0x00, 0x00, 0x00, 0xE4,
    0xFF, 0x58, 0x00, 0x00, 0x00, 0x00, 0x00, 0x00, 0x00, 0x00, 0xE4, 0xFF, 0x58, 0x00, 0x00, 0x00,
    0x00, 0x00, 0x00, 0x00, 0x00, 0xE4, 0xFF, 0x58, 0x00, 0x00, 0x00, 0x00, 0x00, 0x00, 0x00, 0x00,
    0xE4, 0xFF, 0x58, 0x00, 0x00, 0x00, 0x00, 0x00, 0x00, 0x00, 0x00, 0xE4, 0xFF, 0xE8, 0xDC, 0xDC,
    0xDC, 0xDC, 0xDC, 0xDC, 0xDC, 0xBD, 0xE4, 0xFF, 0xFF, 0xFF, 0xFF, 0xFF, 0xFF, 0xFF, 0xFF, 0xFF,
    0xDC, 0x00, 0x00, 0x26, 0x80, 0x22, 0x00, 0x00, 0x10, 0x80, 0x38, 0x00, 0x00, 0x00, 0x00, 0x29,
    0xFF, 0xA1, 0x05, 0x01, 0x82, 0xFF, 0x4D, 0x00, 0x00, 0x00, 0x00, 0x00, 0xB1, 0xFF, 0xF2, 0xED,
    0xFF, 0xD1, 0x05, 0x00, 0x00, 0x00, 0x00, 0x00, 0x0A, 0x94, 0xEC, 0xF1, 0xA7, 0x16, 0x00, 0x00,
    0x00, 0x00, 0x00, 0x00, 0x00, 0x00, 0x00, 0x00, 0x00, 0x00, 0x00, 0x00, 0x00, 0x00, 0x00, 0x00,
    0x00, 0x00, 0x00, 0x00, 0x00, 0x00, 0x00, 0x00, 0x00, 0x00, 0x00, 0x03, 0x60, 0xC3, 0xEC, 0xF7,
    0xD4, 0x85, 0x14, 0x00, 0x00, 0x00, 0x0D, 0xB8, 0xFF, 0xFF, 0xEE, 0xEC, 0xFF, 0xFF, 0xE7, 0x2E,
    0x00, 0x00, 0xA2, 0xFF, 0xCC, 0x34, 0x00, 0x00, 0x21, 0xB8, 0xFF, 0xDF, 0x07, 0x2E, 0xFF, 0xE3,
    0x10, 0x00, 0x00, 0x00, 0x00, 0x09, 0xDA, 0xFF, 0x61, 0x84, 0xFF, 0x7F, 0x00, 0x00, 0x00, 0x00,
    0x00, 0x00, 0x7E, 0xFF, 0xA8, 0xAE, 0xFF, 0xE9, 0xDC, 0xDC, 0xDC, 0xDC, 0xDC, 0xDC, 0xE8, 0xFF,
    0xC6, 0xC1, 0xFF, 0xFF, 0xFF, 0xFF, 0xFF, 0xFF, 0xFF, 0xFF, 0xFF, 0xFF, 0xD3, 0xB0, 0xFF, 0x69,
    0x00, 0x00, 0x00, 0x00, 0x00, 0x00, 0x00, 0x00, 0x00, 0x88, 0xFF, 0x9E, 0x00, 0x00, 0x00, 0x00,
    0x00, 0x00, 0x00, 0x00, 0x00, 0x33, 0xFF, 0xF6, 0x22, 0x00, 0x00, 0x00, 0x00, 0x00, 0x82, 0x91,
    0x32, 0x00, 0xA6, 0xFF, 0xDF, 0x46, 0x02, 0x00, 0x0C, 0x7D, 0xFE, 0xFF, 0x35, 0x00, 0x0E, 0xB8,
    0xFF, 0xFF, 0xF2, 0xE2, 0xFA, 0xFF, 0xFE, 0x6D, 0x00, 0x00, 0x00, 0x02, 0x5B, 0xBC, 0xE7, 0xF8,
    0xDD, 0xA4, 0x34, 0x00, 0x00, 0x00, 0x00, 0x00, 0x00, 0x64, 0xCB, 0x61, 0x00, 0x00, 0x00, 0x00,
    0x00, 0x00, 0x00, 0x00, 0xEB, 0xFF, 0xEA, 0x00, 0x00, 0x00, 0x00, 0x00, 0x00, 0x00, 0x00, 0x86,
    0xF4, 0x83, 0x00, 0x00, 0x00, 0x00, 0x00, 0x00, 0x00, 0x00, 0x00, 0x00, 0x00, 0x00, 0x00, 0x00,
    0x00, 0x00, 0x00, 0x00, 0x00, 0x00, 0x00, 0x00, 0x00, 0x00, 0x00, 0x00, 0xE4, 0xFF, 0xFF, 0xFF,
    0xFF, 0xFF, 0xFF, 0xFF, 0xFF, 0xFF, 0xC0, 0xE4, 0xFF, 0xE8, 0xDC, 0xDC, 0xDC, 0xDC, 0xDC, 0xDC,
    0xDC, 0xA5, 0xE4, 0xFF, 0x58, 0x00, 0x00, 0x00, 0x00, 0x00, 0x00, 0x00, 0x00, 0xE4, 0xFF, 0x58,
    0x00, 0x00, 0x00, 0x00, 0x00, 0x00, 0x00, 0x00, 0xE4, 0xFF, 0x58, 0x00, 0x00, 0x00, 0x00, 0x00,
    0x00, 0x00, 0x00, 0xE4, 0xFF, 0x58, 0x00, 0x00, 0x00, 0x00, 0x00, 0x00, 0x00, 0x00, 0xE4, 0xFF,
    0x58, 0x00, 0x00, 0x00, 0x00, 0x00, 0x00, 0x00, 0x00, 0xE4, 0xFF, 0xE8, 0xDC, 0xDC, 0xDC, 0xDC,
    0xDC, 0xDC, 0xDC, 0x25, 0xE4, 0xFF, 0xFF, 0xFF, 0xFF, 0xFF, 0xFF, 0xFF, 0xFF, 0xFF, 0x2C, 0xE4,
    0xFF, 0x58, 0x00, 0x00, 0x00, 0x00, 0x00, 0x00, 0x00, 0x00, 0xE4, 0xFF, 0x58, 0x00, 0x00, 0x00,
    0x00, 0x00, 0x00, 0x00, 0x00, 0xE4, 0xFF, 0x58, 0x00, 0x00, 0x00, 0x00, 0x00, 0x00, 0x00, 0x00,
    0xE4, 0xFF, 0x58, 0x00, 0x00, 0x00, 0x00, 0x00, 0x00, 0x00, 0x00, 0xE4, 0xFF, 0x58, 0x00, 0x00,
    0x00, 0x00, 0x00, 0x00, 0x00, 0x00, 0xE4, 0xFF, 0x58, 0x00, 0x00, 0x00, 0x00, 0x00, 0x00, 0x00,
    0x00, 0xE4, 0xFF, 0xE8, 0xDC, 0xDC, 0xDC, 0xDC, 0xDC, 0xDC, 0xDC, 0xBD, 0xE4, 0xFF, 0xFF, 0xFF,
    0xFF, 0xFF, 0xFF, 0xFF, 0xFF, 0xFF, 0xDC, 0x00, 0x00, 0x00, 0x00, 0x0C, 0xAC, 0xBA, 0x1D, 0x00,
    0x00, 0x00, 0x00, 0x00, 0x00, 0x00, 0x00, 0x57, 0xFF, 0xFF, 0x7E, 0x00, 0x00, 0x00, 0x00, 0x00,
    0x00, 0x00, 0x00, 0x18, 0xD4, 0xE2, 0x2E, 0x00, 0x00, 0x00, 0x00, 0x00, 0x00, 0x00, 0x00, 0x00,
    0x00, 0x00, 0x00, 0x00, 0x00, 0x00, 0x00, 0x00, 0x00, 0x00, 0x00, 0x00, 0x00, 0x00, 0x00, 0x00,
    0x00, 0x00, 0x00, 0x00, 0x00, 0x03, 0x60, 0xC3, 0xEC, 0xF7, 0xD4, 0x85, 0x14, 0x00, 0x00, 0x00,
    0x0D, 0xB8, 0xFF, 0xFF, 0xEE, 0xEC, 0xFF, 0xFF, 0xE7, 0x2E, 0x00, 0x00, 0xA2, 0xFF, 0xCC, 0x34,
    0x00, 0x00, 0x21, 0xB8, 0xFF, 0xDF, 0x07, 0x2E, 0xFF, 0xE3, 0x10, 0x00, 0x00, 0x00, 0x00, 0x09,
    0xDA, 0xFF, 0x61, 0x84, 0xFF, 0x7F, 0x00, 0x00, 0x00, 0x00, 0x00, 0x00, 0x7E, 0xFF, 0xA8, 0xAE,
    0xFF, 0xE9, 0xDC, 0xDC, 0xDC, 0xDC, 0xDC, 0xDC, 0xE8, 0xFF, 0xC6, 0xC1, 0xFF, 0xFF, 0xFF, 0xFF,
    0xFF, 0xFF, 0xFF, 0xFF, 0xFF, 0xFF, 0xD3, 0xB0, 0xFF, 0x69, 0x00, 0x00, 0x00, 0x00, 0x00, 0x00,
    0x00, 0x00, 0x00, 0x88, 0xFF, 0x9E, 0x00, 0x00, 0x00, 0x00, 0x00, 0x00, 0x00, 0x00, 0x00, 0x33,
    0xFF, 0xF6, 0x22, 0x00, 0x00, 0x00, 0x00, 0x00, 0x82, 0x91, 0x32, 0x00, 0xA6, 0xFF, 0xDF, 0x46,
    0x02, 0x00, 0x0C, 0x7D, 0xFE, 0xFF, 0x35, 0x00, 0x0E, 0xB8, 0xFF, 0xFF, 0xF2, 0xE2, 0xFA, 0xFF,
    0xFE, 0x6D, 0x00, 0x00, 0x00, 0x02, 0x5B, 0xBC, 0xE7, 0xF8, 0xDD, 0xA4, 0x34, 0x00, 0x00, 0xE4,
    0xFF, 0xFF, 0xFF, 0xFF, 0xFF, 0xFF, 0xFF, 0xFF, 0xFF, 0xC0, 0x00, 0xE4, 0xFF, 0xE8, 0xDC, 0xDC,
    0xDC, 0xDC, 0xDC, 0xDC, 0xDC, 0xA5, 0x00, 0xE4, 0xFF, 0x58, 0x00, 0x00, 0x00, 0x00, 0x00, 0x00,
    0x00, 0x00, 0x00, 0xE4, 0xFF, 0x58, 0x00, 0x00, 0x00, 0x00, 0x00, 0x00, 0x00, 0x00, 0x00, 0xE4,
    0xFF, 0x58, 0x00, 0x00, 0x00, 0x00, 0x00, 0x00, 0x00, 0x00, 0x00, 0xE4, 0xFF, 0x58, 0x00, 0x00,
    0x00, 0x00, 0x00, 0x00, 0x00, 0x00, 0x00, 0xE4, 0xFF, 0x58, 0x00, 0x00, 0x00, 0x00, 0x00, 0x00,
    0x00, 0x00, 0x00, 0xE4, 0xFF, 0xE8, 0xDC, 0xDC, 0xDC, 0xDC, 0xDC, 0xDC, 0xDC, 0x25, 0x00, 0xE4,
    0xFF, 0xFF, 0xFF, 0xFF, 0xFF, 0xFF, 0xFF, 0xFF, 0xFF, 0x2C, 0x00, 0xE4, 0xFF, 0x58, 0x00, 0x00,
    0x00, 0x00, 0x00, 0x00, 0x00, 0x00, 0x00, 0xE4, 0xFF, 0x58, 0x00, 0x00, 0x00, 0x00, 0x00, 0x00,
    0x00, 0x00, 0x00, 0xE4, 0xFF, 0x58, 0x00, 0x00, 0x00, 0x00, 0x00, 0x00, 0x00, 0x00, 0x00, 0xE4,
    0xFF, 0x58, 0x00, 0x00, 0x00, 0x00, 0x00, 0x00, 0x00, 0x00, 0x00, 0xE4, 0xFF, 0x58, 0x00, 0x00,
    0x00, 0x00, 0x00, 0x00, 0x00, 0x00, 0x00, 0xE4, 0xFF, 0x58, 0x00, 0x00, 0x00, 0x00, 0x00, 0x00,
    0x00, 0x00, 0x00, 0xE4, 0xFF, 0xE8, 0xDC, 0xDC, 0xDC, 0xDC, 0xDC, 0xDC, 0xDC, 0xBD, 0x00, 0xE4,
    0xFF, 0xFF, 0xFF, 0xFF, 0xFF, 0xFF, 0xFF, 0xFF, 0xFF, 0xFD, 0x00, 0x00, 0x00, 0x00, 0x00, 0x00,
    0x00, 0x00, 0x38, 0xF1, 0xE0, 0x32, 0x00, 0x00, 0x00, 0x00, 0x00, 0x00, 0x00, 0x04, 0xDF, 0xFE,
    0x24, 0x00, 0x00, 0x00, 0x00, 0x00, 0x00, 0x00, 0x00, 0x2B, 0xFF, 0xF6, 0x0C, 0x08, 0x00, 0x00,
    0x00, 0x00, 0x00, 0x00, 0x00, 0x10, 0xF8, 0xFF, 0xF3, 0xF5, 0x3E, 0x00, 0x00, 0x00, 0x00, 0x00,
    0x00, 0x00, 0x4B, 0xD2, 0xF7, 0xD8, 0x54, 0x00, 0x00, 0x03, 0x60, 0xC3, 0xEC, 0xF7, 0xD4, 0x85,
    0x14, 0x00, 0x00, 0x00, 0x0D, 0xB8, 0xFF, 0xFF, 0xEE, 0xEC, 0xFF, 0xFF, 0xE7, 0x2E, 0x00, 0x00,
    0xA2, 0xFF, 0xCC, 0x34, 0x00, 0x00, 0x21, 0xB8, 0xFF, 0xDF, 0x07, 0x2E, 0xFF, 0xE3, 0x10, 0x00,
    0x00, 0x00, 0x00, 0x09, 0xDA, 0xFF, 0x61, 0x84, 0xFF, 0x7F, 0x00, 0x00, 0x00, 0x00, 0x00, 0x00,
    0x7E, 0xFF, 0xA8, 0xAE, 0xFF, 0xE9, 0xDC, 0xDC, 0xDC, 0xDC, 0xDC, 0xDC, 0xE8, 0xFF, 0xC6, 0xC1,
    0xFF, 0xFF, 0xFF, 0xFF, 0xFF, 0xFF, 0xFF, 0xFF, 0xFF, 0xFF, 0xD3, 0xB0, 0xFF, 0x69, 0x00, 0x00,
    0x00, 0x00, 0x00, 0x00, 0x00, 0x00, 0x00, 0x88, 0xFF, 0x9E, 0x00, 0x00, 0x00, 0x00, 0x00, 0x00,
    0x00, 0x00, 0x00, 0x33, 0xFF, 0xF6, 0x22, 0x00, 0x00, 0x00, 0x00, 0x00, 0x82, 0x91, 0x34, 0x00,
    0xA6, 0xFF, 0xDF, 0x46, 0x02, 0x00, 0x0C, 0x7D, 0xFE, 0xFF, 0x78, 0x00, 0x0E, 0xB8, 0xFF, 0xFF,
    0xF2, 0xE2, 0xFA, 0xFF, 0xFF, 0xFF, 0x03, 0x00, 0x00, 0x02, 0x5B, 0xBC, 0xE7, 0xF8, 0xE1, 0xFF,
    0xFF, 0x41, 0x00, 0x00, 0x00, 0x00, 0x00, 0x00, 0x00, 0x00, 0x80, 0xFF, 0x91, 0x00, 0x00, 0x00,
    0x00, 0x00, 0x00, 0x00, 0x00, 0x15, 0xF8, 0xED, 0x0A, 0x00, 0x00, 0x00, 0x00, 0x00, 0x00, 0x00,
    0x00, 0x4C, 0xFF, 0xDF, 0x03, 0x08, 0x00, 0x00, 0x00, 0x00, 0x00, 0x00, 0x00, 0x2A, 0xFE, 0xFF,
    0xEF, 0xF5, 0x21, 0x00, 0x00, 0x00, 0x00, 0x00, 0x00, 0x00, 0x60, 0xDB, 0xF6, 0xD0, 0x3E, 0x00,
    0x0A, 0xC5, 0xF9, 0x41, 0x00, 0x4B, 0xFC, 0xCD, 0x0E, 0x00, 0x00, 0x00, 0x11, 0xD3, 0xF0, 0x5D,
    0xF3, 0xD5, 0x14, 0x00, 0x00, 0x00, 0x00, 0x00, 0x1A, 0xDF, 0xFF, 0xDC, 0x19, 0x00, 0x00, 0x00,
    0x00, 0x00, 0x00, 0x00, 0x00, 0x00, 0x00, 0x00, 0x00, 0x00, 0x00, 0x00, 0x00, 0x00, 0x00, 0x00,
    0x00, 0x00, 0x00, 0x00, 0x00, 0x00, 0xE4, 0xFF, 0xFF, 0xFF, 0xFF, 0xFF, 0xFF, 0xFF, 0xFF, 0xFF,
    0xC0, 0xE4, 0xFF, 0xE8, 0xDC, 0xDC, 0xDC, 0xDC, 0xDC, 0xDC, 0xDC, 0xA5, 0xE4, 0xFF, 0x58, 0x00,
    0x00, 0x00, 0x00, 0x00, 0x00, 0x00, 0x00, 0xE4, 0xFF, 0x58, 0x00, 0x00, 0x00, 0x00, 0x00, 0x00,
    0x00, 0x00, 0xE4, 0xFF, 0x58, 0x00, 0x00, 0x00, 0x00, 0x00, 0x00, 0x00, 0x00, 0xE4, 0xFF, 0x58,
    0x00, 0x00, 0x00, 0x00, 0x00, 0x00, 0x00, 0x00, 0xE4, 0xFF, 0x58, 0x00, 0x00, 0x00, 0x00, 0x00,
    0x00, 0x00, 0x00, 0xE4, 0xFF, 0xE8, 0xDC, 0xDC, 0xDC, 0xDC, 0xDC, 0xDC, 0xDC, 0x25, 0xE4, 0xFF,
    0xFF, 0xFF, 0xFF, 0xFF, 0xFF, 0xFF, 0xFF, 0xFF, 0x2C, 0xE4, 0xFF, 0x58, 0x00, 0x00, 0x00, 0x00,
    0x00, 0x00, 0x00, 0x00, 0xE4, 0xFF, 0x58, 0x00, 0x00, 0x00, 0x00, 0x00, 0x00, 0x00, 0x00, 0xE4,
    0xFF, 0x58, 0x00, 0x00, 0x00, 0x00, 0x00, 0x00, 0x00, 0x00, 0xE4, 0xFF, 0x58, 0x00, 0x00, 0x00,
    0x00, 0x00, 0x00, 0x00, 0x00, 0xE4, 0xFF, 0x58, 0x00, 0x00, 0x00, 0x00, 0x00, 0x00, 0x00, 0x00,
    0xE4, 0xFF, 0x58, 0x00, 0x00, 0x00, 0x00, 0x00, 0x00, 0x00, 0x00, 0xE4, 0xFF, 0xE8, 0xDC, 0xDC,
    0xDC, 0xDC, 0xDC, 0xDC, 0xDC, 0xBD, 0xE4, 0xFF, 0xFF, 0xFF, 0xFF, 0xFF, 0xFF, 0xFF, 0xFF, 0xFF,
    0xDC, 0x00, 0x00, 0x42, 0xF8, 0xC6, 0x09, 0x02, 0xB0, 0xFF, 0x70, 0x00, 0x00, 0x00, 0x00, 0x00,
    0x53, 0xFD, 0xAE, 0x93, 0xFF, 0x7D, 0x00, 0x00, 0x00, 0x00, 0x00, 0x00, 0x00, 0x66, 0xFF, 0xFF,
    0x89, 0x00, 0x00, 0x00, 0x00, 0x00, 0x00, 0x00, 0x00, 0x00, 0x00, 0x00, 0x00, 0x00, 0x00, 0x00,
    0x00, 0x00, 0x00, 0x00, 0x00, 0x00, 0x00, 0x00, 0x00, 0x00, 0x00, 0x00, 0x00, 0x00, 0x00, 0x03,
    0x60, 0xC3, 0xEC, 0xF7, 0xD4, 0x85, 0x14, 0x00, 0x00, 0x00, 0x0D, 0xB8, 0xFF, 0xFF, 0xEE, 0xEC,
    0xFF, 0xFF, 0xE7, 0x2E, 0x00, 0x00, 0xA2, 0xFF, 0xCC, 0x34, 0x00, 0x00, 0x21, 0xB8, 0xFF, 0xDF,
    0x07, 0x2E, 0xFF, 0xE3, 0x10, 0x00, 0x00, 0x00, 0x00, 0x09, 0xDA, 0xFF, 0x61, 0x84, 0xFF, 0x7F,
    0x00, 0x00, 0x00, 0x00, 0x00, 0x00, 0x7E, 0xFF, 0xA8, 0xAE, 0xFF, 0xE9, 0xDC, 0xDC, 0xDC, 0xDC,
    0xDC, 0xDC, 0xE8, 0xFF, 0xC6, 0xC1, 0xFF, 0xFF, 0xFF, 0xFF, 0xFF, 0xFF, 0xFF, 0xFF, 0xFF, 0xFF,
    0xD3, 0xB0, 0xFF, 0x69, 0x00, 0x00, 0x00, 0x00, 0x00, 0x00, 0x00, 0x00, 0x00, 0x88, 0xFF, 0x9E,
    0x00, 0x00, 0x00, 0x00, 0x00, 0x00, 0x00, 0x00, 0x00, 0x33, 0xFF, 0xF6, 0x22, 0x00, 0x00, 0x00,
    0x00, 0x00, 0x82, 0x91, 0x32, 0x00, 0xA6, 0xFF, 0xDF, 0x46, 0x02, 0x00, 0x0C, 0x7D, 0xFE, 0xFF,
    0x35, 0x00, 0x0E, 0xB8, 0xFF, 0xFF, 0xF2, 0xE2, 0xFA, 0xFF, 0xFE, 0x6D, 0x00, 0x00, 0x00, 0x02,
    0x5B, 0xBC, 0xE7, 0xF8, 0xDD, 0xA4, 0x34, 0x00, 0x00, 0x00, 0x00, 0x00, 0x00, 0x00, 0x00, 0x5E,
    0xFE, 0xFF, 0x91, 0x00, 0x00, 0x00, 0x00, 0x00, 0x00, 0x00, 0x00, 0x00, 0x00, 0x00, 0x52, 0xFC,
    0xBC, 0x8F, 0xFF, 0x7D, 0x00, 0x00, 0x00, 0x00, 0x00, 0x00, 0x00, 0x00, 0x00, 0x46, 0xF9, 0xD0,
    0x0E, 0x01, 0xA7, 0xFF, 0x69, 0x00, 0x00, 0x00, 0x00, 0x00, 0x00, 0x00, 0x00, 0x00, 0x00, 0x00,
    0x00, 0x00, 0x00, 0x00, 0x00, 0x00, 0x00, 0x00, 0x00, 0x00, 0x00, 0x00, 0x00, 0x00, 0x00, 0x00,
    0x00, 0x00, 0x00, 0x00, 0x00, 0x00, 0x00, 0x00, 0x00, 0x00, 0x00, 0x00, 0x00, 0x28, 0x92, 0xD5,
    0xF6, 0xF6, 0xDD, 0xA3, 0x4A, 0x00, 0x00, 0x00, 0x00, 0x00, 0x00, 0x00, 0x73, 0xFC, 0xFF, 0xFF,
    0xF1, 0xE9, 0xFF, 0xFF, 0xFF, 0xBE, 0x17, 0x00, 0x00, 0x00, 0x00, 0x89, 0xFF, 0xFE, 0x92, 0x22,
    0x00, 0x00, 0x0D, 0x6C, 0xEA, 0xFF, 0xDB, 0x12, 0x00, 0x00, 0x42, 0xFE, 0xFE, 0x55, 0x00, 0x00,
    0x00, 0x00, 0x00, 0x00, 0x29, 0xE9, 0xFF, 0x9F, 0x00, 0x00, 0xC4, 0xFF, 0x92, 0x00, 0x00, 0x00,
    0x00, 0x00, 0x00, 0x00, 0x00, 0x63, 0xFF, 0xFA, 0x11, 0x1F, 0xFE, 0xFE, 0x1E, 0x00, 0x00, 0x00,
    0x00, 0x00, 0x00, 0x00, 0x00, 0x03, 0x34, 0x34, 0x0C, 0x5C, 0xFF, 0xCF, 0x00, 0x00, 0x00, 0x00,
    0x00, 0x00, 0x00, 0x00, 0x00, 0x00, 0x00, 0x00, 0x00, 0x76, 0xFF, 0xAF, 0x00, 0x00, 0x00, 0x00,
    0x00, 0x00, 0x00, 0x00, 0x00, 0x00, 0x00, 0x00, 0x00, 0x89, 0xFF, 0x9D, 0x00, 0x00, 0x00, 0x00,
    0x00, 0x41, 0xDC, 0xDC, 0xDC, 0xDC, 0xDC, 0xDC, 0x59, 0x77, 0xFF, 0xAF, 0x00, 0x00, 0x00, 0x00,
    0x00, 0x4C, 0xFF, 0xFF, 0xFF, 0xFF, 0xFF, 0xFF, 0x68, 0x5C, 0xFF, 0xD0, 0x00, 0x00, 0x00, 0x00,
    0x00, 0x00, 0x00, 0x00, 0x00, 0x00, 0xD4, 0xFF, 0x59, 0x20, 0xFE, 0xFF, 0x20, 0x00, 0x00, 0x00,
    0x00, 0x00, 0x00, 0x00, 0x00, 0x07, 0xF5, 0xFF, 0x3B, 0x00, 0xC4, 0xFF, 0x97, 0x00, 0x00, 0x00,
    0x00, 0x00, 0x00, 0x00, 0x00, 0x5C, 0xFF, 0xF0, 0x0A, 0x00, 0x42, 0xFE, 0xFE, 0x5B, 0x00, 0x00,
    0x00, 0x00, 0x00, 0x00, 0x1C, 0xE8, 0xFF, 0x8E, 0x00, 0x00, 0x00, 0x88, 0xFF, 0xFF, 0x97, 0x27,
    0x00, 0x00, 0x09, 0x5E, 0xE8, 0xFF, 0xD2, 0x0B, 0x00, 0x00, 0x00, 0x00, 0x71, 0xFC, 0xFF, 0xFF,
    0xF3, 0xE4, 0xFC, 0xFF, 0xFF, 0xBB, 0x19, 0x00, 0x00, 0x00, 0x00, 0x00, 0x00, 0x26, 0x8F, 0xD2,
    0xF5, 0xF7, 0xDD, 0xAC, 0x4D, 0x01, 0x00, 0x00, 0x00, 0x00, 0x00, 0x00, 0x00, 0x62, 0xFE, 0xFF,
    0x8D, 0x00, 0x00, 0x00, 0x00, 0x00, 0x00, 0x00, 0x56, 0xFD, 0xB9, 0x92, 0xFF, 0x79, 0x00, 0x00,
    0x00, 0x00, 0x00, 0x49, 0xFA, 0xCD, 0x0C, 0x02, 0xAB, 0xFF, 0x66, 0x00, 0x00, 0x00, 0x00, 0x00,
    0x00, 0x00, 0x00, 0x00, 0x00, 0x00, 0x00, 0x00, 0x00, 0x00, 0x00, 0x00, 0x00, 0x00, 0x00, 0x00,
    0x00, 0x00, 0x00, 0x00, 0x00, 0x00, 0x00, 0x08, 0x71, 0xD0, 0xF4, 0xEF, 0xAE, 0x25, 0x30, 0xFF,
    0xE0, 0x00, 0x12, 0xC7, 0xFF, 0xFF, 0xF1, 0xE6, 0xFF, 0xEB, 0x4F, 0xFF, 0xE0, 0x00, 0xA9, 0xFF,
    0xE4, 0x42, 0x00, 0x00, 0x24, 0xC5, 0xEB, 0xFF, 0xE0, 0x2F, 0xFF, 0xFD, 0x30, 0x00, 0x00, 0x00,
    0x00, 0x12, 0xF2, 0xFF, 0xE0, 0x83, 0xFF, 0xB3, 0x00, 0x00, 0x00, 0x00, 0x00, 0x00, 0x8F, 0xFF,
    0xE0, 0xAD, 0xFF, 0x75, 0x00, 0x00, 0x00, 0x00, 0x00, 0x00, 0x5B, 0xFF, 0xE0, 0xC1, 0xFF, 0x62,
    0x00, 0x00, 0x00, 0x00, 0x00, 0x00, 0x40, 0xFF, 0xE0, 0xB3, 0xFF, 0x7A, 0x00, 0x00, 0x00, 0x00,
    0x00, 0x00, 0x56, 0xFF, 0xE0, 0x93, 0xFF, 0xAB, 0x00, 0x00, 0x00, 0x00, 0x00, 0x00, 0x81, 0xFF,
    0xE0, 0x44, 0xFF, 0xFC, 0x25, 0x00, 0x00, 0x00, 0x00, 0x0A, 0xEA, 0xFF, 0xE0, 0x02, 0xC5, 0xFF,
    0xD6, 0x34, 0x00, 0x00, 0x1F, 0xB9, 0xF5, 0xFF, 0xE0, 0x00, 0x20, 0xDA, 0xFF, 0xFF, 0xEB, 0xE5,
    0xFE, 0xF1, 0x61, 0xFF, 0xE0, 0x00, 0x00, 0x10, 0x81, 0xD6, 0xF6, 0xEF, 0xB3, 0x2C, 0x3C, 0xFF,
    0xE0, 0x00, 0x00, 0x00, 0x00, 0x00, 0x00, 0x00, 0x00, 0x00, 0x42, 0xFF, 0xD6, 0x00, 0x0F, 0x53,
    0x00, 0x00, 0x00, 0x00, 0x00, 0x00, 0x81, 0xFF, 0xB3, 0x0C, 0xE3, 0xFF, 0x96, 0x1A, 0x00, 0x00,
    0x0D, 0x72, 0xF8, 0xFF, 0x52, 0x00, 0x53, 0xF4, 0xFF, 0xFF, 0xE7, 0xE6, 0xFE, 0xFF, 0xFF, 0x8F,
    0x00, 0x00, 0x00, 0x22, 0x8C, 0xD5, 0xF0, 0xF8, 0xE1, 0xA7, 0x40, 0x00, 0x00, 0x00, 0x00, 0x00,
    0x00, 0x22, 0x80, 0x26, 0x00, 0x00, 0x0C, 0x80, 0x3C, 0x00, 0x00, 0x00, 0x00, 0x00, 0x00, 0x00,
    0x00, 0x22, 0xFF, 0xA8, 0x07, 0x00, 0x7A, 0xFF, 0x55, 0x00, 0x00, 0x00, 0x00, 0x00, 0x00, 0x00,
    0x00, 0x00, 0xA9, 0xFF, 0xF3, 0xEC, 0xFF, 0xD7, 0x07, 0x00, 0x00, 0x00, 0x00, 0x00, 0x00, 0x00,
    0x00, 0x00, 0x09, 0x90, 0xEB, 0xF2, 0xAB, 0x19, 0x00, 0x00, 0x00, 0x00, 0x00, 0x00, 0x00, 0x00,
    0x00, 0x00, 0x00, 0x00, 0x00, 0x00, 0x00, 0x00, 0x00, 0x00, 0x00, 0x00, 0x00, 0x00, 0x00, 0x00,
    0x00, 0x00, 0x00, 0x00, 0x00, 0x00, 0x00, 0x00, 0x00, 0x00, 0x00, 0x00, 0x00, 0x00, 0x00, 0x00,
    0x00, 0x28, 0x92, 0xD5, 0xF6, 0xF6, 0xDD, 0xA3, 0x4A, 0x00, 0x00, 0x00, 0x00, 0x00, 0x00, 0x00,
    0x73, 0xFC, 0xFF, 0xFF, 0xF1, 0xE9, 0xFF, 0xFF, 0xFF, 0xBE, 0x17, 0x00, 0x00, 0x00, 0x00, 0x89,
    0xFF, 0xFE, 0x92, 0x22, 0x00, 0x00, 0x0D, 0x6C, 0xEA, 0xFF, 0xDB, 0x12, 0x00, 0x00, 0x42, 0xFE,
    0xFE, 0x55, 0x00, 0x00, 0x00, 0x00, 0x00, 0x00, 0x29, 0xE9, 0xFF, 0x9F, 0x00, 0x00, 0xC4, 0xFF,
    0x92, 0x00, 0x00, 0x00, 0x00, 0x00, 0x00, 0x00, 0x00, 0x63, 0xFF, 0xFA, 0x11, 0x1F, 0xFE, 0xFE,
    0x1E, 0x00, 0x00, 0x00, 0x00, 0x00, 0x00, 0x00, 0x00, 0x03, 0x34, 0x34, 0x0C, 0x5C, 0xFF, 0xCF,
    0x00, 0x00, 0x00, 0x00, 0x00, 0x00, 0x00, 0x00, 0x00, 0x00, 0x00, 0x00, 0x00, 0x76, 0xFF, 0xAF,
    0x00, 0x00, 0x00, 0x00, 0x00, 0x00, 0x00, 0x00, 0x00, 0x00, 0x00, 0x00, 0x00, 0x89, 0xFF, 0x9D,
    0x00, 0x00, 0x00, 0x00, 0x00, 0x41, 0xDC, 0xDC, 0xDC, 0xDC, 0xDC, 0xDC, 0x59, 0x77, 0xFF, 0xAF,
    0x00, 0x00, 0x00, 0x00, 0x00, 0x4C, 0xFF, 0xFF, 0xFF, 0xFF, 0xFF, 0xFF, 0x68, 0x5C, 0xFF, 0xD0,
    0x00, 0x00, 0x00, 0x00, 0x00, 0x00, 0x00, 0x00, 0x00, 0x00, 0xD4, 0xFF, 0x59, 0x20, 0xFE, 0xFF,
    0x20, 0x00, 0x00, 0x00, 0x00, 0x00, 0x00, 0x00, 0x00, 0x07, 0xF5, 0xFF, 0x3B, 0x00, 0xC4, 0xFF,
    0x97, 0x00, 0x00, 0x00, 0x00, 0x00, 0x00, 0x00, 0x00, 0x5C, 0xFF, 0xF0, 0x0A, 0x00, 0x42, 0xFE,
    0xFE, 0x5B, 0x00, 0x00, 0x00, 0x00, 0x00, 0x00, 0x1C, 0xE8, 0xFF, 0x8E, 0x00, 0x00, 0x00, 0x88,
    0xFF, 0xFF, 0x97, 0x27, 0x00, 0x00, 0x09, 0x5E, 0xE8, 0xFF, 0xD2, 0x0B, 0x00, 0x00, 0x00, 0x00,
    0x71, 0xFC, 0xFF, 0xFF, 0xF3, 0xE4, 0xFC, 0xFF, 0xFF, 0xBB, 0x19, 0x00, 0x00, 0x00, 0x00, 0x00,
    0x00, 0x26, 0x8F, 0xD2, 0xF5, 0xF7, 0xDD, 0xAC, 0x4D, 0x01, 0x00, 0x00, 0x00, 0x00, 0x00, 0x24,
    0x80, 0x24, 0x00, 0x00, 0x0E, 0x80, 0x3A, 0x00, 0x00, 0x00, 0x00, 0x26, 0xFF, 0xA4, 0x06, 0x01,
    0x7E, 0xFF, 0x51, 0x00, 0x00, 0x00, 0x00, 0x00, 0xAD, 0xFF, 0xF2, 0xEC, 0xFF, 0xD4, 0x06, 0x00,
    0x00, 0x00, 0x00, 0x00, 0x0A, 0x92, 0xEC, 0xF2, 0xA9, 0x17, 0x00, 0x00, 0x00, 0x00, 0x00, 0x00,
    0x00, 0x00, 0x00, 0x00, 0x00, 0x00, 0x00, 0x00, 0x00, 0x00, 0x00, 0x00, 0x00, 0x00, 0x00, 0x00,
    0x00, 0x00, 0x00, 0x00, 0x00, 0x00, 0x00, 0x08, 0x71, 0xD0, 0xF4, 0xEF, 0xAE, 0x25, 0x30, 0xFF,
    0xE0, 0x00, 0x12, 0xC7, 0xFF, 0xFF, 0xF1, 0xE6, 0xFF, 0xEB, 0x4F, 0xFF, 0xE0, 0x00, 0xA9, 0xFF,
    0xE4, 0x42, 0x00, 0x00, 0x24, 0xC5, 0xEB, 0xFF, 0xE0, 0x2F, 0xFF, 0xFD, 0x30, 0x00, 0x00, 0x00,
    0x00, 0x12, 0xF2, 0xFF, 0xE0, 0x83, 0xFF, 0xB3, 0x00, 0x00, 0x00, 0x00, 0x00, 0x00, 0x8F, 0xFF,
    0xE0, 0xAD, 0xFF, 0x75, 0x00, 0x00, 0x00, 0x00, 0x00, 0x00, 0x5B, 0xFF, 0xE0, 0xC1, 0xFF, 0x62,
    0x00, 0x00, 0x00, 0x00, 0x00, 0x00, 0x40, 0xFF, 0xE0, 0xB3, 0xFF, 0x7A, 0x00, 0x00, 0x00, 0x00,
    0x00, 0x00, 0x56, 0xFF, 0xE0, 0x93, 0xFF, 0xAB, 0x00, 0x00, 0x00, 0x00, 0x00, 0x00, 0x81, 0xFF,
    0xE0, 0x44, 0xFF, 0xFC, 0x25, 0x00, 0x00, 0x00, 0x00, 0x0A, 0xEA, 0xFF, 0xE0, 0x02, 0xC5, 0xFF,
    0xD6, 0x34, 0x00, 0x00, 0x1F, 0xB9, 0xF5, 0xFF, 0xE0, 0x00, 0x20, 0xDA, 0xFF, 0xFF, 0xEB, 0xE5,
    0xFE, 0xF1, 0x61, 0xFF, 0xE0, 0x00, 0x00, 0x10, 0x81, 0xD6, 0xF6, 0xEF, 0xB3, 0x2C, 0x3C, 0xFF,
    0xE0, 0x00, 0x00, 0x00, 0x00, 0x00, 0x00, 0x00, 0x00, 0x00, 0x42, 0xFF, 0xD6, 0x00, 0x0F, 0x53,
    0x00, 0x00, 0x00, 0x00, 0x00, 0x00, 0x81, 0xFF, 0xB3, 0x0C, 0xE3, 0xFF, 0x96, 0x1A, 0x00, 0x00,
    0x0D, 0x72, 0xF8, 0xFF, 0x52, 0x00, 0x53, 0xF4, 0xFF, 0xFF, 0xE7, 0xE6, 0xFE, 0xFF, 0xFF, 0x8F,
    0x00, 0x00, 0x00, 0x22, 0x8C, 0xD5, 0xF0, 0xF8, 0xE1, 0xA7, 0x40, 0x00, 0x00, 0x00, 0x00, 0x00,
    0x00, 0x00, 0x00, 0x08, 0xA6, 0xBE, 0x23, 0x00, 0x00, 0x00, 0x00, 0x00, 0x00, 0x00, 0x00, 0x00,
    0x00, 0x00, 0x00, 0x4B, 0xFF, 0xFF, 0x8A, 0x00, 0x00, 0x00, 0x00, 0x00, 0x00, 0x00, 0x00, 0x00,
    0x00, 0x00, 0x00, 0x12, 0xCF, 0xE6, 0x36, 0x00, 0x00, 0x00, 0x00, 0x00, 0x00, 0x00, 0x00, 0x00,
    0x00, 0x00, 0x00, 0x00, 0x00, 0x00, 0x00, 0x00, 0x00, 0x00, 0x00, 0x00, 0x00, 0x00, 0x00, 0x00,
    0x00, 0x00, 0x00, 0x00, 0x00, 0x00, 0x00, 0x00, 0x00, 0x00, 0x00, 0x00, 0x00, 0x00, 0x00, 0x00,
    0x00, 0x28, 0x92, 0xD5, 0xF6, 0xF6, 0xDD, 0xA3, 0x4A, 0x00, 0x00, 0x00, 0x00, 0x00, 0x00, 0x00,
    0x73, 0xFC, 0xFF, 0xFF, 0xF1, 0xE9, 0xFF, 0xFF, 0xFF, 0xBE, 0x17, 0x00, 0x00, 0x00, 0x00, 0x89,
    0xFF, 0xFE, 0x92, 0x22, 0x00, 0x00, 0x0D, 0x6C, 0xEA, 0xFF, 0xDB, 0x12, 0x00, 0x00, 0x42, 0xFE,
    0xFE, 0x55, 0x00, 0x00, 0x00, 0x00, 0x00, 0x00, 0x29, 0xE9, 0xFF, 0x9F, 0x00, 0x00, 0xC4, 0xFF,
    0x92, 0x00, 0x00, 0x00, 0x00, 0x00, 0x00, 0x00, 0x00, 0x63, 0xFF, 0xFA, 0x11, 0x1F, 0xFE, 0xFE,
    0x1E, 0x00, 0x00, 0x00, 0x00, 0x00, 0x00, 0x00, 0x00, 0x03, 0x34, 0x34, 0x0C, 0x5C, 0xFF, 0xCF,
    0x00, 0x00, 0x00, 0x00, 0x00, 0x00, 0x00, 0x00, 0x00, 0x00, 0x00, 0x00, 0x00, 0x76, 0xFF, 0xAF,
    0x00, 0x00, 0x00, 0x00, 0x00, 0x00, 0x00, 0x00, 0x00, 0x00, 0x00, 0x00, 0x00, 0x89, 0xFF, 0x9D,
    0x00, 0x00, 0x00, 0x00, 0x00, 0x41, 0xDC, 0xDC, 0xDC, 0xDC, 0xDC, 0xDC, 0x59, 0x77, 0xFF, 0xAF,
    0x00, 0x00, 0x00, 0x00, 0x00, 0x4C, 0xFF, 0xFF, 0xFF, 0xFF, 0xFF, 0xFF, 0x68, 0x5C, 0xFF, 0xD0,
    0x00, 0x00, 0x00, 0x00, 0x00, 0x00, 0x00, 0x00, 0x00, 0x00, 0xD4, 0xFF, 0x59, 0x20, 0xFE, 0xFF,
    0x20, 0x00, 0x00, 0x00, 0x00, 0x00, 0x00, 0x00, 0x00, 0x07, 0xF5, 0xFF, 0x3B, 0x00, 0xC4, 0xFF,
    0x97, 0x00, 0x00, 0x00, 0x00, 0x00, 0x00, 0x00, 0x00, 0x5C, 0xFF, 0xF0, 0x0A, 0x00, 0x42, 0xFE,
    0xFE, 0x5B, 0x00, 0x00, 0x00, 0x00, 0x00, 0x00, 0x1C, 0xE8, 0xFF, 0x8E, 0x00, 0x00, 0x00, 0x88,
    0xFF, 0xFF, 0x97, 0x27, 0x00, 0x00, 0x09, 0x5E, 0xE8, 0xFF, 0xD2, 0x0B, 0x00, 0x00, 0x00, 0x00,
    0x71, 0xFC, 0xFF, 0xFF, 0xF3, 0xE4, 0xFC, 0xFF, 0xFF, 0xBB, 0x19, 0x00, 0x00, 0x00, 0x00, 0x00,
    0x00, 0x26, 0x8F, 0xD2, 0xF5, 0xF7, 0xDD, 0xAC, 0x4D, 0x01, 0x00, 0x00, 0x00, 0x00, 0x00, 0x00,
    0x00, 0x09, 0xA8, 0xBD, 0x21, 0x00, 0x00, 0x00, 0x00, 0x00, 0x00, 0x00, 0x00, 0x4F, 0xFF, 0xFF,
    0x86, 0x00, 0x00, 0x00, 0x00, 0x00, 0x00, 0x00, 0x00, 0x14, 0xD1, 0xE5, 0x34, 0x00, 0x00, 0x00,
    0x00, 0x00, 0x00, 0x00, 0x00, 0x00, 0x00, 0x00, 0x00, 0x00, 0x00, 0x00, 0x00, 0x00, 0x00, 0x00,
    0x00, 0x00, 0x00, 0x00, 0x00, 0x00, 0x00, 0x00, 0x00, 0x00, 0x00, 0x08, 0x71, 0xD0, 0xF4, 0xEF,
    0xAE, 0x25, 0x30, 0xFF, 0xE0, 0x00, 0x12, 0xC7, 0xFF, 0xFF, 0xF1, 0xE6, 0xFF, 0xEB, 0x4F, 0xFF,
    0xE0, 0x00, 0xA9, 0xFF, 0xE4, 0x42, 0x00, 0x00, 0x24, 0xC5, 0xEB, 0xFF, 0xE0, 0x2F, 0xFF, 0xFD,
    0x30, 0x00, 0x00, 0x00, 0x00, 0x12, 0xF2, 0xFF, 0xE0, 0x83, 0xFF, 0xB3, 0x00, 0x00, 0x00, 0x00,
    0x00, 0x00, 0x8F, 0xFF, 0xE0, 0xAD, 0xFF, 0x75, 0x00, 0x00, 0x00, 0x00, 0x00, 0x00, 0x5B, 0xFF,
    0xE0, 0xC1, 0xFF, 0x62, 0x00, 0x00, 0x00, 0x00, 0x00, 0x00, 0x40, 0xFF, 0xE0, 0xB3, 0xFF, 0x7A,
    0x00, 0x00, 0x00, 0x00, 0x00, 0x00, 0x56, 0xFF, 0xE0, 0x93, 0xFF, 0xAB, 0x00, 0x00, 0x00, 0x00,
    0x00, 0x00, 0x81, 0xFF, 0xE0, 0x44, 0xFF, 0xFC, 0x25, 0x00, 0x00, 0x00, 0x00, 0x0A, 0xEA, 0xFF,
    0xE0, 0x02, 0xC5, 0xFF, 0xD6, 0x34, 0x00, 0x00, 0x1F, 0xB9, 0xF5, 0xFF, 0xE0, 0x00, 0x20, 0xDA,
    0xFF, 0xFF, 0xEB, 0xE5, 0xFE, 0xF1, 0x61, 0xFF, 0xE0, 0x00, 0x00, 0x10, 0x81, 0xD6, 0xF6, 0xEF,
    0xB3, 0x2C, 0x3C, 0xFF, 0xE0, 0x00, 0x00, 0x00, 0x00, 0x00, 0x00, 0x00, 0x00, 0x00, 0x42, 0xFF,
    0xD6, 0x00, 0x0F, 0x53, 0x00, 0x00, 0x00, 0x00, 0x00, 0x00, 0x81, 0xFF, 0xB3, 0x0C, 0xE3, 0xFF,
    0x96, 0x1A, 0x00, 0x00, 0x0D, 0x72, 0xF8, 0xFF, 0x52, 0x00, 0x53, 0xF4, 0xFF, 0xFF, 0xE7, 0xE6,
    0xFE, 0xFF, 0xFF, 0x8F, 0x00, 0x00, 0x00, 0x22, 0x8C, 0xD5, 0xF0, 0xF8, 0xE1, 0xA7, 0x40, 0x00,
    0x00, 0x00, 0x00, 0x00, 0x00, 0x28, 0x92, 0xD5, 0xF6, 0xF6, 0xDD, 0xA3, 0x4A, 0x00, 0x00, 0x00,
    0x00, 0x00, 0x00, 0x00, 0x73, 0xFC, 0xFF, 0xFF, 0xF1, 0xE9, 0xFF, 0xFF, 0xFF, 0xBE, 0x17, 0x00,
    0x00, 0x00, 0x00, 0x89, 0xFF, 0xFE, 0x92, 0x22, 0x00, 0x00, 0x0D, 0x6C, 0xEA, 0xFF, 0xDB, 0x12,
    0x00, 0x00, 0x42, 0xFE, 0xFE, 0x55, 0x00, 0x00, 0x00, 0x00, 0x00, 0x00, 0x29, 0xE9, 0xFF, 0x9F,
    0x00, 0x00, 0xC4, 0xFF, 0x92, 0x00, 0x00, 0x00, 0x00, 0x00, 0x00, 0x00, 0x00, 0x63, 0xFF, 0xFA,
    0x11, 0x1F, 0xFE, 0xFE, 0x1E, 0x00, 0x00, 0x00, 0x00, 0x00, 0x00, 0x00, 0x00, 0x03, 0x34, 0x34,
    0x0C, 0x5C, 0xFF, 0xCF, 0x00, 0x00, 0x00, 0x00, 0x00, 0x00, 0x00, 0x00, 0x00, 0x00, 0x00, 0x00,
    0x00, 0x76, 0xFF, 0xAF, 0x00, 0x00, 0x00, 0x00, 0x00, 0x00, 0x00, 0x00, 0x00, 0x00, 0x00, 0x00,
    0x00, 0x89, 0xFF, 0x9D, 0x00, 0x00, 0x00, 0x00, 0x00, 0x41, 0xDC, 0xDC, 0xDC, 0xDC, 0xDC, 0xDC,
    0x59, 0x77, 0xFF, 0xAF, 0x00, 0x00, 0x00, 0x00, 0x00, 0x4C, 0xFF, 0xFF, 0xFF, 0xFF, 0xFF, 0xFF,
    0x68, 0x5C, 0xFF, 0xD0, 0x00, 0x00, 0x00, 0x00, 0x00, 0x00, 0x00, 0x00, 0x00, 0x00, 0xD4, 0xFF,
    0x59, 0x20, 0xFE, 0xFF, 0x20, 0x00, 0x00, 0x00, 0x00, 0x00, 0x00, 0x00, 0x00, 0x07, 0xF5, 0xFF,
    0x3B, 0x00, 0xC4, 0xFF, 0x97, 0x00, 0x00, 0x00, 0x00, 0x00, 0x00, 0x00, 0x00, 0x5C, 0xFF, 0xF0,
    0x0A, 0x00, 0x42, 0xFE, 0xFE, 0x5B, 0x00, 0x00, 0x00, 0x00, 0x00, 0x00, 0x1C, 0xE8, 0xFF, 0x8E,
    0x00, 0x00, 0x00, 0x88, 0xFF, 0xFF, 0x97, 0x27, 0x00, 0x00, 0x09, 0x5E, 0xE8, 0xFF, 0xD2, 0x0B,
    0x00, 0x00, 0x00, 0x00, 0x71, 0xFC, 0xFF, 0xFF, 0xF3, 0xE4, 0xFC, 0xFF, 0xFF, 0xBB, 0x19, 0x00,
    0x00, 0x00, 0x00, 0x00, 0x00, 0x26, 0x8F, 0xD2, 0xF5, 0xF7, 0xDD, 0xAC, 0x4D, 0x01, 0x00, 0x00,
    0x00, 0x00, 0x00, 0x00, 0x00, 0x00, 0x00, 0x00, 0x00, 0x00, 0x00, 0x00, 0x00, 0x00, 0x00, 0x00,
    0x00, 0x00, 0x00, 0x00, 0x00, 0x00, 0x00, 0x00, 0x00, 0x00, 0x00, 0x00, 0x00, 0x00, 0x00, 0x00,
    0x00, 0x00, 0x00, 0x00, 0x00, 0x00, 0x00, 0x2B, 0xFF, 0xE8, 0x04, 0x00, 0x00, 0x00, 0x00, 0x00,
    0x00, 0x00, 0x00, 0x00, 0x00, 0x00, 0x00, 0x67, 0xFF, 0x8C, 0x00, 0x00, 0x00, 0x00, 0x00, 0x00,
    0x00, 0x00, 0x00, 0x00, 0x00, 0x00, 0x00, 0xA3, 0xFF, 0x2E, 0x00, 0x00, 0x00, 0x00, 0x00, 0x00,
    0x00, 0x00, 0x00, 0x00, 0x00, 0x00, 0x00, 0xDE, 0xCF, 0x00, 0x00, 0x00, 0x00, 0x00, 0x00, 0x00,
    0x00, 0x00, 0x00, 0x00, 0x00, 0x00, 0x00, 0x85, 0x5E, 0x00, 0x00, 0x00, 0x00, 0x00, 0x00, 0x00,
    0x00, 0x00, 0x42, 0xFF, 0xB1, 0x00, 0x00, 0x00, 0x00, 0x00, 0x00, 0x00, 0x00, 0x00, 0xAB, 0xFF,
    0x36, 0x00, 0x00, 0x00, 0x00, 0x00, 0x00, 0x00, 0x00, 0x00, 0xCF, 0xFF, 0x08, 0x00, 0x00, 0x00,
    0x00, 0x00, 0x00, 0x00, 0x00, 0x00, 0xD4, 0xFF, 0x04, 0x00, 0x00, 0x00, 0x00, 0x00, 0x00, 0x00,
    0x00, 0x00, 0x00, 0x00, 0x00, 0x00, 0x00, 0x00, 0x00, 0x00, 0x00, 0x08, 0x71, 0xD0, 0xF4, 0xEF,
    0xAE, 0x25, 0x30, 0xFF, 0xE0, 0x00, 0x12, 0xC7, 0xFF, 0xFF, 0xF1, 0xE6, 0xFF, 0xEB, 0x4F, 0xFF,
    0xE0, 0x00, 0xA9, 0xFF, 0xE4, 0x42, 0x00, 0x00, 0x24, 0xC5, 0xEB, 0xFF, 0xE0, 0x2F, 0xFF, 0xFD,
    0x30, 0x00, 0x00, 0x00, 0x00, 0x12, 0xF2, 0xFF, 0xE0, 0x83, 0xFF, 0xB3, 0x00, 0x00, 0x00, 0x00,
    0x00, 0x00, 0x8F, 0xFF, 0xE0, 0xAD, 0xFF, 0x75, 0x00, 0x00, 0x00, 0x00, 0x00, 0x00, 0x5B, 0xFF,
    0xE0, 0xC1, 0xFF, 0x62, 0x00, 0x00, 0x00, 0x00, 0x00, 0x00, 0x40, 0xFF, 0xE0, 0xB3, 0xFF, 0x7A,
    0x00, 0x00, 0x00, 0x00, 0x00, 0x00, 0x56, 0xFF, 0xE0, 0x93, 0xFF, 0xAB, 0x00, 0x00, 0x00, 0x00,
    0x00, 0x00, 0x81, 0xFF, 0xE0, 0x44, 0xFF, 0xFC, 0x25, 0x00, 0x00, 0x00, 0x00, 0x0A, 0xEA, 0xFF,
    0xE0, 0x02, 0xC5, 0xFF, 0xD6, 0x34, 0x00, 0x00, 0x1F, 0xB9, 0xF5, 0xFF, 0xE0, 0x00, 0x20, 0xDA,
    0xFF, 0xFF, 0xEB, 0xE5, 0xFE, 0xF1, 0x61, 0xFF, 0xE0, 0x00, 0x00, 0x10, 0x81, 0xD6, 0xF6, 0xEF,
    0xB3, 0x2C, 0x3C, 0xFF, 0xE0, 0x00, 0x00, 0x00, 0x00, 0x00, 0x00, 0x00, 0x00, 0x00, 0x42, 0xFF,
    0xD6, 0x00, 0x0F, 0x53, 0x00, 0x00, 0x00, 0x00, 0x00, 0x00, 0x81, 0xFF, 0xB3, 0x0C, 0xE3, 0xFF,
    0x96, 0x1A, 0x00, 0x00, 0x0D, 0x72, 0xF8, 0xFF, 0x52, 0x00, 0x53, 0xF4, 0xFF, 0xFF, 0xE7, 0xE6,
    0xFE, 0xFF, 0xFF, 0x8F, 0x00, 0x00, 0x00, 0x22, 0x8C, 0xD5, 0xF0, 0xF8, 0xE1, 0xA7, 0x40, 0x00,
    0x00, 0x00, 0x00, 0x00, 0x00, 0x00, 0x91, 0xFF, 0xFE, 0x5E, 0x00, 0x00, 0x00, 0x00, 0x00, 0x00,
    0x00, 0x00, 0x00, 0x84, 0xFF, 0x91, 0xBA, 0xFB, 0x4D, 0x00, 0x00, 0x00, 0x00, 0x00, 0x00, 0x00,
    0x74, 0xFF, 0xA8, 0x01, 0x0D, 0xCF, 0xF7, 0x3E, 0x00, 0x00, 0x00, 0x00, 0x00, 0x00, 0x00, 0x00,
    0x00, 0x00, 0x00, 0x00, 0x00, 0x00, 0x00, 0x00, 0x00, 0x00, 0x00, 0x00, 0x00, 0x00, 0x00, 0x00,
    0x00, 0x00, 0x00, 0x00, 0x00, 0x00, 0x00, 0xE4, 0xFF, 0x58, 0x00, 0x00, 0x00, 0x00, 0x00, 0x00,
    0x00, 0x00, 0x80, 0xFF, 0xBC, 0xE4, 0xFF, 0x58, 0x00, 0x00, 0x00, 0x00, 0x00, 0x00, 0x00, 0x00,
    0x80, 0xFF, 0xBC, 0xE4, 0xFF, 0x58, 0x00, 0x00, 0x00, 0x00, 0x00, 0x00, 0x00, 0x00, 0x80, 0xFF,
    0xBC, 0xE4, 0xFF, 0x58, 0x00, 0x00, 0x00, 0x00, 0x00, 0x00, 0x00, 0x00, 0x80, 0xFF, 0xBC, 0xE4,
    0xFF, 0x58, 0x00, 0x00, 0x00, 0x00, 0x00, 0x00, 0x00, 0x00, 0x80, 0xFF, 0xBC, 0xE4, 0xFF, 0x58,
    0x00, 0x00, 0x00, 0x00, 0x00, 0x00, 0x00, 0x00, 0x80, 0xFF, 0xBC, 0xE4, 0xFF, 0x58, 0x00, 0x00,
    0x00, 0x00, 0x00, 0x00, 0x00, 0x00, 0x80, 0xFF, 0xBC, 0xE4, 0xFF, 0xE8, 0xDC, 0xDC, 0xDC, 0xDC,
    0xDC, 0xDC, 0xDC, 0xDC, 0xEE, 0xFF, 0xBC, 0xE4, 0xFF, 0xFF, 0xFF, 0xFF, 0xFF, 0xFF, 0xFF, 0xFF,
    0xFF, 0xFF, 0xFF, 0xFF, 0xBC, 0xE4, 0xFF, 0x58, 0x00, 0x00, 0x00, 0x00, 0x00, 0x00, 0x00, 0x00,
    0x80, 0xFF, 0xBC, 0xE4, 0xFF, 0x58, 0x00, 0x00, 0x00, 0x00, 0x00, 0x00, 0x00, 0x00, 0x80, 0xFF,
    0xBC, 0xE4, 0xFF, 0x58, 0x00, 0x00, 0x00, 0x00, 0x00, 0x00, 0x00, 0x00, 0x80, 0xFF, 0xBC, 0xE4,
    0xFF, 0x58, 0x00, 0x00, 0x00, 0x00, 0x00, 0x00, 0x00, 0x00, 0x80, 0xFF, 0xBC, 0xE4, 0xFF, 0x58,
    0x00, 0x00, 0x00, 0x00, 0x00, 0x00, 0x00, 0x00, 0x80, 0xFF, 0xBC, 0xE4, 0xFF, 0x58, 0x00, 0x00,
    0x00, 0x00, 0x00, 0x00, 0x00, 0x00, 0x80, 0xFF, 0xBC, 0xE4, 0xFF, 0x58, 0x00, 0x00, 0x00, 0x00,
    0x00, 0x00, 0x00, 0x00, 0x80, 0xFF, 0xBC, 0xE4, 0xFF, 0x58, 0x00, 0x00, 0x00, 0x00, 0x00, 0x00,
    0x00, 0x00, 0x80, 0xFF, 0xBC, 0x00, 0x00, 0x91, 0xFF, 0xFE, 0x5E, 0x00, 0x00, 0x00, 0x00, 0x00,
    0x00, 0x00, 0x00, 0x00, 0x84, 0xFF, 0x91, 0xBA, 0xFB, 0x4D, 0x00, 0x00, 0x00, 0x00, 0x00, 0x00,
    0x00, 0x74, 0xFF, 0xA8, 0x01, 0x0D, 0xCF, 0xF7, 0x3E, 0x00, 0x00, 0x00, 0x00, 0x00, 0x00, 0x00,
    0x00, 0x00, 0x00, 0x00, 0x00, 0x00, 0x00, 0x00, 0x00, 0x00, 0x00, 0x00, 0x00, 0x00, 0x00, 0x00,
    0x00, 0x00, 0x00, 0x00, 0x00, 0x00, 0x00, 0x00, 0x00, 0x00, 0x00, 0x00, 0x00, 0x24, 0xFF, 0xF8,
    0x00, 0x00, 0x00, 0x00, 0x00, 0x00, 0x00, 0x00, 0x00, 0x00, 0x00, 0x24, 0xFF, 0xF8, 0x00, 0x00,
    0x00, 0x00, 0x00, 0x00, 0x00, 0x00, 0x00, 0x00, 0x00, 0x24, 0xFF, 0xF8, 0x00, 0x00, 0x00, 0x00,
    0x00, 0x00, 0x00, 0x00, 0x00, 0x00, 0x00, 0x24, 0xFF, 0xF8, 0x00, 0x00, 0x00, 0x00, 0x00, 0x00,
    0x00, 0x00, 0x00, 0x00, 0x00, 0x24, 0xFF, 0xF8, 0x00, 0x49, 0xC2, 0xF2, 0xF2, 0xBD, 0x42, 0x00,
    0x00, 0x00, 0x00, 0x24, 0xFF, 0xF8, 0x59, 0xFE, 0xF9, 0xE9, 0xFF, 0xFF, 0xFD, 0x57, 0x00, 0x00,
    0x00, 0x24, 0xFF, 0xFB, 0xE1, 0x62, 0x04, 0x00, 0x23, 0xC9, 0xFF, 0xE7, 0x05, 0x00, 0x00, 0x24,
    0xFF, 0xFF, 0x6F, 0x00, 0x00, 0x00, 0x00, 0x22, 0xFC, 0xFF, 0x35, 0x00, 0x00, 0x24, 0xFF, 0xFF,
    0x18, 0x00, 0x00, 0x00, 0x00, 0x00, 0xDC, 0xFF, 0x51, 0x00, 0x00, 0x24, 0xFF, 0xF9, 0x00, 0x00,
    0x00, 0x00, 0x00, 0x00, 0xC8, 0xFF, 0x58, 0x00, 0x00, 0x24, 0xFF, 0xF8, 0x00, 0x00, 0x00, 0x00,
    0x00, 0x00, 0xC8, 0xFF, 0x58, 0x00, 0x00, 0x24, 0xFF, 0xF8, 0x00, 0x00, 0x00, 0x00, 0x00, 0x00,
    0xC8, 0xFF, 0x58, 0x00, 0x00, 0x24, 0xFF, 0xF8, 0x00, 0x00, 0x00, 0x00, 0x00, 0x00, 0xC8, 0xFF,
    0x58, 0x00, 0x00, 0x24, 0xFF, 0xF8, 0x00, 0x00, 0x00, 0x00, 0x00, 0x00, 0xC8, 0xFF, 0x58, 0x00,
    0x00, 0x24, 0xFF, 0xF8, 0x00, 0x00, 0x00, 0x00, 0x00, 0x00, 0xC8, 0xFF, 0x58, 0x00, 0x00, 0x24,
    0xFF, 0xF8, 0x00, 0x00, 0x00, 0x00, 0x00, 0x00, 0xC8, 0xFF, 0x58, 0x00, 0x00, 0x24, 0xFF, 0xF8,
    0x00, 0x00, 0x00, 0x00, 0x00, 0x00, 0xC8, 0xFF, 0x58, 0x00, 0x70, 0xFF, 0xC8, 0x00, 0x00, 0x00,
    0x00, 0x00, 0x00, 0x00, 0x00, 0x0C, 0xFF, 0xFF, 0x2C, 0x00, 0x00, 0x70, 0xFF, 0xC8, 0x00, 0x00,
    0x00, 0x00, 0x00, 0x00, 0x00, 0x00, 0x0C, 0xFF, 0xFF, 0x2C, 0x00, 0x00, 0x70, 0xFF, 0xC8, 0x00,
    0x00, 0x00, 0x00, 0x00, 0x00, 0x00, 0x00, 0x0C, 0xFF, 0xFF, 0x2C, 0x00, 0xB9, 0xEB, 0xFF, 0xF8,
    0xDC, 0xDC, 0xDC, 0xDC, 0xDC, 0xDC, 0xDC, 0xDC, 0xDD, 0xFF, 0xFF, 0xE2, 0x6A, 0xD8, 0xFF, 0xFF,
    0xFF, 0xFF, 0xFF, 0xFF, 0xFF, 0xFF, 0xFF, 0xFF, 0xFF, 0xFF, 0xFF, 0xFF, 0xFF, 0x7C, 0x00, 0x70,
    0xFF, 0xC8, 0x00, 0x00, 0x00, 0x00, 0x00, 0x00, 0x00, 0x00, 0x0C, 0xFF, 0xFF, 0x2C, 0x00, 0x00,
    0x70, 0xFF, 0xC8, 0x00, 0x00, 0x00, 0x00, 0x00, 0x00, 0x00, 0x00, 0x0C, 0xFF, 0xFF, 0x2C, 0x00,
    0x00, 0x70, 0xFF, 0xF8, 0xDC, 0xDC, 0xDC, 0xDC, 0xDC, 0xDC, 0xDC, 0xDC, 0xDD, 0xFF, 0xFF, 0x2C,
    0x00, 0x00, 0x70, 0xFF, 0xFF, 0xFF, 0xFF, 0xFF, 0xFF, 0xFF, 0xFF, 0xFF, 0xFF, 0xFF, 0xFF, 0xFF,
    0x2C, 0x00, 0x00, 0x70, 0xFF, 0xC8, 0x00, 0x00, 0x00, 0x00, 0x00, 0x00, 0x00, 0x00, 0x0C, 0xFF,
    0xFF, 0x2C, 0x00, 0x00, 0x70, 0xFF, 0xC8, 0x00, 0x00, 0x00, 0x00, 0x00, 0x00, 0x00, 0x00, 0x0C,
    0xFF, 0xFF, 0x2C, 0x00, 0x00, 0x70, 0xFF, 0xC8, 0x00, 0x00, 0x00, 0x00, 0x00, 0x00, 0x00, 0x00,
    0x0C, 0xFF, 0xFF, 0x2C, 0x00, 0x00, 0x70, 0xFF, 0xC8, 0x00, 0x00, 0x00, 0x00, 0x00, 0x00, 0x00,
    0x00, 0x0C, 0xFF, 0xFF, 0x2C, 0x00, 0x00, 0x70, 0xFF, 0xC8, 0x00, 0x00, 0x00, 0x00, 0x00, 0x00,
    0x00, 0x00, 0x0C, 0xFF, 0xFF, 0x2C, 0x00, 0x00, 0x70, 0xFF, 0xC8, 0x00, 0x00, 0x00, 0x00, 0x00,
    0x00, 0x00, 0x00, 0x0C, 0xFF, 0xFF, 0x2C, 0x00, 0x00, 0x70, 0xFF, 0xC8, 0x00, 0x00, 0x00, 0x00,
    0x00, 0x00, 0x00, 0x00, 0x0C, 0xFF, 0xFF, 0x2C, 0x00, 0x00, 0x70, 0xFF, 0xC8, 0x00, 0x00, 0x00,
    0x00, 0x00, 0x00, 0x00, 0x00, 0x0C, 0xFF, 0xFF, 0x2C, 0x00, 0xC0, 0xFC, 0xFF, 0xFF, 0xD8, 0xD8,
    0xD8, 0x94, 0x00, 0x00, 0x00, 0x00, 0x00, 0xE4, 0xFF, 0xFF, 0xFF, 0xFF, 0xFF, 0xFF, 0xB0, 0x00,
    0x00, 0x00, 0x00, 0x00, 0x00, 0x24, 0xFF, 0xF8, 0x00, 0x00, 0x00, 0x00, 0x00, 0x00, 0x00, 0x00,
    0x00, 0x00, 0x24, 0xFF, 0xF8, 0x00, 0x00, 0x00, 0x00, 0x00, 0x00, 0x00, 0x00, 0x00, 0x00, 0x24,
    0xFF, 0xF8, 0x00, 0x49, 0xC2, 0xF2, 0xF2, 0xBD, 0x42, 0x00, 0x00, 0x00, 0x24, 0xFF, 0xF8, 0x59,
    0xFE, 0xF9, 0xE9, 0xFF, 0xFF, 0xFD, 0x57, 0x00, 0x00, 0x24, 0xFF, 0xFB, 0xE1, 0x62, 0x04, 0x00,
    0x23, 0xC9, 0xFF, 0xE7, 0x05, 0x00, 0x24, 0xFF, 0xFF, 0x6F, 0x00, 0x00, 0x00, 0x00, 0x22, 0xFC,
    0xFF, 0x35, 0x00, 0x24, 0xFF, 0xFF, 0x18, 0x00, 0x00, 0x00, 0x00, 0x00, 0xDC, 0xFF, 0x51, 0x00,
    0x24, 0xFF, 0xF9, 0x00, 0x00, 0x00, 0x00, 0x00, 0x00, 0xC8, 0xFF, 0x58, 0x00, 0x24, 0xFF, 0xF8,
    0x00, 0x00, 0x00, 0x00, 0x00, 0x00, 0xC8, 0xFF, 0x58, 0x00, 0x24, 0xFF, 0xF8, 0x00, 0x00, 0x00,
    0x00, 0x00, 0x00, 0xC8, 0xFF, 0x58, 0x00, 0x24, 0xFF, 0xF8, 0x00, 0x00, 0x00, 0x00, 0x00, 0x00,
    0xC8, 0xFF, 0x58, 0x00, 0x24, 0xFF, 0xF8, 0x00, 0x00, 0x00, 0x00, 0x00, 0x00, 0xC8, 0xFF, 0x58,
    0x00, 0x24, 0xFF, 0xF8, 0x00, 0x00, 0x00, 0x00, 0x00, 0x00, 0xC8, 0xFF, 0x58, 0x00, 0x24, 0xFF,
    0xF8, 0x00, 0x00, 0x00, 0x00, 0x00, 0x00, 0xC8, 0xFF, 0x58, 0x00, 0x24, 0xFF, 0xF8, 0x00, 0x00,
    0x00, 0x00, 0x00, 0x00, 0xC8, 0xFF, 0x58, 0x00, 0x00, 0x13, 0x02, 0x00, 0x00, 0x1E, 0x16, 0x00,
    0x91, 0xFF, 0xF0, 0x84, 0x3F, 0xF7, 0x87, 0x11, 0xFD, 0xA8, 0x86, 0xEF, 0xFF, 0xF5, 0x2B, 0x0D,
    0x50, 0x19, 0x00, 0x0B, 0x3E, 0x1E, 0x00, 0x00, 0x00, 0x00, 0x00, 0x00, 0x00, 0x00, 0x00, 0x00,
    0x00, 0x00, 0xE4, 0xFF, 0x58, 0x00, 0x00, 0x00, 0x00, 0x00, 0xE4, 0xFF, 0x58, 0x00, 0x00, 0x00,
    0x00, 0x00, 0xE4, 0xFF, 0x58, 0x00, 0x00, 0x00, 0x00, 0x00, 0xE4, 0xFF, 0x58, 0x00, 0x00, 0x00,
    0x00, 0x00, 0xE4, 0xFF, 0x58, 0x00, 0x00, 0x00, 0x00, 0x00, 0xE4, 0xFF, 0x58, 0x00, 0x00, 0x00,
    0x00, 0x00, 0xE4, 0xFF, 0x58, 0x00, 0x00, 0x00, 0x00, 0x00, 0xE4, 0xFF, 0x58, 0x00, 0x00, 0x00,
    0x00, 0x00, 0xE4, 0xFF, 0x58, 0x00, 0x00, 0x00, 0x00, 0x00, 0xE4, 0xFF, 0x58, 0x00, 0x00, 0x00,
    0x00, 0x00, 0xE4, 0xFF, 0x58, 0x00, 0x00, 0x00, 0x00, 0x00, 0xE4, 0xFF, 0x58, 0x00, 0x00, 0x00,
    0x00, 0x00, 0xE4, 0xFF, 0x58, 0x00, 0x00, 0x00, 0x00, 0x00, 0xE4, 0xFF, 0x58, 0x00, 0x00, 0x00,
    0x00, 0x00, 0xE4, 0xFF, 0x58, 0x00, 0x00, 0x00, 0x00, 0x00, 0xE4, 0xFF, 0x58, 0x00, 0x00, 0x00,
    0x00, 0x00, 0xE4, 0xFF, 0x58, 0x00, 0x00, 0x00, 0x01, 0x14, 0x00, 0x00, 0x04, 0x24, 0x0B, 0x0A,
    0xD2, 0xFF, 0xD9, 0x62, 0x6F, 0xFF, 0x3B, 0x5A, 0xFF, 0x7A, 0xA7, 0xFD, 0xFF, 0xD2, 0x03, 0x25,
    0x4F, 0x02, 0x00, 0x18, 0x42, 0x0D, 0x00, 0x00, 0x00, 0x00, 0x00, 0x00, 0x00, 0x00, 0x00, 0x00,
    0x00, 0x24, 0xFF, 0xF8, 0x00, 0x00, 0x00, 0x00, 0x00, 0x24, 0xFF, 0xF8, 0x00, 0x00, 0x00, 0x00,
    0x00, 0x24, 0xFF, 0xF8, 0x00, 0x00, 0x00, 0x00, 0x00, 0x24, 0xFF, 0xF8, 0x00, 0x00, 0x00, 0x00,
    0x00, 0x24, 0xFF, 0xF8, 0x00, 0x00, 0x00, 0x00, 0x00, 0x24, 0xFF, 0xF8, 0x00, 0x00, 0x00, 0x00,
    0x00, 0x24, 0xFF, 0xF8, 0x00, 0x00, 0x00, 0x00, 0x00, 0x24, 0xFF, 0xF8, 0x00, 0x00, 0x00, 0x00,
    0x00, 0x24, 0xFF, 0xF8, 0x00, 0x00, 0x00, 0x00, 0x00, 0x24, 0xFF, 0xF8, 0x00, 0x00, 0x00, 0x00,
    0x00, 0x24, 0xFF, 0xF8, 0x00, 0x00, 0x00, 0x00, 0x00, 0x24, 0xFF, 0xF8, 0x00, 0x00, 0x00, 0x00,
    0x00, 0x24, 0xFF, 0xF8, 0x00, 0x00, 0x00, 0x06, 0xDC, 0xDC, 0xDC, 0xDC, 0xDC, 0xDC, 0x67, 0x08,
    0xFF, 0xFF, 0xFF, 0xFF, 0xFF, 0xFF, 0x78, 0x00, 0x00, 0x00, 0x00, 0x00, 0x00, 0x00, 0x00, 0x00,
    0x00, 0x00, 0x00, 0x00, 0x00, 0x00, 0x00, 0x00, 0x00, 0x00, 0x00, 0x00, 0x00, 0x00, 0x00, 0x00,
    0x00, 0x00, 0xE4, 0xFF, 0x58, 0x00, 0x00, 0x00, 0x00, 0x00, 0xE4, 0xFF, 0x58, 0x00, 0x00, 0x00,
    0x00, 0x00, 0xE4, 0xFF, 0x58, 0x00, 0x00, 0x00, 0x00, 0x00, 0xE4, 0xFF, 0x58, 0x00, 0x00, 0x00,
    0x00, 0x00, 0xE4, 0xFF, 0x58, 0x00, 0x00, 0x00, 0x00, 0x00, 0xE4, 0xFF, 0x58, 0x00, 0x00, 0x00,
    0x00, 0x00, 0xE4, 0xFF, 0x58, 0x00, 0x00, 0x00, 0x00, 0x00, 0xE4, 0xFF, 0x58, 0x00, 0x00, 0x00,
    0x00, 0x00, 0xE4, 0xFF, 0x58, 0x00, 0x00, 0x00, 0x00, 0x00, 0xE4, 0xFF, 0x58, 0x00, 0x00, 0x00,
    0x00, 0x00, 0xE4, 0xFF, 0x58, 0x00, 0x00, 0x00, 0x00, 0x00, 0xE4, 0xFF, 0x58, 0x00, 0x00, 0x00,
    0x00, 0x00, 0xE4, 0xFF, 0x58, 0x00, 0x00, 0x00, 0x00, 0x00, 0xE4, 0xFF, 0x58, 0x00, 0x00, 0x00,
    0x00, 0x00, 0xE4, 0xFF, 0x58, 0x00, 0x00, 0x00, 0x00, 0x00, 0xE4, 0xFF, 0x58, 0x00, 0x00, 0x00,
    0x00, 0x00, 0xE4, 0xFF, 0x58, 0x00, 0x00, 0x48, 0xDC, 0xDC, 0xDC, 0xDC, 0xDC, 0xDC, 0x25, 0x54,
    0xFF, 0xFF, 0xFF, 0xFF, 0xFF, 0xFF, 0x2C, 0x00, 0x00, 0x00, 0x00, 0x00, 0x00, 0x00, 0x00, 0x00,
    0x00, 0x00, 0x00, 0x00, 0x00, 0x00, 0x00, 0x00, 0x00, 0x00, 0x00, 0x00, 0x00, 0x00, 0x00, 0x00,
    0x00, 0x24, 0xFF, 0xF8, 0x00, 0x00, 0x00, 0x00, 0x00, 0x24, 0xFF, 0xF8, 0x00, 0x00, 0x00, 0x00,
    0x00, 0x24, 0xFF, 0xF8, 0x00, 0x00, 0x00, 0x00, 0x00, 0x24, 0xFF, 0xF8, 0x00, 0x00, 0x00, 0x00,
    0x00, 0x24, 0xFF, 0xF8, 0x00, 0x00, 0x00, 0x00, 0x00, 0x24, 0xFF, 0xF8, 0x00, 0x00, 0x00, 0x00,
    0x00, 0x24, 0xFF, 0xF8, 0x00, 0x00, 0x00, 0x00, 0x00, 0x24, 0xFF, 0xF8, 0x00, 0x00, 0x00, 0x00,
    0x00, 0x24, 0xFF, 0xF8, 0x00, 0x00, 0x00, 0x00, 0x00, 0x24, 0xFF, 0xF8, 0x00, 0x00, 0x00, 0x00,
    0x00, 0x24, 0xFF, 0xF8, 0x00, 0x00, 0x00, 0x00, 0x00, 0x24, 0xFF, 0xF8, 0x00, 0x00, 0x00, 0x00,
    0x00, 0x24, 0xFF, 0xF8, 0x00, 0x00, 0x00, 0x14, 0x80, 0x34, 0x00, 0x00, 0x00, 0x7D, 0x4A, 0x0D,
    0xF8, 0xBE, 0x0C, 0x00, 0x5F, 0xFF, 0x71, 0x00, 0x8D, 0xFF, 0xF6, 0xE8, 0xFF, 0xE7, 0x13, 0x00,
    0x03, 0x80, 0xE5, 0xF5, 0xB7, 0x25, 0x00, 0x00, 0x00, 0x00, 0x00, 0x00, 0x00, 0x00, 0x00, 0x00,
    0x00, 0x00, 0x00, 0x00, 0x00, 0x00, 0x00, 0x00, 0x00, 0x00, 0xE4, 0xFF, 0x58, 0x00, 0x00, 0x00,
    0x00, 0x00, 0xE4, 0xFF, 0x58, 0x00, 0x00, 0x00, 0x00, 0x00, 0xE4, 0xFF, 0x58, 0x00, 0x00, 0x00,
    0x00, 0x00, 0xE4, 0xFF, 0x58, 0x00, 0x00, 0x00, 0x00, 0x00, 0xE4, 0xFF, 0x58, 0x00, 0x00, 0x00,
    0x00, 0x00, 0xE4, 0xFF, 0x58, 0x00, 0x00, 0x00, 0x00, 0x00, 0xE4, 0xFF, 0x58, 0x00, 0x00, 0x00,
    0x00, 0x00, 0xE4, 0xFF, 0x58, 0x00, 0x00, 0x00, 0x00, 0x00, 0xE4, 0xFF, 0x58, 0x00, 0x00, 0x00,
    0x00, 0x00, 0xE4, 0xFF, 0x58, 0x00, 0x00, 0x00, 0x00, 0x00, 0xE4, 0xFF, 0x58, 0x00, 0x00, 0x00,
    0x00, 0x00, 0xE4, 0xFF, 0x58, 0x00, 0x00, 0x00, 0x00, 0x00, 0xE4, 0xFF, 0x58, 0x00, 0x00, 0x00,
    0x00, 0x00, 0xE4, 0xFF, 0x58, 0x00, 0x00, 0x00, 0x00, 0x00, 0xE4, 0xFF, 0x58, 0x00, 0x00, 0x00,
    0x00, 0x00, 0xE4, 0xFF, 0x58, 0x00, 0x00, 0x00, 0x00, 0x00, 0xE4, 0xFF, 0x58, 0x00, 0x00, 0x3A,
    0x80, 0x0E, 0x00, 0x00, 0x24, 0x80, 0x24, 0x52, 0xFF, 0x7E, 0x01, 0x06, 0xA5, 0xFF, 0x25, 0x06,
    0xD3, 0xFF, 0xED, 0xF2, 0xFF, 0xAE, 0x00, 0x00, 0x17, 0xAA, 0xF2, 0xEB, 0x91, 0x0A, 0x00, 0x00,
    0x00, 0x00, 0x00, 0x00, 0x00, 0x00, 0x00, 0x00, 0x00, 0x00, 0x00, 0x00, 0x00, 0x00, 0x00, 0x00,
    0x00, 0x24, 0xFF, 0xF8, 0x00, 0x00, 0x00, 0x00, 0x00, 0x24, 0xFF, 0xF8, 0x00, 0x00, 0x00, 0x00,
    0x00, 0x24, 0xFF, 0xF8, 0x00, 0x00, 0x00, 0x00, 0x00, 0x24, 0xFF, 0xF8, 0x00, 0x00, 0x00, 0x00,
    0x00, 0x24, 0xFF, 0xF8, 0x00, 0x00, 0x00, 0x00, 0x00, 0x24, 0xFF, 0xF8, 0x00, 0x00, 0x00, 0x00,
    0x00, 0x24, 0xFF, 0xF8, 0x00, 0x00, 0x00, 0x00, 0x00, 0x24, 0xFF, 0xF8, 0x00, 0x00, 0x00, 0x00,
    0x00, 0x24, 0xFF, 0xF8, 0x00, 0x00, 0x00, 0x00, 0x00, 0x24, 0xFF, 0xF8, 0x00, 0x00, 0x00, 0x00,
    0x00, 0x24, 0xFF, 0xF8, 0x00, 0x00, 0x00, 0x00, 0x00, 0x24, 0xFF, 0xF8, 0x00, 0x00, 0x00, 0x00,
    0x00, 0x24, 0xFF, 0xF8, 0x00, 0x00, 0x00, 0x00, 0x00, 0xE4, 0xFF, 0x58, 0x00, 0x00, 0x00, 0xE4,
    0xFF, 0x58, 0x00, 0x00, 0x00, 0xE4, 0xFF, 0x58, 0x00, 0x00, 0x00, 0xE4, 0xFF, 0x58, 0x00, 0x00,
    0x00, 0xE4, 0xFF, 0x58, 0x00, 0x00, 0x00, 0xE4, 0xFF, 0x58, 0x00, 0x00, 0x00, 0xE4, 0xFF, 0x58,
    0x00, 0x00, 0x00, 0xE4, 0xFF, 0x58, 0x00, 0x00, 0x00, 0xE4, 0xFF, 0x58, 0x00, 0x00, 0x00, 0xE4,
    0xFF, 0x58, 0x00, 0x00, 0x00, 0xE4, 0xFF, 0x58, 0x00, 0x00, 0x00, 0xE4, 0xFF, 0x58, 0x00, 0x00,
    0x00, 0xE4, 0xFF, 0x58, 0x00, 0x00, 0x00, 0xE4, 0xFF, 0x58, 0x00, 0x00, 0x00, 0xE4, 0xFF, 0x58,
    0x00, 0x00, 0x00, 0xE4, 0xFF, 0x58, 0x00, 0x00, 0x02, 0xFF, 0xFF, 0x61, 0x00, 0x03, 0xAE, 0xFF,
    0x89, 0x02, 0x00, 0x6B, 0xFF, 0x9A, 0x00, 0x00, 0x00, 0xB3, 0xFF, 0x7B, 0x00, 0x08, 0x00, 0x90,
    0xFF, 0xFF, 0xE9, 0xB5, 0x00, 0x0E, 0xA3, 0xEF, 0xED, 0xAF, 0x05, 0x00, 0x00, 0x1C, 0xBA, 0xAC,
    0x0D, 0x00, 0x00, 0x7B, 0xFF, 0xFF, 0x5A, 0x00, 0x00, 0x2D, 0xE3, 0xD4, 0x19, 0x00, 0x00, 0x00,
    0x00, 0x00, 0x00, 0x00, 0x00, 0x00, 0x00, 0x00, 0x00, 0x00, 0x00, 0x24, 0xFF, 0xF8, 0x00, 0x00,
    0x00, 0x24, 0xFF, 0xF8, 0x00, 0x00, 0x00, 0x24, 0xFF, 0xF8, 0x00, 0x00, 0x00, 0x24, 0xFF, 0xF8,
    0x00, 0x00, 0x00, 0x24, 0xFF, 0xF8, 0x00, 0x00, 0x00, 0x24, 0xFF, 0xF8, 0x00, 0x00, 0x00, 0x24,
    0xFF, 0xF8, 0x00, 0x00, 0x00, 0x24, 0xFF, 0xF8, 0x00, 0x00, 0x00, 0x24, 0xFF, 0xF8, 0x00, 0x00,
    0x00, 0x24, 0xFF, 0xF8, 0x00, 0x00, 0x00, 0x24, 0xFF, 0xF8, 0x00, 0x00, 0x00, 0x24, 0xFF, 0xF8,
    0x00, 0x00, 0x00, 0x3D, 0xFF, 0xFF, 0x00, 0x00, 0x28, 0xE8, 0xEA, 0x40, 0x00, 0x00, 0xCB, 0xFF,
    0x3A, 0x00, 0x00, 0x13, 0xFF, 0xFF, 0x1B, 0x05, 0x03, 0x03, 0xED, 0xFF, 0xF6, 0xF2, 0x56, 0x00,
    0x3D, 0xCA, 0xF6, 0xDD, 0x66, 0x02, 0x96, 0xC5, 0x32, 0x2F, 0xFF, 0xFF, 0xA6, 0x07, 0xBE, 0xED,
    0x4A, 0x00, 0x00, 0x00, 0x00, 0x00, 0x00, 0x00, 0x00, 0x00, 0xE4, 0xFF, 0x58, 0x00, 0xE4, 0xFF,
    0x58, 0x00, 0xE4, 0xFF, 0x58, 0x00, 0xE4, 0xFF, 0x58, 0x00, 0xE4, 0xFF, 0x58, 0x00, 0xE4, 0xFF,
    0x58, 0x00, 0xE4, 0xFF, 0x58, 0x00, 0xE4, 0xFF, 0x58, 0x00, 0xE4, 0xFF, 0x58, 0x00, 0xE4, 0xFF,
    0x58, 0x00, 0xE4, 0xFF, 0x58, 0x00, 0xE4, 0xFF, 0x58, 0x00, 0xE4, 0xFF, 0x58, 0x00, 0xE4, 0xFF,
    0x58, 0x00, 0xE4, 0xFF, 0x58, 0x00, 0xE4, 0xFF, 0x58, 0x00, 0xE4, 0xFF, 0x58, 0x24, 0xFF, 0xF8,
    0x24, 0xFF, 0xF8, 0x24, 0xFF, 0xF8, 0x24, 0xFF, 0xF8, 0x24, 0xFF, 0xF8, 0x24, 0xFF, 0xF8, 0x24,
    0xFF, 0xF8, 0x24, 0xFF, 0xF8, 0x24, 0xFF, 0xF8, 0x24, 0xFF, 0xF8, 0x24, 0xFF, 0xF8, 0x24, 0xFF,
    0xF8, 0x24, 0xFF, 0xF8, 0xE4, 0xFF, 0x58, 0x00, 0x00, 0x00, 0x00, 0x00, 0x00, 0x00, 0x00, 0x00,
    0x00, 0x30, 0xFF, 0xFF, 0x0C, 0xE4, 0xFF, 0x58, 0x00, 0x00, 0x00, 0x00, 0x00, 0x00, 0x00, 0x00,
    0x00, 0x00, 0x30, 0xFF, 0xFF, 0x0C, 0xE4, 0xFF, 0x58, 0x00, 0x00, 0x00, 0x00, 0x00, 0x00, 0x00,
    0x00, 0x00, 0x00, 0x30, 0xFF, 0xFF, 0x0C, 0xE4, 0xFF, 0x58, 0x00, 0x00, 0x00, 0x00, 0x00, 0x00,
    0x00, 0x00, 0x00, 0x00, 0x30, 0xFF, 0xFF, 0x0C, 0xE4, 0xFF, 0x58, 0x00, 0x00, 0x00, 0x00, 0x00,
    0x00, 0x00, 0x00, 0x00, 0x00, 0x30, 0xFF, 0xFF, 0x0C, 0xE4, 0xFF, 0x58, 0x00, 0x00, 0x00, 0x00,
    0x00, 0x00, 0x00, 0x00, 0x00, 0x00, 0x30, 0xFF, 0xFF, 0x0C, 0xE4, 0xFF, 0x58, 0x00, 0x00, 0x00,
    0x00, 0x00, 0x00, 0x00, 0x00, 0x00, 0x00, 0x30, 0xFF, 0xFF, 0x0C, 0xE4, 0xFF, 0x58, 0x00, 0x00,
    0x00, 0x00, 0x00, 0x00, 0x00, 0x00, 0x00, 0x00, 0x30, 0xFF, 0xFF, 0x0C, 0xE4, 0xFF, 0x58, 0x00,
    0x00, 0x00, 0x00, 0x00, 0x00, 0x00, 0x00, 0x00, 0x00, 0x30, 0xFF, 0xFF, 0x0C, 0xE4, 0xFF, 0x58,
    0x00, 0x00, 0x00, 0x00, 0x00, 0x00, 0x00, 0x00, 0x00, 0x00, 0x30, 0xFF, 0xFF, 0x0C, 0xE4, 0xFF,
    0x58, 0x00, 0x00, 0x00, 0x00, 0x00, 0x00, 0x00, 0x00, 0x00, 0x00, 0x30, 0xFF, 0xFF, 0x0C, 0xE4,
    0xFF, 0x58, 0x00, 0x00, 0x58, 0xEC, 0xCA, 0x00, 0x00, 0x00, 0x00, 0x00, 0x30, 0xFF, 0xFF, 0x0B,
    0xE4, 0xFF, 0x58, 0x00, 0x00, 0x56, 0xFF, 0xEF, 0x00, 0x00, 0x00, 0x00, 0x00, 0x44, 0xFF, 0xFD,
    0x03, 0xE4, 0xFF, 0x58, 0x00, 0x00, 0x2E, 0xFF, 0xFF, 0x30, 0x00, 0x00, 0x00, 0x00, 0x84, 0xFF,
    0xD9, 0x00, 0xE4, 0xFF, 0x58, 0x00, 0x00, 0x00, 0xCE, 0xFF, 0xD3, 0x2D, 0x00, 0x02, 0x59, 0xF7,
    0xFF, 0x7A, 0x00, 0xE4, 0xFF, 0x58, 0x00, 0x00, 0x00, 0x2A, 0xE9, 0xFF, 0xFF, 0xEB, 0xF5, 0xFF,
    0xFF, 0xB9, 0x06, 0x00, 0xE4, 0xFF, 0x58, 0x00, 0x00, 0x00, 0x00, 0x18, 0x8F, 0xDB, 0xF9, 0xF4,
    0xC8, 0x6A, 0x03, 0x00, 0x00, 0x1C, 0xBA, 0xAC, 0x0D, 0x00, 0x00, 0x3A, 0xC7, 0x8E, 0x00, 0x7B,
    0xFF, 0xFF, 0x5A, 0x00, 0x00, 0xAF, 0xFF, 0xFF, 0x26, 0x2D, 0xE3, 0xD4, 0x19, 0x00, 0x00, 0x53,
    0xF0, 0xB6, 0x04, 0x00, 0x00, 0x00, 0x00, 0x00, 0x00, 0x00, 0x00, 0x00, 0x00, 0x00, 0x00, 0x00,
    0x00, 0x00, 0x00, 0x00, 0x00, 0x00, 0x00, 0x24, 0xFF, 0xF8, 0x00, 0x00, 0x00, 0x58, 0xFF, 0xC8,
    0x00, 0x24, 0xFF, 0xF8, 0x00, 0x00, 0x00, 0x58, 0xFF, 0xC8, 0x00, 0x24, 0xFF, 0xF8, 0x00, 0x00,
    0x00, 0x58, 0xFF, 0xC8, 0x00, 0x24, 0xFF, 0xF8, 0x00, 0x00, 0x00, 0x58, 0xFF, 0xC8, 0x00, 0x24,
    0xFF, 0xF8, 0x00, 0x00, 0x00, 0x58, 0xFF, 0xC8, 0x00, 0x24, 0xFF, 0xF8, 0x00, 0x00, 0x00, 0x58,
    0xFF, 0xC8, 0x00, 0x24, 0xFF, 0xF8, 0x00, 0x00, 0x00, 0x58, 0xFF, 0xC8, 0x00, 0x24, 0xFF, 0xF8,
    0x00, 0x00, 0x00, 0x58, 0xFF, 0xC8, 0x00, 0x24, 0xFF, 0xF8, 0x00, 0x00, 0x00, 0x58, 0xFF, 0xC8,
    0x00, 0x24, 0xFF, 0xF8, 0x00, 0x00, 0x00, 0x58, 0xFF, 0xC8, 0x00, 0x24, 0xFF, 0xF8, 0x00, 0x00,
    0x00, 0x58, 0xFF, 0xC8, 0x00, 0x24, 0xFF, 0xF8, 0x00, 0x00, 0x00, 0x58, 0xFF, 0xC8, 0x00, 0x24,
    0xFF, 0xF8, 0x00, 0x00, 0x00, 0x58, 0xFF, 0xC8, 0x00, 0x00, 0x00, 0x00, 0x00, 0x00, 0x00, 0x58,
    0xFF, 0xC8, 0x00, 0x00, 0x00, 0x00, 0x00, 0x00, 0x00, 0x66, 0xFF, 0xB6, 0x00, 0x00, 0x00, 0x00,
    0x00, 0x00, 0x0D, 0xC4, 0xFF, 0x8B, 0x00, 0x00, 0x00, 0x00, 0x00, 0x74, 0xFB, 0xFF, 0xF5, 0x1D,
    0x00, 0x00, 0x00, 0x00, 0x00, 0x7F, 0xF5, 0xBF, 0x3A, 0x00, 0x00, 0x00, 0x00, 0x00, 0x00, 0x00,
    0x00, 0x00, 0x1E, 0xE2, 0xFF, 0xD8, 0x14, 0x00, 0x00, 0x00, 0x00, 0x00, 0x00, 0x00, 0x00, 0x18,
    0xDB, 0xF0, 0x64, 0xF6, 0xCB, 0x0D, 0x00, 0x00, 0x00, 0x00, 0x00, 0x00, 0x11, 0xD3, 0xF9, 0x41,
    0x00, 0x50, 0xFD, 0xBD, 0x07, 0x00, 0x00, 0x00, 0x00, 0x00, 0x00, 0x00, 0x00, 0x00, 0x00, 0x00,
    0x00, 0x00, 0x00, 0x00, 0x00, 0x00, 0x00, 0x00, 0x00, 0x00, 0x00, 0x00, 0x00, 0x00, 0x00, 0x00,
    0x00, 0x00, 0x00, 0x00, 0x00, 0x00, 0x00, 0x00, 0x00, 0xA4, 0xFF, 0x98, 0x00, 0x00, 0x00, 0x00,
    0x00, 0x00, 0x00, 0x00, 0x00, 0x00, 0x00, 0xA4, 0xFF, 0x98, 0x00, 0x00, 0x00, 0x00, 0x00, 0x00,
    0x00, 0x00, 0x00, 0x00, 0x00, 0xA4, 0xFF, 0x98, 0x00, 0x00, 0x00, 0x00, 0x00, 0x00, 0x00, 0x00,
    0x00, 0x00, 0x00, 0xA4, 0xFF, 0x98, 0x00, 0x00, 0x00, 0x00, 0x00, 0x00, 0x00, 0x00, 0x00, 0x00,
    0x00, 0xA4, 0xFF, 0x98, 0x00, 0x00, 0x00, 0x00, 0x00, 0x00, 0x00, 0x00, 0x00, 0x00, 0x00, 0xA4,
    0xFF, 0x98, 0x00, 0x00, 0x00, 0x00, 0x00, 0x00, 0x00, 0x00, 0x00, 0x00, 0x00, 0xA4, 0xFF, 0x98,
    0x00, 0x00, 0x00, 0x00, 0x00, 0x00, 0x00, 0x00, 0x00, 0x00, 0x00, 0xA4, 0xFF, 0x98, 0x00, 0x00,
    0x00, 0x00, 0x00, 0x00, 0x00, 0x00, 0x00, 0x00, 0x00, 0xA4, 0xFF, 0x98, 0x00, 0x00, 0x00, 0x00,
    0x00, 0x00, 0x00, 0x00, 0x00, 0x00, 0x00, 0xA4, 0xFF, 0x98, 0x00, 0x00, 0x00, 0x00, 0x00, 0x00,
    0x00, 0x00, 0x00, 0x00, 0x00, 0xA4, 0xFF, 0x98, 0x00, 0x00, 0x00, 0xC3, 0xEC, 0x5F, 0x00, 0x00,
    0x00, 0x00, 0x00, 0xA4, 0xFF, 0x97, 0x00, 0x00, 0x00, 0xCA, 0xFF, 0x7B, 0x00, 0x00, 0x00, 0x00,
    0x00, 0xB8, 0xFF, 0x8C, 0x00, 0x00, 0x00, 0xA2, 0xFF, 0xBC, 0x00, 0x00, 0x00, 0x00, 0x0D, 0xEB,
    0xFF, 0x65, 0x00, 0x00, 0x00, 0x43, 0xFF, 0xFF, 0x83, 0x08, 0x00, 0x16, 0xB0, 0xFF, 0xF2, 0x14,
    0x00, 0x00, 0x00, 0x00, 0x88, 0xFF, 0xFF, 0xFB, 0xE6, 0xFE, 0xFF, 0xF9, 0x52, 0x00, 0x00, 0x00,
    0x00, 0x00, 0x00, 0x4B, 0xB8, 0xEE, 0xFB, 0xE6, 0xA5, 0x2E, 0x00, 0x00, 0x00, 0x00, 0x00, 0x00,
    0x00, 0x91, 0xFF, 0xFE, 0x5E, 0x00, 0x00, 0x00, 0x84, 0xFF, 0x91, 0xBA, 0xFB, 0x4D, 0x00, 0x74,
    0xFF, 0xA8, 0x01, 0x0D, 0xCF, 0xF7, 0x3E, 0x00, 0x00, 0x00, 0x00, 0x00, 0x00, 0x00, 0x00, 0x00,
    0x00, 0x00, 0x00, 0x00, 0x00, 0x00, 0x00, 0x00, 0x00, 0x28, 0xFF, 0xF8, 0x00, 0x00, 0x00, 0x00,
    0x00, 0x28, 0xFF, 0xF8, 0x00, 0x00, 0x00, 0x00, 0x00, 0x28, 0xFF, 0xF8, 0x00, 0x00, 0x00, 0x00,
    0x00, 0x28, 0xFF, 0xF8, 0x00, 0x00, 0x00, 0x00, 0x00, 0x28, 0xFF, 0xF8, 0x00, 0x00, 0x00, 0x00,
    0x00, 0x28, 0xFF, 0xF8, 0x00, 0x00, 0x00, 0x00, 0x00, 0x28, 0xFF, 0xF8, 0x00, 0x00, 0x00, 0x00,
    0x00, 0x28, 0xFF, 0xF8, 0x00, 0x00, 0x00, 0x00, 0x00, 0x28, 0xFF, 0xF8, 0x00, 0x00, 0x00, 0x00,
    0x00, 0x28, 0xFF, 0xF8, 0x00, 0x00, 0x00, 0x00, 0x00, 0x28, 0xFF, 0xF8, 0x00, 0x00, 0x00, 0x00,
    0x00, 0x28, 0xFF, 0xF8, 0x00, 0x00, 0x00, 0x00, 0x00, 0x28, 0xFF, 0xF8, 0x00, 0x00, 0x00, 0x00,
    0x00, 0x28, 0xFF, 0xF8, 0x00, 0x00, 0x00, 0x00, 0x00, 0x36, 0xFF, 0xE6, 0x00, 0x00, 0x00, 0x00,
    0x03, 0x9D, 0xFF, 0xBB, 0x00, 0x00, 0x00, 0x48, 0xF7, 0xFF, 0xFF, 0x43, 0x00, 0x00, 0x00, 0x50,
    0xF9, 0xCF, 0x57, 0x00, 0x00, 0x00, 0x00, 0xE4, 0xFF, 0x58, 0x00, 0x00, 0x00, 0x00, 0x00, 0x00,
    0x17, 0xDA, 0xFF, 0xDE, 0x1B, 0xE4, 0xFF, 0x58, 0x00, 0x00, 0x00, 0x00, 0x00, 0x11, 0xD1, 0xFF,
    0xE5, 0x22, 0x00, 0xE4, 0xFF, 0x58, 0x00, 0x00, 0x00, 0x00, 0x0C, 0xC8, 0xFF, 0xEA, 0x29, 0x00,
    0x00, 0xE4, 0xFF, 0x58, 0x00, 0x00, 0x00, 0x08, 0xBF, 0xFF, 0xEF, 0x31, 0x00, 0x00, 0x00, 0xE4,
    0xFF, 0x58, 0x00, 0x00, 0x05, 0xB4, 0xFF, 0xF4, 0x39, 0x00, 0x00, 0x00, 0x00, 0xE4, 0xFF, 0x57,
    0x00, 0x02, 0xA8, 0xFF, 0xF8, 0x43, 0x00, 0x00, 0x00, 0x00, 0x00, 0xE4, 0xFF, 0x55, 0x00, 0x94,
    0xFF, 0xFA, 0x4C, 0x00, 0x00, 0x00, 0x00, 0x00, 0x00, 0xE4, 0xFF, 0x51, 0x76, 0xFF, 0xFF, 0x99,
    0x00, 0x00, 0x00, 0x00, 0x00, 0x00, 0x00, 0xE4, 0xFF, 0x9A, 0xFD, 0xFD, 0xFF, 0xF9, 0x33, 0x00,
    0x00, 0x00, 0x00, 0x00, 0x00, 0xE4, 0xFF, 0xFF, 0xF9, 0x4A, 0xB0, 0xFF, 0xDB, 0x0D, 0x00, 0x00,
    0x00, 0x00, 0x00, 0xE4, 0xFF, 0xFA, 0x4E, 0x00, 0x12, 0xE2, 0xFF, 0xA6, 0x00, 0x00, 0x00, 0x00,
    0x00, 0xE4, 0xFF, 0x73, 0x00, 0x00, 0x00, 0x3C, 0xFC, 0xFF, 0x63, 0x00, 0x00, 0x00, 0x00, 0xE4,
    0xFF, 0x58, 0x00, 0x00, 0x00, 0x00, 0x7C, 0xFF, 0xF5, 0x2A, 0x00, 0x00, 0x00, 0xE4, 0xFF, 0x58,
    0x00, 0x00, 0x00, 0x00, 0x02, 0xBD, 0xFF, 0xD4, 0x09, 0x00, 0x00, 0xE4, 0xFF, 0x58, 0x00, 0x00,
    0x00, 0x00, 0x00, 0x19, 0xEA, 0xFF, 0x9A, 0x00, 0x00, 0xE4, 0xFF, 0x58, 0x00, 0x00, 0x00, 0x00,
    0x00, 0x00, 0x48, 0xFE, 0xFF, 0x57, 0x00, 0xE4, 0xFF, 0x58, 0x00, 0x00, 0x00, 0x00, 0x00, 0x00,
    0x00, 0x8A, 0xFF, 0xF1, 0x23, 0x00, 0x00, 0x00, 0x00, 0x00, 0x00, 0x00, 0x00, 0x00, 0x00, 0x00,
    0x00, 0x00, 0x00, 0x00, 0x00, 0x00, 0x00, 0x00, 0x00, 0x00, 0x00, 0x00, 0x00, 0x00, 0x00, 0x00,
    0x00, 0x00, 0x00, 0x00, 0x00, 0x04, 0xF5, 0xFE, 0x1E, 0x00, 0x00, 0x00, 0x00, 0x00, 0x00, 0x00,
    0x00, 0x00, 0x00, 0x37, 0xFF, 0xBC, 0x00, 0x00, 0x00, 0x00, 0x00, 0x00, 0x00, 0x00, 0x00, 0x00,
    0x00, 0x73, 0xFF, 0x5D, 0x00, 0x00, 0x00, 0x00, 0x00, 0x00, 0x00, 0x00, 0x00, 0x00, 0x00, 0xAE,
    0xF3, 0x0B, 0x00, 0x00, 0x00, 0x00, 0x00, 0x00, 0x00, 0x24, 0xFF, 0xF8, 0x00, 0x00, 0x00, 0x00,
    0x00, 0x00, 0x00, 0x00, 0x00, 0x24, 0xFF, 0xF8, 0x00, 0x00, 0x00, 0x00, 0x00, 0x00, 0x00, 0x00,
    0x00, 0x24, 0xFF, 0xF8, 0x00, 0x00, 0x00, 0x00, 0x00, 0x00, 0x00, 0x00, 0x00, 0x24, 0xFF, 0xF8,
    0x00, 0x00, 0x00, 0x00, 0x00, 0x00, 0x00, 0x00, 0x00, 0x24, 0xFF, 0xF8, 0x00, 0x00, 0x00, 0x00,
    0x02, 0xA6, 0xFF, 0xD9, 0x18, 0x24, 0xFF, 0xF8, 0x00, 0x00, 0x00, 0x02, 0xA1, 0xFF, 0xDB, 0x1A,
    0x00, 0x24, 0xFF, 0xF8, 0x00, 0x00, 0x01, 0x9C, 0xFF, 0xDD, 0x1C, 0x00, 0x00, 0x24, 0xFF, 0xF8,
    0x00, 0x00, 0x97, 0xFF, 0xE0, 0x1F, 0x00, 0x00, 0x00, 0x24, 0xFF, 0xF8, 0x00, 0x92, 0xFF, 0xE2,
    0x21, 0x00, 0x00, 0x00, 0x00, 0x24, 0xFF, 0xFA, 0x93, 0xFF, 0xFF, 0x30, 0x00, 0x00, 0x00, 0x00,
    0x00, 0x24, 0xFF, 0xFF, 0xFF, 0xFF, 0xFF, 0xAD, 0x01, 0x00, 0x00, 0x00, 0x00, 0x24, 0xFF, 0xFF,
    0xBD, 0x4F, 0xFC, 0xFF, 0x7A, 0x00, 0x00, 0x00, 0x00, 0x24, 0xFF, 0xFA, 0x07, 0x00, 0x73, 0xFF,
    0xFD, 0x47, 0x00, 0x00, 0x00, 0x24, 0xFF, 0xF8, 0x00, 0x00, 0x00, 0xA6, 0xFF, 0xEE, 0x22, 0x00,
    0x00, 0x24, 0xFF, 0xF8, 0x00, 0x00, 0x00, 0x0A, 0xD0, 0xFF, 0xD1, 0x0A, 0x00, 0x24, 0xFF, 0xF8,
    0x00, 0x00, 0x00, 0x00, 0x21, 0xED, 0xFF, 0xA6, 0x00, 0x24, 0xFF, 0xF8, 0x00, 0x00, 0x00, 0x00,
    0x00, 0x45, 0xFC, 0xFF, 0x72, 0x00, 0x00, 0x00, 0x00, 0x00, 0x00, 0x00, 0x00, 0x00, 0x00, 0x00,
    0x00, 0x00, 0x00, 0x00, 0x00, 0x00, 0x00, 0x00, 0x00, 0x00, 0x00, 0x00, 0x00, 0x00, 0x00, 0x00,
    0x00, 0x6B, 0xFF, 0xAB, 0x00, 0x00, 0x00, 0x00, 0x00, 0x00, 0x00, 0x00, 0x00, 0xA7, 0xFF, 0x4C,
    0x00, 0x00, 0x00, 0x00, 0x00, 0x00, 0x00, 0x00, 0x00, 0xE2, 0xE9, 0x04, 0x00, 0x00, 0x00, 0x00,
    0x00, 0x00, 0x00, 0x00, 0x1D, 0xFF, 0x8F, 0x00, 0x00, 0x00, 0x00, 0x00, 0x00, 0x24, 0xFF, 0xF8,
    0x00, 0x00, 0x00, 0x00, 0x00, 0xAB, 0xFF, 0xD4, 0x0C, 0x24, 0xFF, 0xF8, 0x00, 0x00, 0x00, 0x00,
    0x73, 0xFF, 0xEF, 0x24, 0x00, 0x24, 0xFF, 0xF8, 0x00, 0x00, 0x00, 0x3E, 0xFB, 0xFD, 0x48, 0x00,
    0x00, 0x24, 0xFF, 0xF8, 0x00, 0x00, 0x19, 0xE8, 0xFF, 0x78, 0x00, 0x00, 0x00, 0x24, 0xFF, 0xF8,
    0x00, 0x05, 0xC4, 0xFF, 0xA9, 0x00, 0x00, 0x00, 0x00, 0x24, 0xFF, 0xF8, 0x00, 0x90, 0xFF, 0xD1,
    0x0B, 0x00, 0x00, 0x00, 0x00, 0x24, 0xFF, 0xFF, 0xFF, 0xFF, 0xED, 0x22, 0x00, 0x00, 0x00, 0x00,
    0x00, 0x24, 0xFF, 0xFE, 0xDE, 0xFF, 0xF2, 0x32, 0x00, 0x00, 0x00, 0x00, 0x00, 0x24, 0xFF, 0xF8,
    0x00, 0x8D, 0xFF, 0xEA, 0x26, 0x00, 0x00, 0x00, 0x00, 0x24, 0xFF, 0xF8, 0x00, 0x01, 0xA0, 0xFF,
    0xE1, 0x1C, 0x00, 0x00, 0x00, 0x24, 0xFF, 0xF8, 0x00, 0x00, 0x04, 0xB2, 0xFF, 0xD5, 0x13, 0x00,
    0x00, 0x24, 0xFF, 0xF8, 0x00, 0x00, 0x00, 0x08, 0xC1, 0xFF, 0xC9, 0x0C, 0x00, 0x24, 0xFF, 0xF8,
    0x00, 0x00, 0x00, 0x00, 0x0E, 0xCF, 0xFF, 0xBA, 0x06, 0x00, 0x17, 0x80, 0x7F, 0x11, 0x00, 0x00,
    0x00, 0x00, 0x00, 0x00, 0x00, 0x89, 0xFF, 0xA4, 0x00, 0x00, 0x00, 0x00, 0x00, 0x00, 0x00, 0x0F,
    0xF1, 0xEA, 0x13, 0x00, 0x00, 0x00, 0x00, 0x00, 0x00, 0x00, 0x78, 0xFF, 0x57, 0x00, 0x00, 0x00,
    0x00, 0x00, 0x00, 0x00, 0x00, 0x00, 0x00, 0x00, 0x00, 0x00, 0x00, 0x00, 0x00, 0x00, 0x00, 0x00,
    0x00, 0x00, 0x00, 0x00, 0x00, 0x00, 0x00, 0x00, 0x00, 0x00, 0x00, 0xE4, 0xFF, 0x58, 0x00, 0x00,
    0x00, 0x00, 0x00, 0x00, 0x00, 0x00, 0xE4, 0xFF, 0x58, 0x00, 0x00, 0x00, 0x00, 0x00, 0x00, 0x00,
    0x00, 0xE4, 0xFF, 0x58, 0x00, 0x00, 0x00, 0x00, 0x00, 0x00, 0x00, 0x00, 0xE4, 0xFF, 0x58, 0x00,
    0x00, 0x00, 0x00, 0x00, 0x00, 0x00, 0x00, 0xE4, 0xFF, 0x58, 0x00, 0x00, 0x00, 0x00, 0x00, 0x00,
    0x00, 0x00, 0xE4, 0xFF, 0x58, 0x00, 0x00, 0x00, 0x00, 0x00, 0x00, 0x00, 0x00, 0xE4, 0xFF, 0x58,
    0x00, 0x00, 0x00, 0x00, 0x00, 0x00, 0x00, 0x00, 0xE4, 0xFF, 0x58, 0x00, 0x00, 0x00, 0x00, 0x00,
    0x00, 0x00, 0x00, 0xE4, 0xFF, 0x58, 0x00, 0x00, 0x00, 0x00, 0x00, 0x00, 0x00, 0x00, 0xE4, 0xFF,
    0x58, 0x00, 0x00, 0x00, 0x00, 0x00, 0x00, 0x00, 0x00, 0xE4, 0xFF, 0x58, 0x00, 0x00, 0x00, 0x00,
    0x00, 0x00, 0x00, 0x00, 0xE4, 0xFF, 0x58, 0x00, 0x00, 0x00, 0x00, 0x00, 0x00, 0x00, 0x00, 0xE4,
    0xFF, 0x58, 0x00, 0x00, 0x00, 0x00, 0x00, 0x00, 0x00, 0x00, 0xE4, 0xFF, 0x58, 0x00, 0x00, 0x00,
    0x00, 0x00, 0x00, 0x00, 0x00, 0xE4, 0xFF, 0x58, 0x00, 0x00, 0x00, 0x00, 0x00, 0x00, 0x00, 0x00,
    0xE4, 0xFF, 0xF5, 0xF0, 0xF0, 0xF0, 0xF0, 0xF0, 0xF0, 0xF0, 0x65, 0xE4, 0xFF, 0xFF, 0xFF, 0xFF,
    0xFF, 0xFF, 0xFF, 0xFF, 0xFF, 0x6C, 0x00, 0x00, 0x3F, 0x80, 0x69, 0x00, 0x01, 0xD6, 0xFF, 0x54,
    0x00, 0x51, 0xFF, 0xAD, 0x00, 0x00, 0xC8, 0xEE, 0x18, 0x00, 0x00, 0x00, 0x00, 0x00, 0x00, 0x00,
    0x00, 0x00, 0x00, 0x00, 0x24, 0xFF, 0xF8, 0x00, 0x00, 0x24, 0xFF, 0xF8, 0x00, 0x00, 0x24, 0xFF,
    0xF8, 0x00, 0x00, 0x24, 0xFF, 0xF8, 0x00, 0x00, 0x24, 0xFF, 0xF8, 0x00, 0x00, 0x24, 0xFF, 0xF8,
    0x00, 0x00, 0x24, 0xFF, 0xF8, 0x00, 0x00, 0x24, 0xFF, 0xF8, 0x00, 0x00, 0x24, 0xFF, 0xF8, 0x00,
    0x00, 0x24, 0xFF, 0xF8, 0x00, 0x00, 0x24, 0xFF, 0xF8, 0x00, 0x00, 0x24, 0xFF, 0xF8, 0x00, 0x00,
    0x24, 0xFF, 0xF8, 0x00, 0x00, 0x24, 0xFF, 0xF8, 0x00, 0x00, 0x24, 0xFF, 0xF8, 0x00, 0x00, 0x24,
    0xFF, 0xF8, 0x00, 0x00, 0x24, 0xFF, 0xF8, 0x00, 0x00, 0xE4, 0xFF, 0x58, 0x00, 0x00, 0x00, 0x00,
    0x00, 0x00, 0x00, 0x00, 0xE4, 0xFF, 0x58, 0x00, 0x00, 0x00, 0x00, 0x00, 0x00, 0x00, 0x00, 0xE4,
    0xFF, 0x58, 0x00, 0x00, 0x00, 0x00, 0x00, 0x00, 0x00, 0x00, 0xE4, 0xFF, 0x58, 0x00, 0x00, 0x00,
    0x00, 0x00, 0x00, 0x00, 0x00, 0xE4, 0xFF, 0x58, 0x00, 0x00, 0x00, 0x00, 0x00, 0x00, 0x00, 0x00,
    0xE4, 0xFF, 0x58, 0x00, 0x00, 0x00, 0x00, 0x00, 0x00, 0x00, 0x00, 0xE4, 0xFF, 0x58, 0x00, 0x00,
    0x00, 0x00, 0x00, 0x00, 0x00, 0x00, 0xE4, 0xFF, 0x58, 0x00, 0x00, 0x00, 0x00, 0x00, 0x00, 0x00,
    0x00, 0xE4, 0xFF, 0x58, 0x00, 0x00, 0x00, 0x00, 0x00, 0x00, 0x00, 0x00, 0xE4, 0xFF, 0x58, 0x00,
    0x00, 0x00, 0x00, 0x00, 0x00, 0x00, 0x00, 0xE4, 0xFF, 0x58, 0x00, 0x00, 0x00, 0x00, 0x00, 0x00,
    0x00, 0x00, 0xE4, 0xFF, 0x58, 0x00, 0x00, 0x00, 0x00, 0x00, 0x00, 0x00, 0x00, 0xE4, 0xFF, 0x58,
    0x00, 0x00, 0x00, 0x00, 0x00, 0x00, 0x00, 0x00, 0xE4, 0xFF, 0x58, 0x00, 0x00, 0x00, 0x00, 0x00,
    0x00, 0x00, 0x00, 0xE4, 0xFF, 0x58, 0x00, 0x00, 0x00, 0x00, 0x00, 0x00, 0x00, 0x00, 0xE4, 0xFF,
    0xF5, 0xF0, 0xF0, 0xF0, 0xF0, 0xF0, 0xF0, 0xF0, 0x65, 0xE4, 0xFF, 0xFF, 0xFF, 0xFF, 0xFF, 0xFF,
    0xFF, 0xFF, 0xFF, 0x6C, 0x00, 0x00, 0x00, 0x00, 0x00, 0x00, 0x00, 0x00, 0x00, 0x00, 0x00, 0x00,
    0x00, 0x00, 0x00, 0x00, 0x00, 0x00, 0x00, 0x00, 0x00, 0x00, 0x00, 0x00, 0x00, 0x03, 0xF2, 0xFE,
    0x21, 0x00, 0x00, 0x00, 0x00, 0x00, 0x00, 0x00, 0x33, 0xFF, 0xC0, 0x00, 0x00, 0x00, 0x00, 0x00,
    0x00, 0x00, 0x00, 0x6F, 0xFF, 0x61, 0x00, 0x00, 0x00, 0x00, 0x00, 0x00, 0x00, 0x00, 0xAA, 0xF5,
    0x0D, 0x00, 0x00, 0x00, 0x00, 0x00, 0x00, 0x24, 0xFF, 0xF8, 0x00, 0x24, 0xFF, 0xF8, 0x00, 0x24,
    0xFF, 0xF8, 0x00, 0x24, 0xFF, 0xF8, 0x00, 0x24, 0xFF, 0xF8, 0x00, 0x24, 0xFF, 0xF8, 0x00, 0x24,
    0xFF, 0xF8, 0x00, 0x24, 0xFF, 0xF8, 0x00, 0x24, 0xFF, 0xF8, 0x00, 0x24, 0xFF, 0xF8, 0x00, 0x24,
    0xFF, 0xF8, 0x00, 0x24, 0xFF, 0xF8, 0x00, 0x24, 0xFF, 0xF8, 0x00, 0x24, 0xFF, 0xF8, 0x00, 0x24,
    0xFF, 0xF8, 0x00, 0x24, 0xFF, 0xF8, 0x00, 0x24, 0xFF, 0xF8, 0x00, 0x00, 0x00, 0x00, 0x00, 0x00,
    0x00, 0x00, 0x00, 0x57, 0xFF, 0xBF, 0x00, 0x93, 0xFF, 0x60, 0x00, 0xCF, 0xF5, 0x0C, 0x0D, 0xFC,
    0xA3, 0x00, 0x00, 0x00, 0x00, 0x00, 0x00, 0xB4, 0xFF, 0x53, 0x00, 0x00, 0x00, 0xE4, 0xFF, 0x58,
    0x00, 0x00, 0xB4, 0xFF, 0x2C, 0x00, 0x00, 0x00, 0xE4, 0xFF, 0x58, 0x00, 0x00, 0xB4, 0xFD, 0x08,
    0x00, 0x00, 0x00, 0xE4, 0xFF, 0x58, 0x00, 0x00, 0xB4, 0xDF, 0x00, 0x00, 0x00, 0x00, 0xE4, 0xFF,
    0x58, 0x00, 0x00, 0x00, 0x00, 0x00, 0x00, 0x00, 0x00, 0xE4, 0xFF, 0x58, 0x00, 0x00, 0x00, 0x00,
    0x00, 0x00, 0x00, 0x00, 0xE4, 0xFF, 0x58, 0x00, 0x00, 0x00, 0x00, 0x00, 0x00, 0x00, 0x00, 0xE4,
    0xFF, 0x58, 0x00, 0x00, 0x00, 0x00, 0x00, 0x00, 0x00, 0x00, 0xE4, 0xFF, 0x58, 0x00, 0x00, 0x00,
    0x00, 0x00, 0x00, 0x00, 0x00, 0xE4, 0xFF, 0x58, 0x00, 0x00, 0x00, 0x00, 0x00, 0x00, 0x00, 0x00,
    0xE4, 0xFF, 0x58, 0x00, 0x00, 0x00, 0x00, 0x00, 0x00, 0x00, 0x00, 0xE4, 0xFF, 0x58, 0x00, 0x00,
    0x00, 0x00, 0x00, 0x00, 0x00, 0x00, 0xE4, 0xFF, 0x58, 0x00, 0x00, 0x00, 0x00, 0x00, 0x00, 0x00,
    0x00, 0xE4, 0xFF, 0x58, 0x00, 0x00, 0x00, 0x00, 0x00, 0x00, 0x00, 0x00, 0xE4, 0xFF, 0x58, 0x00,
    0x00, 0x00, 0x00, 0x00, 0x00, 0x00, 0x00, 0xE4, 0xFF, 0x58, 0x00, 0x00, 0x00, 0x00, 0x00, 0x00,
    0x00, 0x00, 0xE4, 0xFF, 0xF5, 0xF0, 0xF0, 0xF0, 0xF0, 0xF0, 0xF0, 0xF0, 0x65, 0xE4, 0xFF, 0xFF,
    0xFF, 0xFF, 0xFF, 0xFF, 0xFF, 0xFF, 0xFF, 0x6C, 0x00, 0x00, 0x00, 0x00, 0x5C, 0xFF, 0xAB, 0x24,
    0xFF, 0xF8, 0x00, 0x5C, 0xFF, 0x84, 0x24, 0xFF, 0xF8, 0x00, 0x5C, 0xFF, 0x5D, 0x24, 0xFF, 0xF8,
    0x00, 0x5C, 0xFF, 0x37, 0x24, 0xFF, 0xF8, 0x00, 0x00, 0x00, 0x00, 0x24, 0xFF, 0xF8, 0x00, 0x00,
    0x00, 0x00, 0x24, 0xFF, 0xF8, 0x00, 0x00, 0x00, 0x00, 0x24, 0xFF, 0xF8, 0x00, 0x00, 0x00, 0x00,
    0x24, 0xFF, 0xF8, 0x00, 0x00, 0x00, 0x00, 0x24, 0xFF, 0xF8, 0x00, 0x00, 0x00, 0x00, 0x24, 0xFF,
    0xF8, 0x00, 0x00, 0x00, 0x00, 0x24, 0xFF, 0xF8, 0x00, 0x00, 0x00, 0x00, 0x24, 0xFF, 0xF8, 0x00,
    0x00, 0x00, 0x00, 0x24, 0xFF, 0xF8, 0x00, 0x00, 0x00, 0x00, 0x24, 0xFF, 0xF8, 0x00, 0x00, 0x00,
    0x00, 0x24, 0xFF, 0xF8, 0x00, 0x00, 0x00, 0x00, 0x24, 0xFF, 0xF8, 0x00, 0x00, 0x00, 0x00, 0x24,
    0xFF, 0xF8, 0x00, 0x00, 0x00, 0x00, 0xE4, 0xFF, 0x58, 0x00, 0x00, 0x00, 0x00, 0x00, 0x00, 0x00,
    0x00, 0xE4, 0xFF, 0x58, 0x00, 0x00, 0x00, 0x00, 0x00, 0x00, 0x00, 0x00, 0xE4, 0xFF, 0x58, 0x00,
    0x00, 0x00, 0x00, 0x00, 0x00, 0x00, 0x00, 0xE4, 0xFF, 0x58, 0x00, 0x00, 0x00, 0x00, 0x00, 0x00,
    0x00, 0x00, 0xE4, 0xFF, 0x58, 0x00, 0x00, 0x00, 0x00, 0x00, 0x00, 0x00, 0x00, 0xE4, 0xFF, 0x58,
    0x00, 0x00, 0x00, 0x00, 0x00, 0x00, 0x00, 0x00, 0xE4, 0xFF, 0x58, 0x00, 0x00, 0x85, 0xC9, 0x42,
    0x00, 0x00, 0x00, 0xE4, 0xFF, 0x58, 0x00, 0x17, 0xFF, 0xFF, 0xBE, 0x00, 0x00, 0x00, 0xE4, 0xFF,
    0x58, 0x00, 0x01, 0xAD, 0xF1, 0x5D, 0x00, 0x00, 0x00, 0xE4, 0xFF, 0x58, 0x00, 0x00, 0x00, 0x00,
    0x00, 0x00, 0x00, 0x00, 0xE4, 0xFF, 0x58, 0x00, 0x00, 0x00, 0x00, 0x00, 0x00, 0x00, 0x00, 0xE4,
    0xFF, 0x58, 0x00, 0x00, 0x00, 0x00, 0x00, 0x00, 0x00, 0x00, 0xE4, 0xFF, 0x58, 0x00, 0x00, 0x00,
    0x00, 0x00, 0x00, 0x00, 0x00, 0xE4, 0xFF, 0x58, 0x00, 0x00, 0x00, 0x00, 0x00, 0x00, 0x00, 0x00,
    0xE4, 0xFF, 0x58, 0x00, 0x00, 0x00, 0x00, 0x00, 0x00, 0x00, 0x00, 0xE4, 0xFF, 0xF5, 0xF0, 0xF0,
    0xF0, 0xF0, 0xF0, 0xF0, 0xF0, 0x65, 0xE4, 0xFF, 0xFF, 0xFF, 0xFF, 0xFF, 0xFF, 0xFF, 0xFF, 0xFF,
    0x6C, 0x24, 0xFF, 0xF8, 0x00, 0x00, 0x00, 0x00, 0x00, 0x24, 0xFF, 0xF8, 0x00, 0x00, 0x00, 0x00,
    0x00, 0x24, 0xFF, 0xF8, 0x00, 0x00, 0x00, 0x00, 0x00, 0x24, 0xFF, 0xF8, 0x00, 0x00, 0x00, 0x00,
    0x00, 0x24, 0xFF, 0xF8, 0x00, 0x00, 0x00, 0x00, 0x00, 0x24, 0xFF, 0xF8, 0x00, 0x00, 0x00, 0x00,
    0x00, 0x24, 0xFF, 0xF8, 0x00, 0x00, 0x00, 0x00, 0x00, 0x24, 0xFF, 0xF8, 0x00, 0x27, 0xDB, 0xE3,
    0x38, 0x24, 0xFF, 0xF8, 0x00, 0x7B, 0xFF, 0xFF, 0x97, 0x24, 0xFF, 0xF8, 0x00, 0x27, 0xDB, 0xE4,
    0x38, 0x24, 0xFF, 0xF8, 0x00, 0x00, 0x00, 0x00, 0x00, 0x24, 0xFF, 0xF8, 0x00, 0x00, 0x00, 0x00,
    0x00, 0x24, 0xFF, 0xF8, 0x00, 0x00, 0x00, 0x00, 0x00, 0x24, 0xFF, 0xF8, 0x00, 0x00, 0x00, 0x00,
    0x00, 0x24, 0xFF, 0xF8, 0x00, 0x00, 0x00, 0x00, 0x00, 0x24, 0xFF, 0xF8, 0x00, 0x00, 0x00, 0x00,
    0x00, 0x24, 0xFF, 0xF8, 0x00, 0x00, 0x00, 0x00, 0x00, 0x00, 0x00, 0x30, 0xFF, 0xFF, 0x0C, 0x00,
    0x00, 0x00, 0x00, 0x00, 0x00, 0x00, 0x00, 0x00, 0x00, 0x30, 0xFF, 0xFF, 0x0C, 0x00, 0x00, 0x00,
    0x00, 0x00, 0x00, 0x00, 0x00, 0x00, 0x00, 0x30, 0xFF, 0xFF, 0x0C, 0x00, 0x00, 0x00, 0x00, 0x00,
    0x00, 0x00, 0x00, 0x00, 0x00, 0x30, 0xFF, 0xFF, 0x0C, 0x00, 0x00, 0x19, 0x24, 0x00, 0x00, 0x00,
    0x00, 0x00, 0x00, 0x30, 0xFF, 0xFF, 0x0C, 0x07, 0x79, 0xF3, 0x54, 0x00, 0x00, 0x00, 0x00, 0x00,
    0x00, 0x30, 0xFF, 0xFF, 0x5D, 0xDD, 0xFF, 0xFC, 0x41, 0x00, 0x00, 0x00, 0x00, 0x00, 0x00, 0x30,
    0xFF, 0xFF, 0xFF, 0xFF, 0xBE, 0x2D, 0x00, 0x00, 0x00, 0x00, 0x00, 0x00, 0x13, 0xC5, 0xFF, 0xFF,
    0xEA, 0x53, 0x00, 0x00, 0x00, 0x00, 0x00, 0x00, 0x00, 0x3E, 0xEE, 0xFF, 0xFF, 0xFF, 0x13, 0x00,
    0x00, 0x00, 0x00, 0x00, 0x00, 0x00, 0x00, 0x68, 0xFE, 0xD2, 0xFF, 0xFF, 0x0C, 0x00, 0x00, 0x00,
    0x00, 0x00, 0x00, 0x00, 0x00, 0x40, 0x37, 0x30, 0xFF, 0xFF, 0x0C, 0x00, 0x00, 0x00, 0x00, 0x00,
    0x00, 0x00, 0x00, 0x00, 0x00, 0x30, 0xFF, 0xFF, 0x0C, 0x00, 0x00, 0x00, 0x00, 0x00, 0x00, 0x00,
    0x00, 0x00, 0x00, 0x30, 0xFF, 0xFF, 0x0C, 0x00, 0x00, 0x00, 0x00, 0x00, 0x00, 0x00, 0x00, 0x00,
    0x00, 0x30, 0xFF, 0xFF, 0x0C, 0x00, 0x00, 0x00, 0x00, 0x00, 0x00, 0x00, 0x00, 0x00, 0x00, 0x30,
    0xFF, 0xFF, 0x0C, 0x00, 0x00, 0x00, 0x00, 0x00, 0x00, 0x00, 0x00, 0x00, 0x00, 0x30, 0xFF, 0xFF,
    0xF0, 0xF0, 0xF0, 0xF0, 0xF0, 0xF0, 0xF0, 0xF0, 0x1E, 0x00, 0x00, 0x30, 0xFF, 0xFF, 0xFF, 0xFF,
    0xFF, 0xFF, 0xFF, 0xFF, 0xFF, 0xFF, 0x20, 0x00, 0x00, 0x24, 0xFF, 0xF8, 0x00, 0x00, 0x00, 0x00,
    0x24, 0xFF, 0xF8, 0x00, 0x00, 0x00, 0x00, 0x24, 0xFF, 0xF8, 0x00, 0x00, 0x00, 0x00, 0x24, 0xFF,
    0xF8, 0x00, 0x09, 0x00, 0x00, 0x24, 0xFF, 0xF9, 0x5F, 0xD6, 0x00, 0x00, 0x24, 0xFF, 0xFF, 0xFF,
    0xDA, 0x00, 0x1A, 0xC6, 0xFF, 0xFF, 0x85, 0x0B, 0x1A, 0xF4, 0xFF, 0xFF, 0xFF, 0x00, 0x00, 0x24,
    0xD2, 0x65, 0xFF, 0xF8, 0x00, 0x00, 0x05, 0x03, 0x24, 0xFF, 0xF8, 0x00, 0x00, 0x00, 0x00, 0x24,
    0xFF, 0xF8, 0x00, 0x00, 0x00, 0x00, 0x24, 0xFF, 0xF8, 0x00, 0x00, 0x00, 0x00, 0x24, 0xFF, 0xF8,
    0x00, 0x00, 0x00, 0x00, 0x24, 0xFF, 0xF8, 0x00, 0x00, 0x00, 0x00, 0x24, 0xFF, 0xF8, 0x00, 0x00,
    0x00, 0x00, 0x24, 0xFF, 0xF8, 0x00, 0x00, 0x00, 0x00, 0x24, 0xFF, 0xF8, 0x00, 0x00, 0x00, 0x00,
    0x00, 0x00, 0x00, 0x00, 0x00, 0x2D, 0x80, 0x78, 0x03, 0x00, 0x00, 0x00, 0x00, 0x00, 0x00, 0x00,
    0x00, 0x00, 0x00, 0xB5, 0xFF, 0x78, 0x00, 0x00, 0x00, 0x00, 0x00, 0x00, 0x00, 0x00, 0x00, 0x00,
    0x2D, 0xFE, 0xCD, 0x04, 0x00, 0x00, 0x00, 0x00, 0x00, 0x00, 0x00, 0x00, 0x00, 0x00, 0xA4, 0xFB,
    0x2F, 0x00, 0x00, 0x00, 0x00, 0x00, 0x00, 0x00, 0x00, 0x00, 0x00, 0x00, 0x00, 0x00, 0x00, 0x00,
    0x00, 0x00, 0x00, 0x00, 0x00, 0x00, 0x00, 0x00, 0x00, 0x00, 0x00, 0x00, 0x00, 0x00, 0x00, 0x00,
    0x00, 0x00, 0xE4, 0xFF, 0xF1, 0x1D, 0x00, 0x00, 0x00, 0x00, 0x00, 0x00, 0x00, 0x40, 0xFF, 0xF8,
    0xE4, 0xFF, 0xFF, 0xB6, 0x00, 0x00, 0x00, 0x00, 0x00, 0x00, 0x00, 0x40, 0xFF, 0xF8, 0xE4, 0xFF,
    0xFA, 0xFF, 0x5D, 0x00, 0x00, 0x00, 0x00, 0x00, 0x00, 0x40, 0xFF, 0xF8, 0xE4, 0xFF, 0x94, 0xFF,
    0xED, 0x17, 0x00, 0x00, 0x00, 0x00, 0x00, 0x40, 0xFF, 0xF8, 0xE4, 0xFF, 0x42, 0xCA, 0xFF, 0xAB,
    0x00, 0x00, 0x00, 0x00, 0x00, 0x40, 0xFF, 0xF8, 0xE4, 0xFF, 0x4A, 0x35, 0xFD, 0xFF, 0x52, 0x00,
    0x00, 0x00, 0x00, 0x40, 0xFF, 0xF8, 0xE4, 0xFF, 0x53, 0x00, 0x96, 0xFF, 0xE7, 0x11, 0x00, 0x00,
    0x00, 0x40, 0xFF, 0xF8, 0xE4, 0xFF, 0x57, 0x00, 0x0D, 0xE2, 0xFF, 0xA0, 0x00, 0x00, 0x00, 0x40,
    0xFF, 0xF8, 0xE4, 0xFF, 0x58, 0x00, 0x00, 0x48, 0xFF, 0xFF, 0x48, 0x00, 0x00, 0x40, 0xFF, 0xF8,
    0xE4, 0xFF, 0x58, 0x00, 0x00, 0x00, 0x9F, 0xFF, 0xE1, 0x0D, 0x00, 0x40, 0xFF, 0xF8, 0xE4, 0xFF,
    0x58, 0x00, 0x00, 0x00, 0x10, 0xE5, 0xFF, 0x96, 0x00, 0x40, 0xFF, 0xF8, 0xE4, 0xFF, 0x58, 0x00,
    0x00, 0x00, 0x00, 0x4D, 0xFF, 0xFE, 0x38, 0x3E, 0xFF, 0xF8, 0xE4, 0xFF, 0x58, 0x00, 0x00, 0x00,
    0x00, 0x00, 0xA4, 0xFF, 0xCB, 0x38, 0xFF, 0xF8, 0xE4, 0xFF, 0x58, 0x00, 0x00, 0x00, 0x00, 0x00,
    0x12, 0xE8, 0xFF, 0x85, 0xFF, 0xF8, 0xE4, 0xFF, 0x58, 0x00, 0x00, 0x00, 0x00, 0x00, 0x00, 0x52,
    0xFF, 0xF2, 0xFF, 0xF8, 0xE4, 0xFF, 0x58, 0x00, 0x00, 0x00, 0x00, 0x00, 0x00, 0x00, 0xA9, 0xFF,
    0xFF, 0xF8, 0xE4, 0xFF, 0x58, 0x00, 0x00, 0x00, 0x00, 0x00, 0x00, 0x00, 0x15, 0xEB, 0xFF, 0xF8,
    0x00, 0x00, 0x00, 0x00, 0x00, 0x00, 0x27, 0x80, 0x7B, 0x05, 0x00, 0x00, 0x00, 0x00, 0x00, 0x00,
    0x00, 0x00, 0xA9, 0xFF, 0x84, 0x00, 0x00, 0x00, 0x00, 0x00, 0x00, 0x00, 0x00, 0x23, 0xFC, 0xD6,
    0x07, 0x00, 0x00, 0x00, 0x00, 0x00, 0x00, 0x00, 0x00, 0x98, 0xFD, 0x39, 0x00, 0x00, 0x00, 0x00,
    0x00, 0x00, 0x00, 0x00, 0x00, 0x00, 0x00, 0x00, 0x00, 0x00, 0x00, 0x00, 0x00, 0x00, 0x00, 0x00,
    0x00, 0x00, 0x00, 0x00, 0x00, 0x00, 0x00, 0x00, 0x24, 0xFF, 0xE0, 0x00, 0x4A, 0xC2, 0xF2, 0xF2,
    0xBD, 0x42, 0x00, 0x00, 0x24, 0xFF, 0xE1, 0x5C, 0xFE, 0xF9, 0xE9, 0xFF, 0xFF, 0xFD, 0x56, 0x00,
    0x24, 0xFF, 0xEE, 0xE1, 0x62, 0x04, 0x00, 0x23, 0xC9, 0xFF, 0xE5, 0x04, 0x24, 0xFF, 0xFF, 0x6F,
    0x00, 0x00, 0x00, 0x00, 0x22, 0xFC, 0xFF, 0x31, 0x24, 0xFF, 0xFF, 0x18, 0x00, 0x00, 0x00, 0x00,
    0x00, 0xDC, 0xFF, 0x4D, 0x24, 0xFF, 0xF9, 0x00, 0x00, 0x00, 0x00, 0x00, 0x00, 0xC8, 0xFF, 0x54,
    0x24, 0xFF, 0xF8, 0x00, 0x00, 0x00, 0x00, 0x00, 0x00, 0xC8, 0xFF, 0x54, 0x24, 0xFF, 0xF8, 0x00,
    0x00, 0x00, 0x00, 0x00, 0x00, 0xC8, 0xFF, 0x54, 0x24, 0xFF, 0xF8, 0x00, 0x00, 0x00, 0x00, 0x00,
    0x00, 0xC8, 0xFF, 0x54, 0x24, 0xFF, 0xF8, 0x00, 0x00, 0x00, 0x00, 0x00, 0x00, 0xC8, 0xFF, 0x54,
    0x24, 0xFF, 0xF8, 0x00, 0x00, 0x00, 0x00, 0x00, 0x00, 0xC8, 0xFF, 0x54, 0x24, 0xFF, 0xF8, 0x00,
    0x00, 0x00, 0x00, 0x00, 0x00, 0xC8, 0xFF, 0x54, 0x24, 0xFF, 0xF8, 0x00, 0x00, 0x00, 0x00, 0x00,
    0x00, 0xC8, 0xFF, 0x54, 0xE4, 0xFF, 0xF1, 0x1D, 0x00, 0x00, 0x00, 0x00, 0x00, 0x00, 0x00, 0x40,
    0xFF, 0xF8, 0xE4, 0xFF, 0xFF, 0xB6, 0x00, 0x00, 0x00, 0x00, 0x00, 0x00, 0x00, 0x40, 0xFF, 0xF8,
    0xE4, 0xFF, 0xFA, 0xFF, 0x5D, 0x00, 0x00, 0x00, 0x00, 0x00, 0x00, 0x40, 0xFF, 0xF8, 0xE4, 0xFF,
    0x94, 0xFF, 0xED, 0x17, 0x00, 0x00, 0x00, 0x00, 0x00, 0x40, 0xFF, 0xF8, 0xE4, 0xFF, 0x42, 0xCA,
    0xFF, 0xAB, 0x00, 0x00, 0x00, 0x00, 0x00, 0x40, 0xFF, 0xF8, 0xE4, 0xFF, 0x4A, 0x35, 0xFD, 0xFF,
    0x52, 0x00, 0x00, 0x00, 0x00, 0x40, 0xFF, 0xF8, 0xE4, 0xFF, 0x53, 0x00, 0x96, 0xFF, 0xE7, 0x11,
    0x00, 0x00, 0x00, 0x40, 0xFF, 0xF8, 0xE4, 0xFF, 0x57, 0x00, 0x0D, 0xE2, 0xFF, 0xA0, 0x00, 0x00,
    0x00, 0x40, 0xFF, 0xF8, 0xE4, 0xFF, 0x58, 0x00, 0x00, 0x48, 0xFF, 0xFF, 0x48, 0x00, 0x00, 0x40,
    0xFF, 0xF8, 0xE4, 0xFF, 0x58, 0x00, 0x00, 0x00, 0x9F, 0xFF, 0xE1, 0x0D, 0x00, 0x40, 0xFF, 0xF8,
    0xE4, 0xFF, 0x58, 0x00, 0x00, 0x00, 0x10, 0xE5, 0xFF, 0x96, 0x00, 0x40, 0xFF, 0xF8, 0xE4, 0xFF,
    0x58, 0x00, 0x00, 0x00, 0x00, 0x4D, 0xFF, 0xFE, 0x38, 0x3E, 0xFF, 0xF8, 0xE4, 0xFF, 0x58, 0x00,
    0x00, 0x00, 0x00, 0x00, 0xA4, 0xFF, 0xCB, 0x38, 0xFF, 0xF8, 0xE4, 0xFF, 0x58, 0x00, 0x00, 0x00,
    0x00, 0x00, 0x12, 0xE8, 0xFF, 0x85, 0xFF, 0xF8, 0xE4, 0xFF, 0x58, 0x00, 0x00, 0x00, 0x00, 0x00,
    0x00, 0x52, 0xFF, 0xF2, 0xFF, 0xF8, 0xE4, 0xFF, 0x58, 0x00, 0x00, 0x00, 0x00, 0x00, 0x00, 0x00,
    0xA9, 0xFF, 0xFF, 0xF8, 0xE4, 0xFF, 0x58, 0x00, 0x00, 0x00, 0x00, 0x00, 0x00, 0x00, 0x15, 0xEB,
    0xFF, 0xF8, 0x00, 0x00, 0x00, 0x00, 0x00, 0x00, 0x00, 0x00, 0x00, 0x00, 0x00, 0x00, 0x00, 0x00,
    0x00, 0x00, 0x00, 0x00, 0x00, 0x00, 0x00, 0x00, 0x00, 0x00, 0x00, 0x00, 0x00, 0x00, 0x00, 0x00,
    0x00, 0x00, 0x00, 0x2F, 0xFF, 0xE5, 0x02, 0x00, 0x00, 0x00, 0x00, 0x00, 0x00, 0x00, 0x00, 0x00,
    0x00, 0x6B, 0xFF, 0x88, 0x00, 0x00, 0x00, 0x00, 0x00, 0x00, 0x00, 0x00, 0x00, 0x00, 0x00, 0xA7,
    0xFF, 0x2A, 0x00, 0x00, 0x00, 0x00, 0x00, 0x00, 0x00, 0x00, 0x00, 0x00, 0x00, 0xE2, 0xCB, 0x00,
    0x00, 0x00, 0x00, 0x00, 0x00, 0x00, 0x24, 0xFF, 0xE0, 0x00, 0x4A, 0xC2, 0xF2, 0xF2, 0xBD, 0x42,
    0x00, 0x00, 0x24, 0xFF, 0xE1, 0x5C, 0xFE, 0xF9, 0xE9, 0xFF, 0xFF, 0xFD, 0x56, 0x00, 0x24, 0xFF,
    0xEE, 0xE1, 0x62, 0x04, 0x00, 0x23, 0xC9, 0xFF, 0xE5, 0x04, 0x24, 0xFF, 0xFF, 0x6F, 0x00, 0x00,
    0x00, 0x00, 0x22, 0xFC, 0xFF, 0x31, 0x24, 0xFF, 0xFF, 0x18, 0x00, 0x00, 0x00, 0x00, 0x00, 0xDC,
    0xFF, 0x4D, 0x24, 0xFF, 0xF9, 0x00, 0x00, 0x00, 0x00, 0x00, 0x00, 0xC8, 0xFF, 0x54, 0x24, 0xFF,
    0xF8, 0x00, 0x00, 0x00, 0x00, 0x00, 0x00, 0xC8, 0xFF, 0x54, 0x24, 0xFF, 0xF8, 0x00, 0x00, 0x00,
    0x00, 0x00, 0x00, 0xC8, 0xFF, 0x54, 0x24, 0xFF, 0xF8, 0x00, 0x00, 0x00, 0x00, 0x00, 0x00, 0xC8,
    0xFF, 0x54, 0x24, 0xFF, 0xF8, 0x00, 0x00, 0x00, 0x00, 0x00, 0x00, 0xC8, 0xFF, 0x54, 0x24, 0xFF,
    0xF8, 0x00, 0x00, 0x00, 0x00, 0x00, 0x00, 0xC8, 0xFF, 0x54, 0x24, 0xFF, 0xF8, 0x00, 0x00, 0x00,
    0x00, 0x00, 0x00, 0xC8, 0xFF, 0x54, 0x24, 0xFF, 0xF8, 0x00, 0x00, 0x00, 0x00, 0x00, 0x00, 0xC8,
    0xFF, 0x54, 0x00, 0x00, 0x00, 0x00, 0x00, 0x00, 0x00, 0x00, 0x00, 0x00, 0x00, 0x00, 0x00, 0x00,
    0x00, 0x00, 0x00, 0x00, 0x00, 0x00, 0x00, 0x00, 0x00, 0x00, 0x00, 0x00, 0x00, 0x00, 0x23, 0xFF,
    0xED, 0x06, 0x00, 0x00, 0x00, 0x00, 0x00, 0x00, 0x00, 0x00, 0x5F, 0xFF, 0x94, 0x00, 0x00, 0x00,
    0x00, 0x00, 0x00, 0x00, 0x00, 0x00, 0x9B, 0xFF, 0x35, 0x00, 0x00, 0x00, 0x00, 0x00, 0x00, 0x00,
    0x00, 0x00, 0xD6, 0xD7, 0x00, 0x00, 0x00, 0x00, 0x00, 0x00, 0x00, 0x00, 0x00, 0x45, 0xF9, 0xC3,
    0x08, 0x03, 0xB4, 0xFF, 0x6C, 0x00, 0x00, 0x00, 0x00, 0x00, 0x00, 0x00, 0x56, 0xFD, 0xAA, 0x96,
    0xFF, 0x79, 0x00, 0x00, 0x00, 0x00, 0x00, 0x00, 0x00, 0x00, 0x00, 0x69, 0xFF, 0xFF, 0x85, 0x00,
    0x00, 0x00, 0x00, 0x00, 0x00, 0x00, 0x00, 0x00, 0x00, 0x00, 0x00, 0x00, 0x00, 0x00, 0x00, 0x00,
    0x00, 0x00, 0x00, 0x00, 0x00, 0x00, 0x00, 0x00, 0x00, 0x00, 0x00, 0x00, 0x00, 0x00, 0x00, 0x00,
    0xE4, 0xFF, 0xF1, 0x1D, 0x00, 0x00, 0x00, 0x00, 0x00, 0x00, 0x00, 0x40, 0xFF, 0xF8, 0xE4, 0xFF,
    0xFF, 0xB6, 0x00, 0x00, 0x00, 0x00, 0x00, 0x00, 0x00, 0x40, 0xFF, 0xF8, 0xE4, 0xFF, 0xFA, 0xFF,
    0x5D, 0x00, 0x00, 0x00, 0x00, 0x00, 0x00, 0x40, 0xFF, 0xF8, 0xE4, 0xFF, 0x94, 0xFF, 0xED, 0x17,
    0x00, 0x00, 0x00, 0x00, 0x00, 0x40, 0xFF, 0xF8, 0xE4, 0xFF, 0x42, 0xCA, 0xFF, 0xAB, 0x00, 0x00,
    0x00, 0x00, 0x00, 0x40, 0xFF, 0xF8, 0xE4, 0xFF, 0x4A, 0x35, 0xFD, 0xFF, 0x52, 0x00, 0x00, 0x00,
    0x00, 0x40, 0xFF, 0xF8, 0xE4, 0xFF, 0x53, 0x00, 0x96, 0xFF, 0xE7, 0x11, 0x00, 0x00, 0x00, 0x40,
    0xFF, 0xF8, 0xE4, 0xFF, 0x57, 0x00, 0x0D, 0xE2, 0xFF, 0xA0, 0x00, 0x00, 0x00, 0x40, 0xFF, 0xF8,
    0xE4, 0xFF, 0x58, 0x00, 0x00, 0x48, 0xFF, 0xFF, 0x48, 0x00, 0x00, 0x40, 0xFF, 0xF8, 0xE4, 0xFF,
    0x58, 0x00, 0x00, 0x00, 0x9F, 0xFF, 0xE1, 0x0D, 0x00, 0x40, 0xFF, 0xF8, 0xE4, 0xFF, 0x58, 0x00,
    0x00, 0x00, 0x10, 0xE5, 0xFF, 0x96, 0x00, 0x40, 0xFF, 0xF8, 0xE4, 0xFF, 0x58, 0x00, 0x00, 0x00,
    0x00, 0x4D, 0xFF, 0xFE, 0x38, 0x3E, 0xFF, 0xF8, 0xE4, 0xFF, 0x58, 0x00, 0x00, 0x00, 0x00, 0x00,
    0xA4, 0xFF, 0xCB, 0x38, 0xFF, 0xF8, 0xE4, 0xFF, 0x58, 0x00, 0x00, 0x00, 0x00, 0x00, 0x12, 0xE8,
    0xFF, 0x85, 0xFF, 0xF8, 0xE4, 0xFF, 0x58, 0x00, 0x00, 0x00, 0x00, 0x00, 0x00, 0x52, 0xFF, 0xF2,
    0xFF, 0xF8, 0xE4, 0xFF, 0x58, 0x00, 0x00, 0x00, 0x00, 0x00, 0x00, 0x00, 0xA9, 0xFF, 0xFF, 0xF8,
    0xE4, 0xFF, 0x58, 0x00, 0x00, 0x00, 0x00, 0x00, 0x00, 0x00, 0x15, 0xEB, 0xFF, 0xF8, 0x00, 0x00,
    0x3C, 0xF6, 0xCC, 0x0B, 0x01, 0xA9, 0xFF, 0x78, 0x00, 0x00, 0x00, 0x00, 0x00, 0x4C, 0xFB, 0xB4,
    0x8C, 0xFF, 0x85, 0x00, 0x00, 0x00, 0x00, 0x00, 0x00, 0x00, 0x5E, 0xFE, 0xFF, 0x91, 0x00, 0x00,
    0x00, 0x00, 0x00, 0x00, 0x00, 0x00, 0x00, 0x00, 0x00, 0x00, 0x00, 0x00, 0x00, 0x00, 0x00, 0x00,
    0x00, 0x00, 0x00, 0x00, 0x00, 0x00, 0x00, 0x00, 0x00, 0x00, 0x24, 0xFF, 0xE0, 0x00, 0x4A, 0xC2,
    0xF2, 0xF2, 0xBD, 0x42, 0x00, 0x00, 0x24, 0xFF, 0xE1, 0x5C, 0xFE, 0xF9, 0xE9, 0xFF, 0xFF, 0xFD,
    0x56, 0x00, 0x24, 0xFF, 0xEE, 0xE1, 0x62, 0x04, 0x00, 0x23, 0xC9, 0xFF, 0xE5, 0x04, 0x24, 0xFF,
    0xFF, 0x6F, 0x00, 0x00, 0x00, 0x00, 0x22, 0xFC, 0xFF, 0x31, 0x24, 0xFF, 0xFF, 0x18, 0x00, 0x00,
    0x00, 0x00, 0x00, 0xDC, 0xFF, 0x4D, 0x24, 0xFF, 0xF9, 0x00, 0x00, 0x00, 0x00, 0x00, 0x00, 0xC8,
    0xFF, 0x54, 0x24, 0xFF, 0xF8, 0x00, 0x00, 0x00, 0x00, 0x00, 0x00, 0xC8, 0xFF, 0x54, 0x24, 0xFF,
    0xF8, 0x00, 0x00, 0x00, 0x00, 0x00, 0x00, 0xC8, 0xFF, 0x54, 0x24, 0xFF, 0xF8, 0x00, 0x00, 0x00,
    0x00, 0x00, 0x00, 0xC8, 0xFF, 0x54, 0x24, 0xFF, 0xF8, 0x00, 0x00, 0x00, 0x00, 0x00, 0x00, 0xC8,
    0xFF, 0x54, 0x24, 0xFF, 0xF8, 0x00, 0x00, 0x00, 0x00, 0x00, 0x00, 0xC8, 0xFF, 0x54, 0x24, 0xFF,
    0xF8, 0x00, 0x00, 0x00, 0x00, 0x00, 0x00, 0xC8, 0xFF, 0x54, 0x24, 0xFF, 0xF8, 0x00, 0x00, 0x00,
    0x00, 0x00, 0x00, 0xC8, 0xFF, 0x54, 0xE4, 0xFF, 0xF1, 0x1D, 0x00, 0x00, 0x00, 0x00, 0x00, 0x00,
    0x00, 0x40, 0xFF, 0xF8, 0x00, 0xE4, 0xFF, 0xFF, 0xB6, 0x00, 0x00, 0x00, 0x00, 0x00, 0x00, 0x00,
    0x40, 0xFF, 0xF8, 0x00, 0xE4, 0xFF, 0xFA, 0xFF, 0x5D, 0x00, 0x00, 0x00, 0x00, 0x00, 0x00, 0x40,
    0xFF, 0xF8, 0x00, 0xE4, 0xFF, 0x94, 0xFF, 0xED, 0x17, 0x00, 0x00, 0x00, 0x00, 0x00, 0x40, 0xFF,
    0xF8, 0x00, 0xE4, 0xFF, 0x42, 0xCA, 0xFF, 0xAB, 0x00, 0x00, 0x00, 0x00, 0x00, 0x40, 0xFF, 0xF8,
    0x00, 0xE4, 0xFF, 0x4A, 0x35, 0xFD, 0xFF, 0x52, 0x00, 0x00, 0x00, 0x00, 0x40, 0xFF, 0xF8, 0x00,
    0xE4, 0xFF, 0x53, 0x00, 0x96, 0xFF, 0xE7, 0x11, 0x00, 0x00, 0x00, 0x40, 0xFF, 0xF8, 0x00, 0xE4,
    0xFF, 0x57, 0x00, 0x0D, 0xE2, 0xFF, 0xA0, 0x00, 0x00, 0x00, 0x40, 0xFF, 0xF8, 0x00, 0xE4, 0xFF,
    0x58, 0x00, 0x00, 0x48, 0xFF, 0xFF, 0x48, 0x00, 0x00, 0x40, 0xFF, 0xF8, 0x00, 0xE4, 0xFF, 0x58,
    0x00, 0x00, 0x00, 0x9F, 0xFF, 0xE1, 0x0D, 0x00, 0x40, 0xFF, 0xF8, 0x00, 0xE4, 0xFF, 0x58, 0x00,
    0x00, 0x00, 0x10, 0xE5, 0xFF, 0x96, 0x00, 0x40, 0xFF, 0xF8, 0x00, 0xE4, 0xFF, 0x58, 0x00, 0x00,
    0x00, 0x00, 0x4D, 0xFF, 0xFE, 0x38, 0x3E, 0xFF, 0xF8, 0x00, 0xE4, 0xFF, 0x58, 0x00, 0x00, 0x00,
    0x00, 0x00, 0xA4, 0xFF, 0xCB, 0x38, 0xFF, 0xF8, 0x00, 0xE4, 0xFF, 0x58, 0x00, 0x00, 0x00, 0x00,
    0x00, 0x12, 0xE8, 0xFF, 0x85, 0xFF, 0xF8, 0x00, 0xE4, 0xFF, 0x58, 0x00, 0x00, 0x00, 0x00, 0x00,
    0x00, 0x52, 0xFF, 0xF2, 0xFF, 0xF8, 0x00, 0xE4, 0xFF, 0x58, 0x00, 0x00, 0x00, 0x00, 0x00, 0x00,
    0x00, 0xA9, 0xFF, 0xFF, 0xFB, 0x0A, 0xE4, 0xFF, 0x58, 0x00, 0x00, 0x00, 0x00, 0x00, 0x00, 0x00,
    0x15, 0xEB, 0xFF, 0xFF, 0x1C, 0x00, 0x00, 0x00, 0x00, 0x00, 0x00, 0x00, 0x00, 0x00, 0x00, 0x00,
    0x20, 0xFF, 0xFF, 0x1C, 0x00, 0x00, 0x00, 0x00, 0x00, 0x00, 0x00, 0x00, 0x00, 0x00, 0x00, 0x20,
    0xFF, 0xFF, 0x1C, 0x00, 0x00, 0x00, 0x00, 0x00, 0x00, 0x00, 0x00, 0x00, 0x00, 0x00, 0x50, 0xFF,
    0xFD, 0x0A, 0x00, 0x00, 0x00, 0x00, 0x00, 0x00, 0x00, 0x00, 0x00, 0x77, 0xE3, 0xFE, 0xFF, 0xBC,
    0x00, 0x00, 0x00, 0x00, 0x00, 0x00, 0x00, 0x00, 0x00, 0x00, 0x81, 0xFD, 0xE6, 0xA1, 0x18, 0x00,
    0x24, 0xFF, 0xE0, 0x00, 0x4A, 0xC2, 0xF2, 0xF2, 0xBC, 0x40, 0x00, 0x00, 0x24, 0xFF, 0xE1, 0x5C,
    0xFE, 0xF9, 0xE9, 0xFF, 0xFF, 0xFD, 0x53, 0x00, 0x24, 0xFF, 0xEE, 0xE1, 0x62, 0x04, 0x00, 0x23,
    0xC9, 0xFF, 0xE4, 0x03, 0x24, 0xFF, 0xFF, 0x6F, 0x00, 0x00, 0x00, 0x00, 0x23, 0xFC, 0xFF, 0x30,
    0x24, 0xFF, 0xFF, 0x18, 0x00, 0x00, 0x00, 0x00, 0x00, 0xDD, 0xFF, 0x4D, 0x24, 0xFF, 0xF9, 0x00,
    0x00, 0x00, 0x00, 0x00, 0x00, 0xC8, 0xFF, 0x54, 0x24, 0xFF, 0xF8, 0x00, 0x00, 0x00, 0x00, 0x00,
    0x00, 0xC8, 0xFF, 0x54, 0x24, 0xFF, 0xF8, 0x00, 0x00, 0x00, 0x00, 0x00, 0x00, 0xC8, 0xFF, 0x54,
    0x24, 0xFF, 0xF8, 0x00, 0x00, 0x00, 0x00, 0x00, 0x00, 0xC8, 0xFF, 0x54, 0x24, 0xFF, 0xF8, 0x00,
    0x00, 0x00, 0x00, 0x00, 0x00, 0xC8, 0xFF, 0x54, 0x24, 0xFF, 0xF8, 0x00, 0x00, 0x00, 0x00, 0x00,
    0x00, 0xC8, 0xFF, 0x54, 0x24, 0xFF, 0xF8, 0x00, 0x00, 0x00, 0x00, 0x00, 0x00, 0xC8, 0xFF, 0x54,
    0x24, 0xFF, 0xF8, 0x00, 0x00, 0x00, 0x00, 0x00, 0x00, 0xC8, 0xFF, 0x54, 0x00, 0x00, 0x00, 0x00,
    0x00, 0x00, 0x00, 0x00, 0x00, 0xC8, 0xFF, 0x57, 0x00, 0x00, 0x00, 0x00, 0x00, 0x00, 0x00, 0x00,
    0x00, 0xC8, 0xFF, 0x58, 0x00, 0x00, 0x00, 0x00, 0x00, 0x00, 0x00, 0x00, 0x0E, 0xE7, 0xFF, 0x43,
    0x00, 0x00, 0x00, 0x00, 0x00, 0x00, 0x3F, 0xDE, 0xF6, 0xFF, 0xE7, 0x0E, 0x00, 0x00, 0x00, 0x00,
    0x00, 0x00, 0x43, 0xFC, 0xED, 0xB9, 0x30, 0x00, 0x00, 0x00, 0x00, 0x00, 0x0D, 0xDC, 0xDC, 0xDC,
    0xDC, 0xDC, 0xDC, 0x60, 0x00, 0x00, 0x00, 0x00, 0x00, 0x00, 0x00, 0x00, 0x10, 0xFF, 0xFF, 0xFF,
    0xFF, 0xFF, 0xFF, 0x70, 0x00, 0x00, 0x00, 0x00, 0x00, 0x00, 0x00, 0x00, 0x00, 0x00, 0x00, 0x00,
    0x00, 0x00, 0x00, 0x00, 0x00, 0x00, 0x00, 0x00, 0x00, 0x00, 0x00, 0x00, 0x00, 0x00, 0x00, 0x00,
    0x00, 0x00, 0x00, 0x00, 0x00, 0x00, 0x00, 0x00, 0x00, 0x00, 0x00, 0x00, 0x00, 0x00, 0x00, 0x00,
    0x00, 0x00, 0x00, 0x00, 0x00, 0x00, 0x00, 0x00, 0x00, 0x00, 0x00, 0x00, 0x22, 0x8C, 0xD2, 0xF5,
    0xFA, 0xE2, 0xAA, 0x4B, 0x00, 0x00, 0x00, 0x00, 0x00, 0x00, 0x00, 0x68, 0xF9, 0xFF, 0xFF, 0xF2,
    0xE7, 0xFE, 0xFF, 0xFF, 0xB2, 0x0E, 0x00, 0x00, 0x00, 0x00, 0x7F, 0xFF, 0xFF, 0x97, 0x26, 0x00,
    0x00, 0x0C, 0x69, 0xEA, 0xFF, 0xD3, 0x0A, 0x00, 0x00, 0x3D, 0xFD, 0xFF, 0x5B, 0x00, 0x00, 0x00,
    0x00, 0x00, 0x00, 0x1F, 0xDE, 0xFF, 0x97, 0x00, 0x00, 0xC1, 0xFF, 0x98, 0x00, 0x00, 0x00, 0x00,
    0x00, 0x00, 0x00, 0x00, 0x3F, 0xFF, 0xFE, 0x1E, 0x1E, 0xFE, 0xFF, 0x22, 0x00, 0x00, 0x00, 0x00,
    0x00, 0x00, 0x00, 0x00, 0x00, 0xC8, 0xFF, 0x78, 0x5B, 0xFF, 0xD1, 0x00, 0x00, 0x00, 0x00, 0x00,
    0x00, 0x00, 0x00, 0x00, 0x00, 0x78, 0xFF, 0xB7, 0x76, 0xFF, 0xB0, 0x00, 0x00, 0x00, 0x00, 0x00,
    0x00, 0x00, 0x00, 0x00, 0x00, 0x59, 0xFF, 0xD1, 0x89, 0xFF, 0x9D, 0x00, 0x00, 0x00, 0x00, 0x00,
    0x00, 0x00, 0x00, 0x00, 0x00, 0x46, 0xFF, 0xE5, 0x77, 0xFF, 0xAF, 0x00, 0x00, 0x00, 0x00, 0x00,
    0x00, 0x00, 0x00, 0x00, 0x00, 0x58, 0xFF, 0xD2, 0x5C, 0xFF, 0xD0, 0x00, 0x00, 0x00, 0x00, 0x00,
    0x00, 0x00, 0x00, 0x00, 0x00, 0x78, 0xFF, 0xB7, 0x20, 0xFE, 0xFF, 0x20, 0x00, 0x00, 0x00, 0x00,
    0x00, 0x00, 0x00, 0x00, 0x00, 0xC8, 0xFF, 0x7A, 0x00, 0xC3, 0xFF, 0x97, 0x00, 0x00, 0x00, 0x00,
    0x00, 0x00, 0x00, 0x00, 0x3E, 0xFF, 0xFE, 0x1F, 0x00, 0x3F, 0xFD, 0xFE, 0x5B, 0x00, 0x00, 0x00,
    0x00, 0x00, 0x00, 0x1E, 0xDE, 0xFF, 0x99, 0x00, 0x00, 0x00, 0x80, 0xFF, 0xFF, 0x96, 0x26, 0x00,
    0x00, 0x0B, 0x65, 0xE8, 0xFF, 0xD4, 0x0B, 0x00, 0x00, 0x00, 0x00, 0x69, 0xF9, 0xFF, 0xFF, 0xF2,
    0xE7, 0xFE, 0xFF, 0xFF, 0xB3, 0x0F, 0x00, 0x00, 0x00, 0x00, 0x00, 0x00, 0x23, 0x8D, 0xD3, 0xF6,
    0xFB, 0xE3, 0xAB, 0x4C, 0x00, 0x00, 0x00, 0x00, 0x00, 0x00, 0x0D, 0xDC, 0xDC, 0xDC, 0xDC, 0xDC,
    0xDC, 0x60, 0x00, 0x00, 0x00, 0x00, 0x00, 0x10, 0xFF, 0xFF, 0xFF, 0xFF, 0xFF, 0xFF, 0x70, 0x00,
    0x00, 0x00, 0x00, 0x00, 0x00, 0x00, 0x00, 0x00, 0x00, 0x00, 0x00, 0x00, 0x00, 0x00, 0x00, 0x00,
    0x00, 0x00, 0x00, 0x00, 0x00, 0x00, 0x00, 0x00, 0x00, 0x00, 0x00, 0x00, 0x00, 0x00, 0x00, 0x00,
    0x00, 0x00, 0x00, 0x00, 0x00, 0x00, 0x00, 0x00, 0x00, 0x00, 0x00, 0x02, 0x5E, 0xC1, 0xEA, 0xF4,
    0xD6, 0x88, 0x1A, 0x00, 0x00, 0x00, 0x00, 0x0C, 0xB7, 0xFF, 0xFF, 0xF3, 0xE8, 0xFF, 0xFF, 0xEB,
    0x3C, 0x00, 0x00, 0x00, 0xA0, 0xFF, 0xE6, 0x46, 0x00, 0x00, 0x1C, 0xAD, 0xFF, 0xEB, 0x17, 0x00,
    0x2D, 0xFF, 0xFC, 0x30, 0x00, 0x00, 0x00, 0x00, 0x03, 0xC5, 0xFF, 0x90, 0x00, 0x84, 0xFF, 0xB1,
    0x00, 0x00, 0x00, 0x00, 0x00, 0x00, 0x4D, 0xFF, 0xE8, 0x00, 0xAE, 0xFF, 0x74, 0x00, 0x00, 0x00,
    0x00, 0x00, 0x00, 0x0D, 0xFF, 0xFF, 0x11, 0xC1, 0xFF, 0x61, 0x00, 0x00, 0x00, 0x00, 0x00, 0x00,
    0x00, 0xFA, 0xFF, 0x25, 0xAE, 0xFF, 0x73, 0x00, 0x00, 0x00, 0x00, 0x00, 0x00, 0x0C, 0xFF, 0xFF,
    0x11, 0x85, 0xFF, 0xB0, 0x00, 0x00, 0x00, 0x00, 0x00, 0x00, 0x4B, 0xFF, 0xE8, 0x00, 0x2E, 0xFF,
    0xFC, 0x2E, 0x00, 0x00, 0x00, 0x00, 0x02, 0xC3, 0xFF, 0x91, 0x00, 0x00, 0xA2, 0xFF, 0xE4, 0x44,
    0x00, 0x00, 0x1A, 0xAA, 0xFF, 0xEC, 0x18, 0x00, 0x00, 0x0D, 0xB8, 0xFF, 0xFF, 0xF3, 0xE7, 0xFE,
    0xFF, 0xEB, 0x3D, 0x00, 0x00, 0x00, 0x00, 0x02, 0x5E, 0xC1, 0xEB, 0xF5, 0xD6, 0x89, 0x1B, 0x00,
    0x00, 0x00, 0x00, 0x00, 0x00, 0x00, 0x18, 0x80, 0x30, 0x00, 0x00, 0x03, 0x7F, 0x46, 0x00, 0x00,
    0x00, 0x00, 0x00, 0x00, 0x00, 0x00, 0x12, 0xFB, 0xB8, 0x0B, 0x00, 0x67, 0xFF, 0x69, 0x00, 0x00,
    0x00, 0x00, 0x00, 0x00, 0x00, 0x00, 0x00, 0x95, 0xFF, 0xF5, 0xE9, 0xFF, 0xE3, 0x0F, 0x00, 0x00,
    0x00, 0x00, 0x00, 0x00, 0x00, 0x00, 0x00, 0x04, 0x84, 0xE7, 0xF4, 0xB4, 0x22, 0x00, 0x00, 0x00,
    0x00, 0x00, 0x00, 0x00, 0x00, 0x00, 0x00, 0x00, 0x00, 0x00, 0x00, 0x00, 0x00, 0x00, 0x00, 0x00,
    0x00, 0x00, 0x00, 0x00, 0x00, 0x00, 0x00, 0x00, 0x00, 0x00, 0x00, 0x00, 0x00, 0x00, 0x00, 0x00,
    0x00, 0x00, 0x00, 0x00, 0x00, 0x00, 0x22, 0x8C, 0xD2, 0xF5, 0xFA, 0xE2, 0xAA, 0x4B, 0x00, 0x00,
    0x00, 0x00, 0x00, 0x00, 0x00, 0x68, 0xF9, 0xFF, 0xFF, 0xF2, 0xE7, 0xFE, 0xFF, 0xFF, 0xB2, 0x0E,
    0x00, 0x00, 0x00, 0x00, 0x7F, 0xFF, 0xFF, 0x97, 0x26, 0x00, 0x00, 0x0C, 0x69, 0xEA, 0xFF, 0xD3,
    0x0A, 0x00, 0x00, 0x3D, 0xFD, 0xFF, 0x5B, 0x00, 0x00, 0x00, 0x00, 0x00, 0x00, 0x1F, 0xDE, 0xFF,
    0x97, 0x00, 0x00, 0xC1, 0xFF, 0x98, 0x00, 0x00, 0x00, 0x00, 0x00, 0x00, 0x00, 0x00, 0x3F, 0xFF,
    0xFE, 0x1E, 0x1E, 0xFE, 0xFF, 0x22, 0x00, 0x00, 0x00, 0x00, 0x00, 0x00, 0x00, 0x00, 0x00, 0xC8,
    0xFF, 0x78, 0x5B, 0xFF, 0xD1, 0x00, 0x00, 0x00, 0x00, 0x00, 0x00, 0x00, 0x00, 0x00, 0x00, 0x78,
    0xFF, 0xB7, 0x76, 0xFF, 0xB0, 0x00, 0x00, 0x00, 0x00, 0x00, 0x00, 0x00, 0x00, 0x00, 0x00, 0x59,
    0xFF, 0xD1, 0x89, 0xFF, 0x9D, 0x00, 0x00, 0x00, 0x00, 0x00, 0x00, 0x00, 0x00, 0x00, 0x00, 0x46,
    0xFF, 0xE5, 0x77, 0xFF, 0xAF, 0x00, 0x00, 0x00, 0x00, 0x00, 0x00, 0x00, 0x00, 0x00, 0x00, 0x58,
    0xFF, 0xD2, 0x5C, 0xFF, 0xD0, 0x00, 0x00, 0x00, 0x00, 0x00, 0x00, 0x00, 0x00, 0x00, 0x00, 0x78,
    0xFF, 0xB7, 0x20, 0xFE, 0xFF, 0x20, 0x00, 0x00, 0x00, 0x00, 0x00, 0x00, 0x00, 0x00, 0x00, 0xC8,
    0xFF, 0x7A, 0x00, 0xC3, 0xFF, 0x97, 0x00, 0x00, 0x00, 0x00, 0x00, 0x00, 0x00, 0x00, 0x3E, 0xFF,
    0xFE, 0x1F, 0x00, 0x3F, 0xFD, 0xFE, 0x5B, 0x00, 0x00, 0x00, 0x00, 0x00, 0x00, 0x1E, 0xDE, 0xFF,
    0x99, 0x00, 0x00, 0x00, 0x80, 0xFF, 0xFF, 0x96, 0x26, 0x00, 0x00, 0x0B, 0x65, 0xE8, 0xFF, 0xD4,
    0x0B, 0x00, 0x00, 0x00, 0x00, 0x69, 0xF9, 0xFF, 0xFF, 0xF2, 0xE7, 0xFE, 0xFF, 0xFF, 0xB3, 0x0F,
    0x00, 0x00, 0x00, 0x00, 0x00, 0x00, 0x23, 0x8D, 0xD3, 0xF6, 0xFB, 0xE3, 0xAB, 0x4C, 0x00, 0x00,
    0x00, 0x00, 0x00, 0x00, 0x18, 0x80, 0x30, 0x00, 0x00, 0x03, 0x7F, 0x46, 0x00, 0x00, 0x00, 0x00,
    0x00, 0x12, 0xFB, 0xB8, 0x0B, 0x00, 0x67, 0xFF, 0x69, 0x00, 0x00, 0x00, 0x00, 0x00, 0x00, 0x95,
    0xFF, 0xF5, 0xE9, 0xFF, 0xE3, 0x0F, 0x00, 0x00, 0x00, 0x00, 0x00, 0x00, 0x04, 0x84, 0xE7, 0xF4,
    0xB4, 0x22, 0x00, 0x00, 0x00, 0x00, 0x00, 0x00, 0x00, 0x00, 0x00, 0x00, 0x00, 0x00, 0x00, 0x00,
    0x00, 0x00, 0x00, 0x00, 0x00, 0x00, 0x00, 0x00, 0x00, 0x00, 0x00, 0x00, 0x00, 0x00, 0x00, 0x00,
    0x00, 0x00, 0x02, 0x5E, 0xC1, 0xEA, 0xF4, 0xD6, 0x88, 0x1A, 0x00, 0x00, 0x00, 0x00, 0x0C, 0xB7,
    0xFF, 0xFF, 0xF3, 0xE8, 0xFF, 0xFF, 0xEB, 0x3C, 0x00, 0x00, 0x00, 0xA0, 0xFF, 0xE6, 0x46, 0x00,
    0x00, 0x1C, 0xAD, 0xFF, 0xEB, 0x17, 0x00, 0x2D, 0xFF, 0xFC, 0x30, 0x00, 0x00, 0x00, 0x00, 0x03,
    0xC5, 0xFF, 0x90, 0x00, 0x84, 0xFF, 0xB1, 0x00, 0x00, 0x00, 0x00, 0x00, 0x00, 0x4D, 0xFF, 0xE8,
    0x00, 0xAE, 0xFF, 0x74, 0x00, 0x00, 0x00, 0x00, 0x00, 0x00, 0x0D, 0xFF, 0xFF, 0x11, 0xC1, 0xFF,
    0x61, 0x00, 0x00, 0x00, 0x00, 0x00, 0x00, 0x00, 0xFA, 0xFF, 0x25, 0xAE, 0xFF, 0x73, 0x00, 0x00,
    0x00, 0x00, 0x00, 0x00, 0x0C, 0xFF, 0xFF, 0x11, 0x85, 0xFF, 0xB0, 0x00, 0x00, 0x00, 0x00, 0x00,
    0x00, 0x4B, 0xFF, 0xE8, 0x00, 0x2E, 0xFF, 0xFC, 0x2E, 0x00, 0x00, 0x00, 0x00, 0x02, 0xC3, 0xFF,
    0x91, 0x00, 0x00, 0xA2, 0xFF, 0xE4, 0x44, 0x00, 0x00, 0x1A, 0xAA, 0xFF, 0xEC, 0x18, 0x00, 0x00,
    0x0D, 0xB8, 0xFF, 0xFF, 0xF3, 0xE7, 0xFE, 0xFF, 0xEB, 0x3D, 0x00, 0x00, 0x00, 0x00, 0x02, 0x5E,
    0xC1, 0xEB, 0xF5, 0xD6, 0x89, 0x1B, 0x00, 0x00, 0x00, 0x00, 0x00, 0x00, 0x00, 0x00, 0x67, 0xFF,
    0xD1, 0x05, 0x1D, 0xF2, 0xF7, 0x39, 0x00, 0x00, 0x00, 0x00, 0x00, 0x00, 0x00, 0x01, 0xD8, 0xFB,
    0x32, 0x00, 0xB7, 0xFE, 0x55, 0x00, 0x00, 0x00, 0x00, 0x00, 0x00, 0x00, 0x00, 0x4E, 0xFF, 0x84,
    0x00, 0x60, 0xFF, 0x76, 0x00, 0x00, 0x00, 0x00, 0x00, 0x00, 0x00, 0x00, 0x00, 0x00, 0x00, 0x00,
    0x00, 0x00, 0x00, 0x00, 0x00, 0x00, 0x00, 0x00, 0x00, 0x00, 0x00, 0x00, 0x00, 0x00, 0x00, 0x00,
    0x00, 0x00, 0x00, 0x00, 0x00, 0x00, 0x00, 0x00, 0x00, 0x00, 0x00, 0x00, 0x00, 0x22, 0x8C, 0xD2,
    0xF5, 0xFA, 0xE2, 0xAA, 0x4B, 0x00, 0x00, 0x00, 0x00, 0x00, 0x00, 0x00, 0x68, 0xF9, 0xFF, 0xFF,
    0xF2, 0xE7, 0xFE, 0xFF, 0xFF, 0xB2, 0x0E, 0x00, 0x00, 0x00, 0x00, 0x7F, 0xFF, 0xFF, 0x97, 0x26,
    0x00, 0x00, 0x0C, 0x69, 0xEA, 0xFF, 0xD3, 0x0A, 0x00, 0x00, 0x3D, 0xFD, 0xFF, 0x5B, 0x00, 0x00,
    0x00, 0x00, 0x00, 0x00, 0x1F, 0xDE, 0xFF, 0x97, 0x00, 0x00, 0xC1, 0xFF, 0x98, 0x00, 0x00, 0x00,
    0x00, 0x00, 0x00, 0x00, 0x00, 0x3F, 0xFF, 0xFE, 0x1E, 0x1E, 0xFE, 0xFF, 0x22, 0x00, 0x00, 0x00,
    0x00, 0x00, 0x00, 0x00, 0x00, 0x00, 0xC8, 0xFF, 0x78, 0x5B, 0xFF, 0xD1, 0x00, 0x00, 0x00, 0x00,
    0x00, 0x00, 0x00, 0x00, 0x00, 0x00, 0x78, 0xFF, 0xB7, 0x76, 0xFF, 0xB0, 0x00, 0x00, 0x00, 0x00,
    0x00, 0x00, 0x00, 0x00, 0x00, 0x00, 0x59, 0xFF, 0xD1, 0x89, 0xFF, 0x9D, 0x00, 0x00, 0x00, 0x00,
    0x00, 0x00, 0x00, 0x00, 0x00, 0x00, 0x46, 0xFF, 0xE5, 0x77, 0xFF, 0xAF, 0x00, 0x00, 0x00, 0x00,
    0x00, 0x00, 0x00, 0x00, 0x00, 0x00, 0x58, 0xFF, 0xD2, 0x5C, 0xFF, 0xD0, 0x00, 0x00, 0x00, 0x00,
    0x00, 0x00, 0x00, 0x00, 0x00, 0x00, 0x78, 0xFF, 0xB7, 0x20, 0xFE, 0xFF, 0x20, 0x00, 0x00, 0x00,
    0x00, 0x00, 0x00, 0x00, 0x00, 0x00, 0xC8, 0xFF, 0x7A, 0x00, 0xC3, 0xFF, 0x97, 0x00, 0x00, 0x00,
    0x00, 0x00, 0x00, 0x00, 0x00, 0x3E, 0xFF, 0xFE, 0x1F, 0x00, 0x3F, 0xFD, 0xFE, 0x5B, 0x00, 0x00,
    0x00, 0x00, 0x00, 0x00, 0x1E, 0xDE, 0xFF, 0x99, 0x00, 0x00, 0x00, 0x80, 0xFF, 0xFF, 0x96, 0x26,
    0x00, 0x00, 0x0B, 0x65, 0xE8, 0xFF, 0xD4, 0x0B, 0x00, 0x00, 0x00, 0x00, 0x69, 0xF9, 0xFF, 0xFF,
    0xF2, 0xE7, 0xFE, 0xFF, 0xFF, 0xB3, 0x0F, 0x00, 0x00, 0x00, 0x00, 0x00, 0x00, 0x23, 0x8D, 0xD3,
    0xF6, 0xFB, 0xE3, 0xAB, 0x4C, 0x00, 0x00, 0x00, 0x00, 0x00, 0x00, 0x00, 0x67, 0xFF, 0xD1, 0x05,
    0x1D, 0xF2, 0xF7, 0x39, 0x00, 0x00, 0x00, 0x00, 0x01, 0xD8, 0xFB, 0x32, 0x00, 0xB7, 0xFE, 0x55,
    0x00, 0x00, 0x00, 0x00, 0x00, 0x4E, 0xFF, 0x84, 0x00, 0x60, 0xFF, 0x76, 0x00, 0x00, 0x00, 0x00,
    0x00, 0x00, 0x00, 0x00, 0x00, 0x00, 0x00, 0x00, 0x00, 0x00, 0x00, 0x00, 0x00, 0x00, 0x00, 0x00,
    0x00, 0x00, 0x00, 0x00, 0x00, 0x00, 0x00, 0x00, 0x00, 0x00, 0x00, 0x00, 0x02, 0x5E, 0xC1, 0xEA,
    0xF4, 0xD6, 0x88, 0x1A, 0x00, 0x00, 0x00, 0x00, 0x0C, 0xB7, 0xFF, 0xFF, 0xF3, 0xE8, 0xFF, 0xFF,
    0xEB, 0x3C, 0x00, 0x00, 0x00, 0xA0, 0xFF, 0xE6, 0x46, 0x00, 0x00, 0x1C, 0xAD, 0xFF, 0xEB, 0x17,
    0x00, 0x2D, 0xFF, 0xFC, 0x30, 0x00, 0x00, 0x00, 0x00, 0x03, 0xC5, 0xFF, 0x90, 0x00, 0x84, 0xFF,
    0xB1, 0x00, 0x00, 0x00, 0x00, 0x00, 0x00, 0x4D, 0xFF, 0xE8, 0x00, 0xAE, 0xFF, 0x74, 0x00, 0x00,
    0x00, 0x00, 0x00, 0x00, 0x0D, 0xFF, 0xFF, 0x11, 0xC1, 0xFF, 0x61, 0x00, 0x00, 0x00, 0x00, 0x00,
    0x00, 0x00, 0xFA, 0xFF, 0x25, 0xAE, 0xFF, 0x73, 0x00, 0x00, 0x00, 0x00, 0x00, 0x00, 0x0C, 0xFF,
    0xFF, 0x11, 0x85, 0xFF, 0xB0, 0x00, 0x00, 0x00, 0x00, 0x00, 0x00, 0x4B, 0xFF, 0xE8, 0x00, 0x2E,
    0xFF, 0xFC, 0x2E, 0x00, 0x00, 0x00, 0x00, 0x02, 0xC3, 0xFF, 0x91, 0x00, 0x00, 0xA2, 0xFF, 0xE4,
    0x44, 0x00, 0x00, 0x1A, 0xAA, 0xFF, 0xEC, 0x18, 0x00, 0x00, 0x0D, 0xB8, 0xFF, 0xFF, 0xF3, 0xE7,
    0xFE, 0xFF, 0xEB, 0x3D, 0x00, 0x00, 0x00, 0x00, 0x02, 0x5E, 0xC1, 0xEB, 0xF5, 0xD6, 0x89, 0x1B,
    0x00, 0x00, 0x00, 0x00, 0x00, 0x00, 0x00, 0x1D, 0x87, 0xCE, 0xF3, 0xFF, 0xFF, 0xFF, 0xFF, 0xFF,
    0xFF, 0xFF, 0xFF, 0xFF, 0xFF, 0xFF, 0xFF, 0xFF, 0x70, 0x00, 0x00, 0x00, 0x5E, 0xF7, 0xFF, 0xFF,
    0xF5, 0xDD, 0xDC, 0xE3, 0xFF, 0xFF, 0xDD, 0xDC, 0xDC, 0xDC, 0xDC, 0xDC, 0xDC, 0xDC, 0x60, 0x00,
    0x00, 0x75, 0xFF, 0xFF, 0x9D, 0x2A, 0x00, 0x00, 0x00, 0x34, 0xFF, 0xFF, 0x08, 0x00, 0x00, 0x00,
    0x00, 0x00, 0x00, 0x00, 0x00, 0x00, 0x35, 0xFB, 0xFF, 0x63, 0x00, 0x00, 0x00, 0x00, 0x00, 0x34,
    0xFF, 0xFF, 0x08, 0x00, 0x00, 0x00, 0x00, 0x00, 0x00, 0x00, 0x00, 0x00, 0xBB, 0xFF, 0xA0, 0x00,
    0x00, 0x00, 0x00, 0x00, 0x00, 0x34, 0xFF, 0xFF, 0x08, 0x00, 0x00, 0x00, 0x00, 0x00, 0x00, 0x00,
    0x00, 0x1A, 0xFD, 0xFF, 0x24, 0x00, 0x00, 0x00, 0x00, 0x00, 0x00, 0x34, 0xFF, 0xFF, 0x08, 0x00,
    0x00, 0x00, 0x00, 0x00, 0x00, 0x00, 0x00, 0x5A, 0xFF, 0xD3, 0x00, 0x00, 0x00, 0x00, 0x00, 0x00,
    0x00, 0x34, 0xFF, 0xFF, 0x08, 0x00, 0x00, 0x00, 0x00, 0x00, 0x00, 0x00, 0x00, 0x75, 0xFF, 0xB0,
    0x00, 0x00, 0x00, 0x00, 0x00, 0x00, 0x00, 0x34, 0xFF, 0xFF, 0xDD, 0xDC, 0xDC, 0xDC, 0xDC, 0xDC,
    0xDC, 0xC0, 0x00, 0x89, 0xFF, 0x9D, 0x00, 0x00, 0x00, 0x00, 0x00, 0x00, 0x00, 0x34, 0xFF, 0xFF,
    0xFF, 0xFF, 0xFF, 0xFF, 0xFF, 0xFF, 0xFF, 0xE0, 0x00, 0x76, 0xFF, 0xAF, 0x00, 0x00, 0x00, 0x00,
    0x00, 0x00, 0x00, 0x34, 0xFF, 0xFF, 0x08, 0x00, 0x00, 0x00, 0x00, 0x00, 0x00, 0x00, 0x00, 0x5A,
    0xFF, 0xD3, 0x00, 0x00, 0x00, 0x00, 0x00, 0x00, 0x00, 0x34, 0xFF, 0xFF, 0x08, 0x00, 0x00, 0x00,
    0x00, 0x00, 0x00, 0x00, 0x00, 0x1A, 0xFD, 0xFF, 0x24, 0x00, 0x00, 0x00, 0x00, 0x00, 0x00, 0x34,
    0xFF, 0xFF, 0x08, 0x00, 0x00, 0x00, 0x00, 0x00, 0x00, 0x00, 0x00, 0x00, 0xBA, 0xFF, 0xA0, 0x00,
    0x00, 0x00, 0x00, 0x00, 0x00, 0x34, 0xFF, 0xFF, 0x08, 0x00, 0x00, 0x00, 0x00, 0x00, 0x00, 0x00,
    0x00, 0x00, 0x33, 0xFA, 0xFF, 0x62, 0x00, 0x00, 0x00, 0x00, 0x00, 0x34, 0xFF, 0xFF, 0x08, 0x00,
    0x00, 0x00, 0x00, 0x00, 0x00, 0x00, 0x00, 0x00, 0x00, 0x72, 0xFF, 0xFF, 0x99, 0x28, 0x00, 0x00,
    0x00, 0x34, 0xFF, 0xFF, 0x08, 0x00, 0x00, 0x00, 0x00, 0x00, 0x00, 0x00, 0x00, 0x00, 0x00, 0x00,
    0x5D, 0xF7, 0xFF, 0xFF, 0xF4, 0xDD, 0xDC, 0xE3, 0xFF, 0xFF, 0xDD, 0xDC, 0xDC, 0xDC, 0xDC, 0xDC,
    0xDC, 0xDC, 0x78, 0x00, 0x00, 0x00, 0x00, 0x1D, 0x88, 0xCF, 0xF4, 0xFF, 0xFF, 0xFF, 0xFF, 0xFF,
    0xFF, 0xFF, 0xFF, 0xFF, 0xFF, 0xFF, 0xFF, 0xFF, 0x8C, 0x00, 0x00, 0x02, 0x5E, 0xC1, 0xEA, 0xF4,
    0xD6, 0x88, 0x1A, 0x00, 0x00, 0x03, 0x60, 0xC3, 0xEC, 0xF7, 0xD4, 0x85, 0x14, 0x00, 0x00, 0x00,
    0x0C, 0xB7, 0xFF, 0xFF, 0xF3, 0xE8, 0xFF, 0xFF, 0xEB, 0x3C, 0x0D, 0xB8, 0xFF, 0xFF, 0xEE, 0xEC,
    0xFF, 0xFF, 0xE7, 0x2E, 0x00, 0x00, 0xA0, 0xFF, 0xE6, 0x46, 0x00, 0x00, 0x1C, 0xAD, 0xFF, 0xEB,
    0xB9, 0xFF, 0xCC, 0x34, 0x00, 0x00, 0x21, 0xB8, 0xFF, 0xDF, 0x07, 0x2D, 0xFF, 0xFC, 0x30, 0x00,
    0x00, 0x00, 0x00, 0x03, 0xC5, 0xFF, 0xFF, 0xE3, 0x10, 0x00, 0x00, 0x00, 0x00, 0x09, 0xDA, 0xFF,
    0x61, 0x84, 0xFF, 0xB1, 0x00, 0x00, 0x00, 0x00, 0x00, 0x00, 0x4D, 0xFF, 0xFF, 0x7F, 0x00, 0x00,
    0x00, 0x00, 0x00, 0x00, 0x7E, 0xFF, 0xA8, 0xAE, 0xFF, 0x74, 0x00, 0x00, 0x00, 0x00, 0x00, 0x00,
    0x0D, 0xFF, 0xFF, 0xFA, 0xDC, 0xDC, 0xDC, 0xDC, 0xDC, 0xDC, 0xE8, 0xFF, 0xC6, 0xC1, 0xFF, 0x61,
    0x00, 0x00, 0x00, 0x00, 0x00, 0x00, 0x00, 0xFF, 0xFF, 0xFF, 0xFF, 0xFF, 0xFF, 0xFF, 0xFF, 0xFF,
    0xFF, 0xFF, 0xD3, 0xAE, 0xFF, 0x73, 0x00, 0x00, 0x00, 0x00, 0x00, 0x00, 0x0C, 0xFF, 0xFF, 0x7A,
    0x00, 0x00, 0x00, 0x00, 0x00, 0x00, 0x00, 0x00, 0x00, 0x85, 0xFF, 0xB0, 0x00, 0x00, 0x00, 0x00,
    0x00, 0x00, 0x4B, 0xFF, 0xFF, 0x9F, 0x00, 0x00, 0x00, 0x00, 0x00, 0x00, 0x00, 0x00, 0x00, 0x2E,
    0xFF, 0xFC, 0x2E, 0x00, 0x00, 0x00, 0x00, 0x02, 0xC3, 0xFF, 0xFF, 0xF6, 0x22, 0x00, 0x00, 0x00,
    0x00, 0x00, 0x82, 0x91, 0x32, 0x00, 0xA2, 0xFF, 0xE4, 0x44, 0x00, 0x00, 0x1A, 0xAA, 0xFF, 0xEC,
    0xBF, 0xFF, 0xDF, 0x46, 0x02, 0x00, 0x0C, 0x7D, 0xFE, 0xFF, 0x35, 0x00, 0x0D, 0xB8, 0xFF, 0xFF,
    0xF3, 0xE7, 0xFE, 0xFF, 0xEB, 0x3D, 0x0E, 0xB8, 0xFF, 0xFF, 0xF2, 0xE2, 0xFA, 0xFF, 0xFE, 0x6D,
    0x00, 0x00, 0x00, 0x02, 0x5E, 0xC1, 0xEB, 0xF5, 0xD6, 0x89, 0x1B, 0x00, 0x00, 0x02, 0x5B, 0xBC,
    0xE7, 0xF8, 0xDD, 0xA4, 0x34, 0x00, 0x00, 0x00, 0x00, 0x00, 0x00, 0x00, 0x00, 0x63, 0x80, 0x45,
    0x00, 0x00, 0x00, 0x00, 0x00, 0x00, 0x00, 0x00, 0x00, 0x23, 0xFC, 0xF1, 0x1B, 0x00, 0x00, 0x00,
    0x00, 0x00, 0x00, 0x00, 0x00, 0x00, 0x99, 0xFF, 0x65, 0x00, 0x00, 0x00, 0x00, 0x00, 0x00, 0x00,
    0x00, 0x00, 0x18, 0xF8, 0xBE, 0x01, 0x00, 0x00, 0x00, 0x00, 0x00, 0x00, 0x00, 0x00, 0x00, 0x00,
    0x00, 0x00, 0x00, 0x00, 0x00, 0x00, 0x00, 0x00, 0x00, 0x00, 0x00, 0x00, 0x00, 0x00, 0x00, 0x00,
    0x00, 0x00, 0x00, 0x00, 0x00, 0xE4, 0xFF, 0xFF, 0xFF, 0xFF, 0xFF, 0xF6, 0xDF, 0xA6, 0x44, 0x00,
    0x00, 0x00, 0xE4, 0xFF, 0xE8, 0xDC, 0xDC, 0xDC, 0xE4, 0xFC, 0xFF, 0xFF, 0x94, 0x00, 0x00, 0xE4,
    0xFF, 0x58, 0x00, 0x00, 0x00, 0x00, 0x0B, 0x70, 0xFD, 0xFF, 0x61, 0x00, 0xE4, 0xFF, 0x58, 0x00,
    0x00, 0x00, 0x00, 0x00, 0x00, 0x93, 0xFF, 0xCD, 0x00, 0xE4, 0xFF, 0x58, 0x00, 0x00, 0x00, 0x00,
    0x00, 0x00, 0x45, 0xFF, 0xF9, 0x01, 0xE4, 0xFF, 0x58, 0x00, 0x00, 0x00, 0x00, 0x00, 0x00, 0x40,
    0xFF, 0xFA, 0x02, 0xE4, 0xFF, 0x58, 0x00, 0x00, 0x00, 0x00, 0x00, 0x00, 0x89, 0xFF, 0xD3, 0x00,
    0xE4, 0xFF, 0x58, 0x00, 0x00, 0x00, 0x00, 0x09, 0x68, 0xFB, 0xFF, 0x6C, 0x00, 0xE4, 0xFF, 0xE8,
    0xDC, 0xDC, 0xDC, 0xE2, 0xFB, 0xFF, 0xFF, 0xA4, 0x02, 0x00, 0xE4, 0xFF, 0xFF, 0xFF, 0xFF, 0xFF,
    0xFF, 0xFF, 0xF5, 0x4A, 0x00, 0x00, 0x00, 0xE4, 0xFF, 0x58, 0x00, 0x00, 0x00, 0x3A, 0xFF, 0xFF,
    0x46, 0x00, 0x00, 0x00, 0xE4, 0xFF, 0x58, 0x00, 0x00, 0x00, 0x00, 0xB5, 0xFF, 0xCC, 0x01, 0x00,
    0x00, 0xE4, 0xFF, 0x58, 0x00, 0x00, 0x00, 0x00, 0x31, 0xFE, 0xFF, 0x55, 0x00, 0x00, 0xE4, 0xFF,
    0x58, 0x00, 0x00, 0x00, 0x00, 0x00, 0xAC, 0xFF, 0xD8, 0x03, 0x00, 0xE4, 0xFF, 0x58, 0x00, 0x00,
    0x00, 0x00, 0x00, 0x2A, 0xFD, 0xFF, 0x64, 0x00, 0xE4, 0xFF, 0x58, 0x00, 0x00, 0x00, 0x00, 0x00,
    0x00, 0xA3, 0xFF, 0xE3, 0x08, 0xE4, 0xFF, 0x58, 0x00, 0x00, 0x00, 0x00, 0x00, 0x00, 0x23, 0xFB,
    0xFF, 0x74, 0x00, 0x00, 0x00, 0x00, 0x33, 0x80, 0x73, 0x01, 0x00, 0x00, 0x00, 0x00, 0xC1, 0xFF,
    0x6C, 0x00, 0x00, 0x00, 0x00, 0x38, 0xFF, 0xC4, 0x01, 0x00, 0x00, 0x00, 0x00, 0xB0, 0xF7, 0x27,
    0x00, 0x00, 0x00, 0x00, 0x00, 0x00, 0x00, 0x00, 0x00, 0x00, 0x00, 0x00, 0x00, 0x00, 0x00, 0x00,
    0x00, 0x00, 0x24, 0xFF, 0xE4, 0x02, 0x75, 0xDB, 0xFC, 0x7E, 0x24, 0xFF, 0xE4, 0x95, 0xFF, 0xF7,
    0xE6, 0x7E, 0x24, 0xFF, 0xFC, 0xED, 0x58, 0x03, 0x00, 0x02, 0x24, 0xFF, 0xFF, 0x5A, 0x00, 0x00,
    0x00, 0x00, 0x24, 0xFF, 0xFE, 0x0C, 0x00, 0x00, 0x00, 0x00, 0x24, 0xFF, 0xF8, 0x00, 0x00, 0x00,
    0x00, 0x00, 0x24, 0xFF, 0xF8, 0x00, 0x00, 0x00, 0x00, 0x00, 0x24, 0xFF, 0xF8, 0x00, 0x00, 0x00,
    0x00, 0x00, 0x24, 0xFF, 0xF8, 0x00, 0x00, 0x00, 0x00, 0x00, 0x24, 0xFF, 0xF8, 0x00, 0x00, 0x00,
    0x00, 0x00, 0x24, 0xFF, 0xF8, 0x00, 0x00, 0x00, 0x00, 0x00, 0x24, 0xFF, 0xF8, 0x00, 0x00, 0x00,
    0x00, 0x00, 0x24, 0xFF, 0xF8, 0x00, 0x00, 0x00, 0x00, 0x00, 0xE4, 0xFF, 0xFF, 0xFF, 0xFF, 0xFF,
    0xF6, 0xDF, 0xA6, 0x44, 0x00, 0x00, 0x00, 0xE4, 0xFF, 0xE8, 0xDC, 0xDC, 0xDC, 0xE4, 0xFC, 0xFF,
    0xFF, 0x94, 0x00, 0x00, 0xE4, 0xFF, 0x58, 0x00, 0x00, 0x00, 0x00, 0x0B, 0x70, 0xFD, 0xFF, 0x61,
    0x00, 0xE4, 0xFF, 0x58, 0x00, 0x00, 0x00, 0x00, 0x00, 0x00, 0x93, 0xFF, 0xCD, 0x00, 0xE4, 0xFF,
    0x58, 0x00, 0x00, 0x00, 0x00, 0x00, 0x00, 0x45, 0xFF, 0xF9, 0x01, 0xE4, 0xFF, 0x58, 0x00, 0x00,
    0x00, 0x00, 0x00, 0x00, 0x40, 0xFF, 0xFA, 0x02, 0xE4, 0xFF, 0x58, 0x00, 0x00, 0x00, 0x00, 0x00,
    0x00, 0x89, 0xFF, 0xD3, 0x00, 0xE4, 0xFF, 0x58, 0x00, 0x00, 0x00, 0x00, 0x09, 0x68, 0xFB, 0xFF,
    0x6C, 0x00, 0xE4, 0xFF, 0xE8, 0xDC, 0xDC, 0xDC, 0xE2, 0xFB, 0xFF, 0xFF, 0xA4, 0x02, 0x00, 0xE4,
    0xFF, 0xFF, 0xFF, 0xFF, 0xFF, 0xFF, 0xFF, 0xF5, 0x4A, 0x00, 0x00, 0x00, 0xE4, 0xFF, 0x58, 0x00,
    0x00, 0x00, 0x3A, 0xFF, 0xFF, 0x46, 0x00, 0x00, 0x00, 0xE4, 0xFF, 0x58, 0x00, 0x00, 0x00, 0x00,
    0xB5, 0xFF, 0xCC, 0x01, 0x00, 0x00, 0xE4, 0xFF, 0x58, 0x00, 0x00, 0x00, 0x00, 0x31, 0xFE, 0xFF,
    0x55, 0x00, 0x00, 0xE4, 0xFF, 0x58, 0x00, 0x00, 0x00, 0x00, 0x00, 0xAC, 0xFF, 0xD8, 0x03, 0x00,
    0xE4, 0xFF, 0x58, 0x00, 0x00, 0x00, 0x00, 0x00, 0x2A, 0xFD, 0xFF, 0x64, 0x00, 0xE4, 0xFF, 0x58,
    0x00, 0x00, 0x00, 0x00, 0x00, 0x00, 0xA3, 0xFF, 0xE3, 0x08, 0xE4, 0xFF, 0x58, 0x00, 0x00, 0x00,
    0x00, 0x00, 0x00, 0x23, 0xFB, 0xFF, 0x74, 0x00, 0x00, 0x00, 0x00, 0x00, 0x00, 0x00, 0x00, 0x00,
    0x00, 0x00, 0x00, 0x00, 0x00, 0x00, 0x00, 0x00, 0x00, 0x00, 0x00, 0x00, 0x00, 0x00, 0x00, 0x00,
    0x00, 0x00, 0x00, 0x00, 0x00, 0x4B, 0xFF, 0xCB, 0x00, 0x00, 0x00, 0x00, 0x00, 0x00, 0x00, 0x00,
    0x00, 0x00, 0x87, 0xFF, 0x6C, 0x00, 0x00, 0x00, 0x00, 0x00, 0x00, 0x00, 0x00, 0x00, 0x00, 0xC3,
    0xFA, 0x14, 0x00, 0x00, 0x00, 0x00, 0x00, 0x00, 0x00, 0x00, 0x00, 0x06, 0xF7, 0xAF, 0x00, 0x00,
    0x00, 0x00, 0x00, 0x00, 0x00, 0x00, 0x24, 0xFF, 0xE4, 0x02, 0x75, 0xDB, 0xFC, 0x7E, 0x00, 0x24,
    0xFF, 0xE4, 0x95, 0xFF, 0xF7, 0xE6, 0x7E, 0x00, 0x24, 0xFF, 0xFC, 0xED, 0x58, 0x03, 0x00, 0x02,
    0x00, 0x24, 0xFF, 0xFF, 0x5A, 0x00, 0x00, 0x00, 0x00, 0x00, 0x24, 0xFF, 0xFE, 0x0C, 0x00, 0x00,
    0x00, 0x00, 0x00, 0x24, 0xFF, 0xF8, 0x00, 0x00, 0x00, 0x00, 0x00, 0x00, 0x24, 0xFF, 0xF8, 0x00,
    0x00, 0x00, 0x00, 0x00, 0x00, 0x24, 0xFF, 0xF8, 0x00, 0x00, 0x00, 0x00, 0x00, 0x00, 0x24, 0xFF,
    0xF8, 0x00, 0x00, 0x00, 0x00, 0x00, 0x00, 0x24, 0xFF, 0xF8, 0x00, 0x00, 0x00, 0x00, 0x00, 0x00,
    0x24, 0xFF, 0xF8, 0x00, 0x00, 0x00, 0x00, 0x00, 0x00, 0x24, 0xFF, 0xF8, 0x00, 0x00, 0x00, 0x00,
    0x00, 0x00, 0x24, 0xFF, 0xF8, 0x00, 0x00, 0x00, 0x00, 0x00, 0x00, 0x00, 0x00, 0x00, 0x00, 0x00,
    0x00, 0x00, 0x00, 0x00, 0x00, 0x00, 0x00, 0x00, 0x00, 0x00, 0x00, 0x00, 0x00, 0x57, 0xFF, 0xBF,
    0x00, 0x00, 0x00, 0x00, 0x00, 0x00, 0x93, 0xFF, 0x60, 0x00, 0x00, 0x00, 0x00, 0x00, 0x00, 0xCF,
    0xF5, 0x0C, 0x00, 0x00, 0x00, 0x00, 0x00, 0x0D, 0xFC, 0xA3, 0x00, 0x00, 0x00, 0x00, 0x00, 0x00,
    0x00, 0x02, 0xA8, 0xFF, 0x60, 0x00, 0x30, 0xF3, 0xE2, 0x1E, 0x00, 0x00, 0x00, 0x00, 0x00, 0x06,
    0xBA, 0xFA, 0x61, 0xE5, 0xE7, 0x25, 0x00, 0x00, 0x00, 0x00, 0x00, 0x00, 0x00, 0x0C, 0xC9, 0xFF,
    0xED, 0x2C, 0x00, 0x00, 0x00, 0x00, 0x00, 0x00, 0x00, 0x00, 0x00, 0x00, 0x00, 0x00, 0x00, 0x00,
    0x00, 0x00, 0x00, 0x00, 0x00, 0x00, 0x00, 0x00, 0x00, 0x00, 0x00, 0x00, 0x00, 0x00, 0x00, 0x00,
    0x00, 0xE4, 0xFF, 0xFF, 0xFF, 0xFF, 0xFF, 0xF6, 0xDF, 0xA6, 0x44, 0x00, 0x00, 0x00, 0xE4, 0xFF,
    0xE8, 0xDC, 0xDC, 0xDC, 0xE4, 0xFC, 0xFF, 0xFF, 0x94, 0x00, 0x00, 0xE4, 0xFF, 0x58, 0x00, 0x00,
    0x00, 0x00, 0x0B, 0x70, 0xFD, 0xFF, 0x61, 0x00, 0xE4, 0xFF, 0x58, 0x00, 0x00, 0x00, 0x00, 0x00,
    0x00, 0x93, 0xFF, 0xCD, 0x00, 0xE4, 0xFF, 0x58, 0x00, 0x00, 0x00, 0x00, 0x00, 0x00, 0x45, 0xFF,
    0xF9, 0x01, 0xE4, 0xFF, 0x58, 0x00, 0x00, 0x00, 0x00, 0x00, 0x00, 0x40, 0xFF, 0xFA, 0x02, 0xE4,
    0xFF, 0x58, 0x00, 0x00, 0x00, 0x00, 0x00, 0x00, 0x89, 0xFF, 0xD3, 0x00, 0xE4, 0xFF, 0x58, 0x00,
    0x00, 0x00, 0x00, 0x09, 0x68, 0xFB, 0xFF, 0x6C, 0x00, 0xE4, 0xFF, 0xE8, 0xDC, 0xDC, 0xDC, 0xE2,
    0xFB, 0xFF, 0xFF, 0xA4, 0x02, 0x00, 0xE4, 0xFF, 0xFF, 0xFF, 0xFF, 0xFF, 0xFF, 0xFF, 0xF5, 0x4A,
    0x00, 0x00, 0x00, 0xE4, 0xFF, 0x58, 0x00, 0x00, 0x00, 0x3A, 0xFF, 0xFF, 0x46, 0x00, 0x00, 0x00,
    0xE4, 0xFF, 0x58, 0x00, 0x00, 0x00, 0x00, 0xB5, 0xFF, 0xCC, 0x01, 0x00, 0x00, 0xE4, 0xFF, 0x58,
    0x00, 0x00, 0x00, 0x00, 0x31, 0xFE, 0xFF, 0x55, 0x00, 0x00, 0xE4, 0xFF, 0x58, 0x00, 0x00, 0x00,
    0x00, 0x00, 0xAC, 0xFF, 0xD8, 0x03, 0x00, 0xE4, 0xFF, 0x58, 0x00, 0x00, 0x00, 0x00, 0x00, 0x2A,
    0xFD, 0xFF, 0x64, 0x00, 0xE4, 0xFF, 0x58, 0x00, 0x00, 0x00, 0x00, 0x00, 0x00, 0xA3, 0xFF, 0xE3,
    0x08, 0xE4, 0xFF, 0x58, 0x00, 0x00, 0x00, 0x00, 0x00, 0x00, 0x23, 0xFB, 0xFF, 0x74, 0x4F, 0xFC,
    0xBA, 0x05, 0x05, 0xBD, 0xFE, 0x61, 0x00, 0x61, 0xFF, 0x9F, 0xA1, 0xFF, 0x6D, 0x00, 0x00, 0x00,
    0x75, 0xFF, 0xFF, 0x79, 0x00, 0x00, 0x00, 0x00, 0x00, 0x00, 0x00, 0x00, 0x00, 0x00, 0x00, 0x00,
    0x00, 0x00, 0x00, 0x00, 0x00, 0x00, 0x24, 0xFF, 0xE4, 0x02, 0x75, 0xDB, 0xFC, 0x7E, 0x24, 0xFF,
    0xE4, 0x95, 0xFF, 0xF7, 0xE6, 0x7E, 0x24, 0xFF, 0xFC, 0xED, 0x58, 0x03, 0x00, 0x02, 0x24, 0xFF,
    0xFF, 0x5A, 0x00, 0x00, 0x00, 0x00, 0x24, 0xFF, 0xFE, 0x0C, 0x00, 0x00, 0x00, 0x00, 0x24, 0xFF,
    0xF8, 0x00, 0x00, 0x00, 0x00, 0x00, 0x24, 0xFF, 0xF8, 0x00, 0x00, 0x00, 0x00, 0x00, 0x24, 0xFF,
    0xF8, 0x00, 0x00, 0x00, 0x00, 0x00, 0x24, 0xFF, 0xF8, 0x00, 0x00, 0x00, 0x00, 0x00, 0x24, 0xFF,
    0xF8, 0x00, 0x00, 0x00, 0x00, 0x00, 0x24, 0xFF, 0xF8, 0x00, 0x00, 0x00, 0x00, 0x00, 0x24, 0xFF,
    0xF8, 0x00, 0x00, 0x00, 0x00, 0x00, 0x24, 0xFF, 0xF8, 0x00, 0x00, 0x00, 0x00, 0x00, 0x00, 0x00,
    0x00, 0x00, 0x00, 0x00, 0x00, 0x5B, 0x80, 0x4D, 0x00, 0x00, 0x00, 0x00, 0x00, 0x00, 0x00, 0x00,
    0x00, 0x00, 0x18, 0xF8, 0xF7, 0x25, 0x00, 0x00, 0x00, 0x00, 0x00, 0x00, 0x00, 0x00, 0x00, 0x00,
    0x89, 0xFF, 0x75, 0x00, 0x00, 0x00, 0x00, 0x00, 0x00, 0x00, 0x00, 0x00, 0x00, 0x0E, 0xF1, 0xCB,
    0x03, 0x00, 0x00, 0x00, 0x00, 0x00, 0x00, 0x00, 0x00, 0x00, 0x00, 0x00, 0x00, 0x00, 0x00, 0x00,
    0x00, 0x00, 0x00, 0x00, 0x00, 0x00, 0x00, 0x00, 0x00, 0x00, 0x00, 0x00, 0x00, 0x00, 0x00, 0x00,
    0x00, 0x00, 0x00, 0x00, 0x00, 0x3D, 0xA0, 0xDE, 0xF7, 0xF0, 0xD2, 0x89, 0x1C, 0x00, 0x00, 0x00,
    0x00, 0x02, 0x99, 0xFF, 0xFF, 0xFE, 0xE6, 0xF1, 0xFF, 0xFF, 0xF5, 0x57, 0x00, 0x00, 0x00, 0x7D,
    0xFF, 0xEF, 0x68, 0x09, 0x00, 0x00, 0x25, 0xA5, 0xFF, 0xFC, 0x32, 0x00, 0x01, 0xF0, 0xFF, 0x4D,
    0x00, 0x00, 0x00, 0x00, 0x00, 0x00, 0xB8, 0xFF, 0xA2, 0x00, 0x1A, 0xFF, 0xFF, 0x0C, 0x00, 0x00,
    0x00, 0x00, 0x00, 0x00, 0x2A, 0x60, 0x4A, 0x00, 0x0B, 0xFB, 0xFF, 0x4E, 0x00, 0x00, 0x00, 0x00,
    0x00, 0x00, 0x00, 0x00, 0x00, 0x00, 0x00, 0xA1, 0xFF, 0xF8, 0x82, 0x14, 0x00, 0x00, 0x00, 0x00,
    0x00, 0x00, 0x00, 0x00, 0x00, 0x0B, 0xA7, 0xFF, 0xFF, 0xFC, 0xC2, 0x7F, 0x36, 0x01, 0x00, 0x00,
    0x00, 0x00, 0x00, 0x00, 0x00, 0x43, 0xA8, 0xF6, 0xFF, 0xFF, 0xFF, 0xDF, 0x69, 0x06, 0x00, 0x00,
    0x00, 0x00, 0x00, 0x00, 0x00, 0x09, 0x45, 0x8C, 0xE0, 0xFF, 0xFF, 0xCC, 0x11, 0x00, 0x00, 0x00,
    0x00, 0x00, 0x00, 0x00, 0x00, 0x00, 0x00, 0x48, 0xE5, 0xFF, 0xA0, 0x00, 0x00, 0x00, 0x00, 0x00,
    0x00, 0x00, 0x00, 0x00, 0x00, 0x00, 0x4C, 0xFF, 0xF4, 0x00, 0x5B, 0x9C, 0x6F, 0x00, 0x00, 0x00,
    0x00, 0x00, 0x00, 0x00, 0x2E, 0xFF, 0xFB, 0x03, 0x67, 0xFF, 0xF0, 0x18, 0x00, 0x00, 0x00, 0x00,
    0x00, 0x00, 0x8E, 0xFF, 0xD0, 0x00, 0x0C, 0xE1, 0xFF, 0xD9, 0x4A, 0x05, 0x00, 0x00, 0x22, 0x98,
    0xFF, 0xFF, 0x58, 0x00, 0x00, 0x2B, 0xE0, 0xFF, 0xFF, 0xF7, 0xE1, 0xEC, 0xFF, 0xFF, 0xFB, 0x76,
    0x00, 0x00, 0x00, 0x00, 0x0B, 0x70, 0xC0, 0xEC, 0xFB, 0xEF, 0xD4, 0x90, 0x2A, 0x00, 0x00, 0x00,
    0x00, 0x00, 0x00, 0x00, 0x00, 0x00, 0x74, 0x80, 0x33, 0x00, 0x00, 0x00, 0x00, 0x00, 0x00, 0x00,
    0x45, 0xFF, 0xDD, 0x0A, 0x00, 0x00, 0x00, 0x00, 0x00, 0x00, 0x00, 0xBD, 0xFF, 0x42, 0x00, 0x00,
    0x00, 0x00, 0x00, 0x00, 0x00, 0x34, 0xFF, 0x9B, 0x00, 0x00, 0x00, 0x00, 0x00, 0x00, 0x00, 0x00,
    0x00, 0x00, 0x00, 0x00, 0x00, 0x00, 0x00, 0x00, 0x00, 0x00, 0x00, 0x00, 0x00, 0x00, 0x00, 0x00,
    0x00, 0x00, 0x00, 0x00, 0x3C, 0xAB, 0xE7, 0xF9, 0xE0, 0xAA, 0x2F, 0x00, 0x00, 0x00, 0x6E, 0xFF,
    0xFF, 0xF9, 0xE4, 0xF8, 0xFF, 0xF8, 0x43, 0x00, 0x1A, 0xF9, 0xFF, 0x80, 0x0A, 0x00, 0x08, 0x8A,
    0xFF, 0xE2, 0x06, 0x49, 0xFF, 0xDE, 0x00, 0x00, 0x00, 0x00, 0x00, 0x7B, 0x56, 0x09, 0x2A, 0xFF,
    0xF7, 0x31, 0x00, 0x00, 0x00, 0x00, 0x00, 0x00, 0x00, 0x00, 0xA2, 0xFF, 0xFB, 0xB5, 0x73, 0x3B,
    0x05, 0x00, 0x00, 0x00, 0x00, 0x01, 0x6A, 0xD2, 0xFF, 0xFF, 0xFF, 0xEE, 0x94, 0x0F, 0x00, 0x00,
    0x00, 0x00, 0x00, 0x1D, 0x57, 0x95, 0xEC, 0xFF, 0xD3, 0x07, 0x00, 0x00, 0x00, 0x00, 0x00, 0x00,
    0x00, 0x16, 0xEA, 0xFF, 0x54, 0x4A, 0xA2, 0x5C, 0x00, 0x00, 0x00, 0x00, 0x00, 0xCD, 0xFF, 0x6A,
    0x62, 0xFF, 0xED, 0x49, 0x01, 0x00, 0x0C, 0x80, 0xFF, 0xFD, 0x2B, 0x06, 0xB2, 0xFF, 0xFF, 0xF1,
    0xE4, 0xFB, 0xFF, 0xFF, 0x78, 0x00, 0x00, 0x05, 0x63, 0xC2, 0xE8, 0xF9, 0xE5, 0xAA, 0x3C, 0x00,
    0x00, 0x00, 0x00, 0x00, 0x00, 0x09, 0xC0, 0xFF, 0xF2, 0x33, 0x00, 0x00, 0x00, 0x00, 0x00, 0x00,
    0x00, 0x00, 0x05, 0xB5, 0xFE, 0x6E, 0xDF, 0xEA, 0x26, 0x00, 0x00, 0x00, 0x00, 0x00, 0x00, 0x02,
    0xAA, 0xFF, 0x72, 0x00, 0x28, 0xED, 0xE1, 0x1C, 0x00, 0x00, 0x00, 0x00, 0x00, 0x00, 0x00, 0x00,
    0x00, 0x00, 0x00, 0x00, 0x00, 0x00, 0x00, 0x00, 0x00, 0x00, 0x00, 0x00, 0x00, 0x00, 0x00, 0x00,
    0x00, 0x00, 0x00, 0x00, 0x00, 0x00, 0x00, 0x00, 0x00, 0x00, 0x3D, 0xA0, 0xDE, 0xF7, 0xF0, 0xD2,
    0x89, 0x1C, 0x00, 0x00, 0x00, 0x00, 0x02, 0x99, 0xFF, 0xFF, 0xFE, 0xE6, 0xF1, 0xFF, 0xFF, 0xF5,
    0x57, 0x00, 0x00, 0x00, 0x7D, 0xFF, 0xEF, 0x68, 0x09, 0x00, 0x00, 0x25, 0xA5, 0xFF, 0xFC, 0x32,
    0x00, 0x01, 0xF0, 0xFF, 0x4D, 0x00, 0x00, 0x00, 0x00, 0x00, 0x00, 0xB8, 0xFF, 0xA2, 0x00, 0x1A,
    0xFF, 0xFF, 0x0C, 0x00, 0x00, 0x00, 0x00, 0x00, 0x00, 0x2A, 0x60, 0x4A, 0x00, 0x0B, 0xFB, 0xFF,
    0x4E, 0x00, 0x00, 0x00, 0x00, 0x00, 0x00, 0x00, 0x00, 0x00, 0x00, 0x00, 0xA1, 0xFF, 0xF8, 0x82,
    0x14, 0x00, 0x00, 0x00, 0x00, 0x00, 0x00, 0x00, 0x00, 0x00, 0x0B, 0xA7, 0xFF, 0xFF, 0xFC, 0xC2,
    0x7F, 0x36, 0x01, 0x00, 0x00, 0x00, 0x00, 0x00, 0x00, 0x00, 0x43, 0xA8, 0xF6, 0xFF, 0xFF, 0xFF,
    0xDF, 0x69, 0x06, 0x00, 0x00, 0x00, 0x00, 0x00, 0x00, 0x00, 0x09, 0x45, 0x8C, 0xE0, 0xFF, 0xFF,
    0xCC, 0x11, 0x00, 0x00, 0x00, 0x00, 0x00, 0x00, 0x00, 0x00, 0x00, 0x00, 0x48, 0xE5, 0xFF, 0xA0,
    0x00, 0x00, 0x00, 0x00, 0x00, 0x00, 0x00, 0x00, 0x00, 0x00, 0x00, 0x4C, 0xFF, 0xF4, 0x00, 0x5B,
    0x9C, 0x6F, 0x00, 0x00, 0x00, 0x00, 0x00, 0x00, 0x00, 0x2E, 0xFF, 0xFB, 0x03, 0x67, 0xFF, 0xF0,
    0x18, 0x00, 0x00, 0x00, 0x00, 0x00, 0x00, 0x8E, 0xFF, 0xD0, 0x00, 0x0C, 0xE1, 0xFF, 0xD9, 0x4A,
    0x05, 0x00, 0x00, 0x22, 0x98, 0xFF, 0xFF, 0x58, 0x00, 0x00, 0x2B, 0xE0, 0xFF, 0xFF, 0xF7, 0xE1,
    0xEC, 0xFF, 0xFF, 0xFB, 0x76, 0x00, 0x00, 0x00, 0x00, 0x0B, 0x70, 0xC0, 0xEC, 0xFB, 0xEF, 0xD4,
    0x90, 0x2A, 0x00, 0x00, 0x00, 0x00, 0x00, 0x00, 0x1C, 0xE0, 0xFF, 0xDA, 0x16, 0x00, 0x00, 0x00,
    0x00, 0x00, 0x16, 0xD8, 0xF2, 0x64, 0xF5, 0xCE, 0x0E, 0x00, 0x00, 0x00, 0x0F, 0xD0, 0xFA, 0x44,
    0x00, 0x4D, 0xFC, 0xC0, 0x08, 0x00, 0x00, 0x00, 0x00, 0x00, 0x00, 0x00, 0x00, 0x00, 0x00, 0x00,
    0x00, 0x00, 0x00, 0x00, 0x00, 0x00, 0x00, 0x00, 0x00, 0x00, 0x00, 0x00, 0x00, 0x00, 0x3C, 0xAB,
    0xE7, 0xF9, 0xE0, 0xAA, 0x2F, 0x00, 0x00, 0x00, 0x6E, 0xFF, 0xFF, 0xF9, 0xE4, 0xF8, 0xFF, 0xF8,
    0x43, 0x00, 0x1A, 0xF9, 0xFF, 0x80, 0x0A, 0x00, 0x08, 0x8A, 0xFF, 0xE2, 0x06, 0x49, 0xFF, 0xDE,
    0x00, 0x00, 0x00, 0x00, 0x00, 0x7B, 0x56, 0x09, 0x2A, 0xFF, 0xF7, 0x31, 0x00, 0x00, 0x00, 0x00,
    0x00, 0x00, 0x00, 0x00, 0xA2, 0xFF, 0xFB, 0xB5, 0x73, 0x3B, 0x05, 0x00, 0x00, 0x00, 0x00, 0x01,
    0x6A, 0xD2, 0xFF, 0xFF, 0xFF, 0xEE, 0x94, 0x0F, 0x00, 0x00, 0x00, 0x00, 0x00, 0x1D, 0x57, 0x95,
    0xEC, 0xFF, 0xD3, 0x07, 0x00, 0x00, 0x00, 0x00, 0x00, 0x00, 0x00, 0x16, 0xEA, 0xFF, 0x54, 0x4A,
    0xA2, 0x5C, 0x00, 0x00, 0x00, 0x00, 0x00, 0xCD, 0xFF, 0x6A, 0x62, 0xFF, 0xED, 0x49, 0x01, 0x00,
    0x0C, 0x80, 0xFF, 0xFD, 0x2B, 0x06, 0xB2, 0xFF, 0xFF, 0xF1, 0xE4, 0xFB, 0xFF, 0xFF, 0x78, 0x00,
    0x00, 0x05, 0x63, 0xC2, 0xE8, 0xF9, 0xE5, 0xAA, 0x3C, 0x00, 0x00, 0x00, 0x00, 0x00, 0x3D, 0xA0,
    0xDE, 0xF7, 0xF0, 0xD2, 0x89, 0x1C, 0x00, 0x00, 0x00, 0x00, 0x02, 0x99, 0xFF, 0xFF, 0xFE, 0xE6,
    0xF1, 0xFF, 0xFF, 0xF5, 0x57, 0x00, 0x00, 0x00, 0x7D, 0xFF, 0xEF, 0x68, 0x09, 0x00, 0x00, 0x25,
    0xA5, 0xFF, 0xFC, 0x32, 0x00, 0x01, 0xF0, 0xFF, 0x4D, 0x00, 0x00, 0x00, 0x00, 0x00, 0x00, 0xB8,
    0xFF, 0xA2, 0x00, 0x1A, 0xFF, 0xFF, 0x0C, 0x00, 0x00, 0x00, 0x00, 0x00, 0x00, 0x2A, 0x60, 0x4A,
    0x00, 0x0B, 0xFB, 0xFF, 0x4E, 0x00, 0x00, 0x00, 0x00, 0x00, 0x00, 0x00, 0x00, 0x00, 0x00, 0x00,
    0xA1, 0xFF, 0xF8, 0x82, 0x14, 0x00, 0x00, 0x00, 0x00, 0x00, 0x00, 0x00, 0x00, 0x00, 0x0B, 0xA7,
    0xFF, 0xFF, 0xFC, 0xC2, 0x7F, 0x36, 0x01, 0x00, 0x00, 0x00, 0x00, 0x00, 0x00, 0x00, 0x43, 0xA8,
    0xF6, 0xFF, 0xFF, 0xFF, 0xDF, 0x69, 0x06, 0x00, 0x00, 0x00, 0x00, 0x00, 0x00, 0x00, 0x09, 0x45,
    0x8C, 0xE0, 0xFF, 0xFF, 0xCC, 0x11, 0x00, 0x00, 0x00, 0x00, 0x00, 0x00, 0x00, 0x00, 0x00, 0x00,
    0x48, 0xE5, 0xFF, 0xA0, 0x00, 0x00, 0x00, 0x00, 0x00, 0x00, 0x00, 0x00, 0x00, 0x00, 0x00, 0x4C,
    0xFF, 0xF4, 0x00, 0x5B, 0x9C, 0x6F, 0x00, 0x00, 0x00, 0x00, 0x00, 0x00, 0x00, 0x2E, 0xFF, 0xFB,
    0x03, 0x67, 0xFF, 0xF0, 0x18, 0x00, 0x00, 0x00, 0x00, 0x00, 0x00, 0x8E, 0xFF, 0xD0, 0x00, 0x0C,
    0xE1, 0xFF, 0xD9, 0x4A, 0x05, 0x00, 0x00, 0x22, 0x98, 0xFF, 0xFF, 0x58, 0x00, 0x00, 0x2B, 0xE0,
    0xFF, 0xFF, 0xF7, 0xE1, 0xEC, 0xFF, 0xFF, 0xFB, 0x76, 0x00, 0x00, 0x00, 0x00, 0x0B, 0x70, 0xC0,
    0xEC, 0xFB, 0xEF, 0xD4, 0x90, 0x2A, 0x00, 0x00, 0x00, 0x00, 0x00, 0x00, 0x00, 0x00, 0x00, 0xE1,
    0x4C, 0x00, 0x00, 0x00, 0x00, 0x00, 0x00, 0x00, 0x00, 0x00, 0x00, 0x00, 0x04, 0xFC, 0x7A, 0x1A,
    0x00, 0x00, 0x00, 0x00, 0x00, 0x00, 0x00, 0x00, 0x00, 0x00, 0x19, 0xD8, 0xED, 0xFC, 0x3F, 0x00,
    0x00, 0x00, 0x00, 0x00, 0x00, 0x00, 0x00, 0x00, 0x02, 0x04, 0x3F, 0xFF, 0x76, 0x00, 0x00, 0x00,
    0x00, 0x00, 0x00, 0x00, 0x00, 0x00, 0x98, 0xFF, 0xFF, 0xDF, 0x23, 0x00, 0x00, 0x00, 0x00, 0x00,
    0x00, 0x00, 0x00, 0x00, 0x1C, 0x2F, 0x20, 0x02, 0x00, 0x00, 0x00, 0x00, 0x00, 0x00, 0x00, 0x3C,
    0xAB, 0xE7, 0xF9, 0xE0, 0xAA, 0x2F, 0x00, 0x00, 0x00, 0x6E, 0xFF, 0xFF, 0xF9, 0xE4, 0xF8, 0xFF,
    0xF8, 0x43, 0x00, 0x1A, 0xF9, 0xFF, 0x80, 0x0A, 0x00, 0x08, 0x8A, 0xFF, 0xE2, 0x06, 0x49, 0xFF,
    0xDE, 0x00, 0x00, 0x00, 0x00, 0x00, 0x7B, 0x56, 0x09, 0x2A, 0xFF, 0xF7, 0x31, 0x00, 0x00, 0x00,
    0x00, 0x00, 0x00, 0x00, 0x00, 0xA2, 0xFF, 0xFB, 0xB5, 0x73, 0x3B, 0x05, 0x00, 0x00, 0x00, 0x00,
    0x01, 0x6A, 0xD2, 0xFF, 0xFF, 0xFF, 0xEE, 0x94, 0x0F, 0x00, 0x00, 0x00, 0x00, 0x00, 0x1D, 0x57,
    0x95, 0xEC, 0xFF, 0xD3, 0x07, 0x00, 0x00, 0x00, 0x00, 0x00, 0x00, 0x00, 0x16, 0xEA, 0xFF, 0x54,
    0x4A, 0xA2, 0x5C, 0x00, 0x00, 0x00, 0x00, 0x00, 0xCD, 0xFF, 0x6A, 0x62, 0xFF, 0xED, 0x49, 0x01,
    0x00, 0x0C, 0x80, 0xFF, 0xFD, 0x2B, 0x06, 0xB2, 0xFF, 0xFF, 0xF1, 0xE4, 0xFB, 0xFF, 0xFF, 0x78,
    0x00, 0x00, 0x05, 0x63, 0xC2, 0xE8, 0xF9, 0xE5, 0xAA, 0x3C, 0x00, 0x00, 0x00, 0x00, 0x00, 0x00,
    0x25, 0xFF, 0x08, 0x00, 0x00, 0x00, 0x00, 0x00, 0x00, 0x00, 0x00, 0x45, 0xFF, 0x45, 0x0C, 0x00,
    0x00, 0x00, 0x00, 0x00, 0x00, 0x00, 0x53, 0xD9, 0xF6, 0xE7, 0x10, 0x00, 0x00, 0x00, 0x00, 0x00,
    0x00, 0x03, 0x05, 0x80, 0xFF, 0x32, 0x00, 0x00, 0x00, 0x00, 0x00, 0x00, 0xDC, 0xFF, 0xFF, 0xB9,
    0x06, 0x00, 0x00, 0x00, 0x00, 0x00, 0x00, 0x29, 0x2D, 0x18, 0x00, 0x00, 0x00, 0x00, 0x00, 0x00,
    0x00, 0x9A, 0xFF, 0x70, 0x00, 0x26, 0xED, 0xE9, 0x26, 0x00, 0x00, 0x00, 0x00, 0x00, 0x00, 0x03,
    0xAD, 0xFD, 0x66, 0xDC, 0xEE, 0x2E, 0x00, 0x00, 0x00, 0x00, 0x00, 0x00, 0x00, 0x00, 0x07, 0xBE,
    0xFF, 0xF2, 0x36, 0x00, 0x00, 0x00, 0x00, 0x00, 0x00, 0x00, 0x00, 0x00, 0x00, 0x00, 0x00, 0x00,
    0x00, 0x00, 0x00, 0x00, 0x00, 0x00, 0x00, 0x00, 0x00, 0x00, 0x00, 0x00, 0x00, 0x00, 0x00, 0x00,
    0x00, 0x00, 0x00, 0x00, 0x00, 0x00, 0x00, 0x3D, 0xA0, 0xDE, 0xF7, 0xF0, 0xD2, 0x89, 0x1C, 0x00,
    0x00, 0x00, 0x00, 0x02, 0x99, 0xFF, 0xFF, 0xFE, 0xE6, 0xF1, 0xFF, 0xFF, 0xF5, 0x57, 0x00, 0x00,
    0x00, 0x7D, 0xFF, 0xEF, 0x68, 0x09, 0x00, 0x00, 0x25, 0xA5, 0xFF, 0xFC, 0x32, 0x00, 0x01, 0xF0,
    0xFF, 0x4D, 0x00, 0x00, 0x00, 0x00, 0x00, 0x00, 0xB8, 0xFF, 0xA2, 0x00, 0x1A, 0xFF, 0xFF, 0x0C,
    0x00, 0x00, 0x00, 0x00, 0x00, 0x00, 0x2A, 0x60, 0x4A, 0x00, 0x0B, 0xFB, 0xFF, 0x4E, 0x00, 0x00,
    0x00, 0x00, 0x00, 0x00, 0x00, 0x00, 0x00, 0x00, 0x00, 0xA1, 0xFF, 0xF8, 0x82, 0x14, 0x00, 0x00,
    0x00, 0x00, 0x00, 0x00, 0x00, 0x00, 0x00, 0x0B, 0xA7, 0xFF, 0xFF, 0xFC, 0xC2, 0x7F, 0x36, 0x01,
    0x00, 0x00, 0x00, 0x00, 0x00, 0x00, 0x00, 0x43, 0xA8, 0xF6, 0xFF, 0xFF, 0xFF, 0xDF, 0x69, 0x06,
    0x00, 0x00, 0x00, 0x00, 0x00, 0x00, 0x00, 0x09, 0x45, 0x8C, 0xE0, 0xFF, 0xFF, 0xCC, 0x11, 0x00,
    0x00, 0x00, 0x00, 0x00, 0x00, 0x00, 0x00, 0x00, 0x00, 0x48, 0xE5, 0xFF, 0xA0, 0x00, 0x00, 0x00,
    0x00, 0x00, 0x00, 0x00, 0x00, 0x00, 0x00, 0x00, 0x4C, 0xFF, 0xF4, 0x00, 0x5B, 0x9C, 0x6F, 0x00,
    0x00, 0x00, 0x00, 0x00, 0x00, 0x00, 0x2E, 0xFF, 0xFB, 0x03, 0x67, 0xFF, 0xF0, 0x18, 0x00, 0x00,
    0x00, 0x00, 0x00, 0x00, 0x8E, 0xFF, 0xD0, 0x00, 0x0C, 0xE1, 0xFF, 0xD9, 0x4A, 0x05, 0x00, 0x00,
    0x22, 0x98, 0xFF, 0xFF, 0x58, 0x00, 0x00, 0x2B, 0xE0, 0xFF, 0xFF, 0xF7, 0xE1, 0xEC, 0xFF, 0xFF,
    0xFB, 0x76, 0x00, 0x00, 0x00, 0x00, 0x0B, 0x70, 0xC0, 0xEC, 0xFB, 0xEF, 0xD4, 0x90, 0x2A, 0x00,
    0x00, 0x00, 0x00, 0x0A, 0xC5, 0xF9, 0x41, 0x00, 0x4B, 0xFC, 0xCD, 0x0E, 0x00, 0x00, 0x00, 0x11,
    0xD3, 0xF0, 0x5D, 0xF3, 0xD5, 0x14, 0x00, 0x00, 0x00, 0x00, 0x00, 0x1A, 0xDF, 0xFF, 0xDC, 0x19,
    0x00, 0x00, 0x00, 0x00, 0x00, 0x00, 0x00, 0x00, 0x00, 0x00, 0x00, 0x00, 0x00, 0x00, 0x00, 0x00,
    0x00, 0x00, 0x00, 0x00, 0x00, 0x00, 0x00, 0x00, 0x00, 0x00, 0x00, 0x3C, 0xAB, 0xE7, 0xF9, 0xE0,
    0xAA, 0x2F, 0x00, 0x00, 0x00, 0x6E, 0xFF, 0xFF, 0xF9, 0xE4, 0xF8, 0xFF, 0xF8, 0x43, 0x00, 0x1A,
    0xF9, 0xFF, 0x80, 0x0A, 0x00, 0x08, 0x8A, 0xFF, 0xE2, 0x06, 0x49, 0xFF, 0xDE, 0x00, 0x00, 0x00,
    0x00, 0x00, 0x7B, 0x56, 0x09, 0x2A, 0xFF, 0xF7, 0x31, 0x00, 0x00, 0x00, 0x00, 0x00, 0x00, 0x00,
    0x00, 0xA2, 0xFF, 0xFB, 0xB5, 0x73, 0x3B, 0x05, 0x00, 0x00, 0x00, 0x00, 0x01, 0x6A, 0xD2, 0xFF,
    0xFF, 0xFF, 0xEE, 0x94, 0x0F, 0x00, 0x00, 0x00, 0x00, 0x00, 0x1D, 0x57, 0x95, 0xEC, 0xFF, 0xD3,
    0x07, 0x00, 0x00, 0x00, 0x00, 0x00, 0x00, 0x00, 0x16, 0xEA, 0xFF, 0x54, 0x4A, 0xA2, 0x5C, 0x00,
    0x00, 0x00, 0x00, 0x00, 0xCD, 0xFF, 0x6A, 0x62, 0xFF, 0xED, 0x49, 0x01, 0x00, 0x0C, 0x80, 0xFF,
    0xFD, 0x2B, 0x06, 0xB2, 0xFF, 0xFF, 0xF1, 0xE4, 0xFB, 0xFF, 0xFF, 0x78, 0x00, 0x00, 0x05, 0x63,
    0xC2, 0xE8, 0xF9, 0xE5, 0xAA, 0x3C, 0x00, 0x00, 0xD8, 0xFF, 0xFF, 0xFF, 0xFF, 0xFF, 0xFF, 0xFF,
    0xFF, 0xFF, 0xFF, 0xFF, 0xFF, 0x58, 0xB9, 0xDC, 0xDC, 0xDC, 0xDC, 0xE8, 0xFF, 0xFB, 0xDC, 0xDC,
    0xDC, 0xDC, 0xDC, 0x4B, 0x00, 0x00, 0x00, 0x00, 0x00, 0x5C, 0xFF, 0xE0, 0x00, 0x00, 0x00, 0x00,
    0x00, 0x00, 0x00, 0x00, 0x00, 0x00, 0x00, 0x5C, 0xFF, 0xE0, 0x00, 0x00, 0x00, 0x00, 0x00, 0x00,
    0x00, 0x00, 0x00, 0x00, 0x00, 0x5C, 0xFF, 0xE0, 0x00, 0x00, 0x00, 0x00, 0x00, 0x00, 0x00, 0x00,
    0x00, 0x00, 0x00, 0x5C, 0xFF, 0xE0, 0x00, 0x00, 0x00, 0x00, 0x00, 0x00, 0x00, 0x00, 0x00, 0x00,
    0x00, 0x5C, 0xFF, 0xE0, 0x00, 0x00, 0x00, 0x00, 0x00, 0x00, 0x00, 0x00, 0x00, 0x00, 0x00, 0x5C,
    0xFF, 0xE0, 0x00, 0x00, 0x00, 0x00, 0x00, 0x00, 0x00, 0x00, 0x00, 0x00, 0x00, 0x5C, 0xFF, 0xE0,
    0x00, 0x00, 0x00, 0x00, 0x00, 0x00, 0x00, 0x00, 0x00, 0x00, 0x00, 0x5C, 0xFF, 0xE0, 0x00, 0x00,
    0x00, 0x00, 0x00, 0x00, 0x00, 0x00, 0x00, 0x00, 0x00, 0x5C, 0xFF, 0xE0, 0x00, 0x00, 0x00, 0x00,
    0x00, 0x00, 0x00, 0x00, 0x00, 0x00, 0x00, 0x5C, 0xFF, 0xE0, 0x00, 0x00, 0x00, 0x00, 0x00, 0x00,
    0x00, 0x00, 0x00, 0x00, 0x00, 0x5C, 0xFF, 0xE0, 0x00, 0x00, 0x00, 0x00, 0x00, 0x00, 0x00, 0x00,
    0x00, 0x00, 0x00, 0x5C, 0xFF, 0xE0, 0x00, 0x00, 0x00, 0x00, 0x00, 0x00, 0x00, 0x00, 0x00, 0x00,
    0x00, 0x5C, 0xFF, 0xE0, 0x00, 0x00, 0x00, 0x00, 0x00, 0x00, 0x00, 0x00, 0x00, 0x00, 0x00, 0x5C,
    0xFF, 0xE0, 0x00, 0x00, 0x00, 0x00, 0x00, 0x00, 0x00, 0x00, 0x00, 0x00, 0x00, 0x5C, 0xFF, 0xE0,
    0x00, 0x00, 0x00, 0x00, 0x00, 0x00, 0x00, 0x00, 0x00, 0x00, 0x00, 0x00, 0xD1, 0x5C, 0x00, 0x00,
    0x00, 0x00, 0x00, 0x00, 0x00, 0x00, 0x00, 0x00, 0x00, 0x00, 0xF0, 0x87, 0x1E, 0x00, 0x00, 0x00,
    0x00, 0x00, 0x00, 0x00, 0x00, 0x00, 0x00, 0x0C, 0xD8, 0xEB, 0xFD, 0x4E, 0x00, 0x00, 0x00, 0x00,
    0x00, 0x00, 0x00, 0x00, 0x00, 0x02, 0x04, 0x2F, 0xFF, 0x86, 0x00, 0x00, 0x00, 0x00, 0x00, 0x00,
    0x00, 0x00, 0x00, 0x88, 0xFF, 0xFF, 0xE5, 0x2D, 0x00, 0x00, 0x00, 0x00, 0x00, 0x00, 0x00, 0x00,
    0x00, 0x19, 0x2F, 0x22, 0x03, 0x00, 0x00, 0x00, 0x00, 0x00, 0x00, 0x00, 0xCC, 0xFF, 0x50, 0x00,
    0x00, 0x00, 0x00, 0x00, 0xCC, 0xFF, 0x50, 0x00, 0x00, 0x00, 0x00, 0x00, 0xCC, 0xFF, 0x50, 0x00,
    0x00, 0x00, 0xC4, 0xFF, 0xFF, 0xFF, 0xFF, 0xFF, 0xFF, 0x04, 0xA8, 0xDC, 0xF8, 0xFF, 0xE7, 0xDC,
    0xDC, 0x03, 0x00, 0x00, 0xCC, 0xFF, 0x50, 0x00, 0x00, 0x00, 0x00, 0x00, 0xCC, 0xFF, 0x50, 0x00,
    0x00, 0x00, 0x00, 0x00, 0xCC, 0xFF, 0x50, 0x00, 0x00, 0x00, 0x00, 0x00, 0xCC, 0xFF, 0x50, 0x00,
    0x00, 0x00, 0x00, 0x00, 0xCC, 0xFF, 0x50, 0x00, 0x00, 0x00, 0x00, 0x00, 0xCC, 0xFF, 0x50, 0x00,
    0x00, 0x00, 0x00, 0x00, 0xCC, 0xFF, 0x50, 0x00, 0x00, 0x00, 0x00, 0x00, 0xCA, 0xFF, 0x53, 0x00,
    0x00, 0x00, 0x00, 0x00, 0xA9, 0xFF, 0x92, 0x00, 0x00, 0x00, 0x00, 0x00, 0x46, 0xFF, 0xFF, 0xE6,
    0xE8, 0x10, 0x00, 0x00, 0x00, 0x51, 0xCB, 0xF4, 0xF0, 0x3A, 0x00, 0x00, 0x00, 0x00, 0x89, 0xA4,
    0x00, 0x00, 0x00, 0x00, 0x00, 0x00, 0xA9, 0xBD, 0x2F, 0x00, 0x00, 0x00, 0x00, 0x00, 0xA7, 0xE0,
    0xFF, 0x93, 0x00, 0x00, 0x00, 0x01, 0x04, 0x0C, 0xDC, 0xCE, 0x00, 0x00, 0x00, 0x40, 0xFF, 0xFF,
    0xF6, 0x65, 0x00, 0x00, 0x00, 0x0C, 0x30, 0x27, 0x0B, 0x00, 0x00, 0x00, 0x00, 0x8B, 0xFF, 0x7F,
    0x00, 0x1D, 0xE5, 0xEF, 0x30, 0x00, 0x00, 0x00, 0x00, 0x00, 0x00, 0x01, 0x9F, 0xFF, 0x6E, 0xD3,
    0xF3, 0x39, 0x00, 0x00, 0x00, 0x00, 0x00, 0x00, 0x00, 0x00, 0x03, 0xB1, 0xFF, 0xF7, 0x42, 0x00,
    0x00, 0x00, 0x00, 0x00, 0x00, 0x00, 0x00, 0x00, 0x00, 0x00, 0x00, 0x00, 0x00, 0x00, 0x00, 0x00,
    0x00, 0x00, 0x00, 0x00, 0x00, 0x00, 0x00, 0x00, 0x00, 0x00, 0x00, 0x00, 0x00, 0x00, 0x00, 0x00,
    0xD8, 0xFF, 0xFF, 0xFF, 0xFF, 0xFF, 0xFF, 0xFF, 0xFF, 0xFF, 0xFF, 0xFF, 0xFF, 0x58, 0xB9, 0xDC,
    0xDC, 0xDC, 0xDC, 0xE8, 0xFF, 0xFB, 0xDC, 0xDC, 0xDC, 0xDC, 0xDC, 0x4B, 0x00, 0x00, 0x00, 0x00,
    0x00, 0x5C, 0xFF, 0xE0, 0x00, 0x00, 0x00, 0x00, 0x00, 0x00, 0x00, 0x00, 0x00, 0x00, 0x00, 0x5C,
    0xFF, 0xE0, 0x00, 0x00, 0x00, 0x00, 0x00, 0x00, 0x00, 0x00, 0x00, 0x00, 0x00, 0x5C, 0xFF, 0xE0,
    0x00, 0x00, 0x00, 0x00, 0x00, 0x00, 0x00, 0x00, 0x00, 0x00, 0x00, 0x5C, 0xFF, 0xE0, 0x00, 0x00,
    0x00, 0x00, 0x00, 0x00, 0x00, 0x00, 0x00, 0x00, 0x00, 0x5C, 0xFF, 0xE0, 0x00, 0x00, 0x00, 0x00,
    0x00, 0x00, 0x00, 0x00, 0x00, 0x00, 0x00, 0x5C, 0xFF, 0xE0, 0x00, 0x00, 0x00, 0x00, 0x00, 0x00,
    0x00, 0x00, 0x00, 0x00, 0x00, 0x5C, 0xFF, 0xE0, 0x00, 0x00, 0x00, 0x00, 0x00, 0x00, 0x00, 0x00,
    0x00, 0x00, 0x00, 0x5C, 0xFF, 0xE0, 0x00, 0x00, 0x00, 0x00, 0x00, 0x00, 0x00, 0x00, 0x00, 0x00,
    0x00, 0x5C, 0xFF, 0xE0, 0x00, 0x00, 0x00, 0x00, 0x00, 0x00, 0x00, 0x00, 0x00, 0x00, 0x00, 0x5C,
    0xFF, 0xE0, 0x00, 0x00, 0x00, 0x00, 0x00, 0x00, 0x00, 0x00, 0x00, 0x00, 0x00, 0x5C, 0xFF, 0xE0,
    0x00, 0x00, 0x00, 0x00, 0x00, 0x00, 0x00, 0x00, 0x00, 0x00, 0x00, 0x5C, 0xFF, 0xE0, 0x00, 0x00,
    0x00, 0x00, 0x00, 0x00, 0x00, 0x00, 0x00, 0x00, 0x00, 0x5C, 0xFF, 0xE0, 0x00, 0x00, 0x00, 0x00,
    0x00, 0x00, 0x00, 0x00, 0x00, 0x00, 0x00, 0x5C, 0xFF, 0xE0, 0x00, 0x00, 0x00, 0x00, 0x00, 0x00,
    0x00, 0x00, 0x00, 0x00, 0x00, 0x5C, 0xFF, 0xE0, 0x00, 0x00, 0x00, 0x00, 0x00, 0x00, 0x00, 0x00,
    0x00, 0x00, 0x00, 0x50, 0xFF, 0xB7, 0x00, 0x00, 0x00, 0x00, 0x00, 0x50, 0xFF, 0x90, 0x00, 0x00,
    0x00, 0x00, 0x00, 0x50, 0xFF, 0x69, 0x00, 0x00, 0xCC, 0xFF, 0x50, 0x50, 0xFF, 0x43, 0x00, 0x00,
    0xCC, 0xFF, 0x50, 0x00, 0x00, 0x00, 0x00, 0x00, 0xCC, 0xFF, 0x50, 0x00, 0x00, 0x00, 0xC4, 0xFF,
    0xFF, 0xFF, 0xFF, 0xFF, 0xFF, 0x04, 0xA8, 0xDC, 0xF8, 0xFF, 0xE7, 0xDC, 0xDC, 0x03, 0x00, 0x00,
    0xCC, 0xFF, 0x50, 0x00, 0x00, 0x00, 0x00, 0x00, 0xCC, 0xFF, 0x50, 0x00, 0x00, 0x00, 0x00, 0x00,
    0xCC, 0xFF, 0x50, 0x00, 0x00, 0x00, 0x00, 0x00, 0xCC, 0xFF, 0x50, 0x00, 0x00, 0x00, 0x00, 0x00,
    0xCC, 0xFF, 0x50, 0x00, 0x00, 0x00, 0x00, 0x00, 0xCC, 0xFF, 0x50, 0x00, 0x00, 0x00, 0x00, 0x00,
    0xCC, 0xFF, 0x50, 0x00, 0x00, 0x00, 0x00, 0x00, 0xCA, 0xFF, 0x53, 0x00, 0x00, 0x00, 0x00, 0x00,
    0xA9, 0xFF, 0x92, 0x00, 0x00, 0x00, 0x00, 0x00, 0x46, 0xFF, 0xFF, 0xE6, 0xE8, 0x10, 0x00, 0x00,
    0x00, 0x51, 0xCB, 0xF4, 0xF0, 0x3A, 0xD8, 0xFF, 0xFF, 0xFF, 0xFF, 0xFF, 0xFF, 0xFF, 0xFF, 0xFF,
    0xFF, 0xFF, 0xFF, 0x58, 0xB9, 0xDC, 0xDC, 0xDC, 0xDC, 0xE8, 0xFF, 0xFB, 0xDC, 0xDC, 0xDC, 0xDC,
    0xDC, 0x4B, 0x00, 0x00, 0x00, 0x00, 0x00, 0x5C, 0xFF, 0xE0, 0x00, 0x00, 0x00, 0x00, 0x00, 0x00,
    0x00, 0x00, 0x00, 0x00, 0x00, 0x5C, 0xFF, 0xE0, 0x00, 0x00, 0x00, 0x00, 0x00, 0x00, 0x00, 0x00,
    0x00, 0x00, 0x00, 0x5C, 0xFF, 0xE0, 0x00, 0x00, 0x00, 0x00, 0x00, 0x00, 0x00, 0x00, 0x00, 0x00,
    0x00, 0x5C, 0xFF, 0xE0, 0x00, 0x00, 0x00, 0x00, 0x00, 0x00, 0x00, 0x00, 0x00, 0x00, 0x00, 0x5C,
    0xFF, 0xE0, 0x00, 0x00, 0x00, 0x00, 0x00, 0x00, 0x00, 0x00, 0xD8, 0xDC, 0xDC, 0xFF, 0xFF, 0xFF,
    0xDC, 0xDC, 0xDC, 0x74, 0x00, 0x00, 0x00, 0x00, 0xFC, 0xFF, 0xFF, 0xFF, 0xFF, 0xFF, 0xFF, 0xFF,
    0xFF, 0x88, 0x00, 0x00, 0x00, 0x00, 0x00, 0x00, 0x00, 0x5C, 0xFF, 0xE0, 0x00, 0x00, 0x00, 0x00,
    0x00, 0x00, 0x00, 0x00, 0x00, 0x00, 0x00, 0x5C, 0xFF, 0xE0, 0x00, 0x00, 0x00, 0x00, 0x00, 0x00,
    0x00, 0x00, 0x00, 0x00, 0x00, 0x5C, 0xFF, 0xE0, 0x00, 0x00, 0x00, 0x00, 0x00, 0x00, 0x00, 0x00,
    0x00, 0x00, 0x00, 0x5C, 0xFF, 0xE0, 0x00, 0x00, 0x00, 0x00, 0x00, 0x00, 0x00, 0x00, 0x00, 0x00,
    0x00, 0x5C, 0xFF, 0xE0, 0x00, 0x00, 0x00, 0x00, 0x00, 0x00, 0x00, 0x00, 0x00, 0x00, 0x00, 0x5C,
    0xFF, 0xE0, 0x00, 0x00, 0x00, 0x00, 0x00, 0x00, 0x00, 0x00, 0x00, 0x00, 0x00, 0x5C, 0xFF, 0xE0,
    0x00, 0x00, 0x00, 0x00, 0x00, 0x00, 0x00, 0x00, 0x00, 0x00, 0x00, 0x5C, 0xFF, 0xE0, 0x00, 0x00,
    0x00, 0x00, 0x00, 0x00, 0x00, 0x00, 0xCC, 0xFF, 0x50, 0x00, 0x00, 0x00, 0x00, 0x00, 0xCC, 0xFF,
    0x50, 0x00, 0x00, 0x00, 0x00, 0x00, 0xCC, 0xFF, 0x50, 0x00, 0x00, 0x00, 0xC4, 0xFF, 0xFF, 0xFF,
    0xFF, 0xFF, 0xFF, 0x04, 0xA8, 0xDC, 0xF8, 0xFF, 0xE7, 0xDC, 0xDC, 0x03, 0x00, 0x00, 0xCC, 0xFF,
    0x50, 0x00, 0x00, 0x00, 0x00, 0x00, 0xCC, 0xFF, 0x50, 0x00, 0x00, 0x00, 0xA8, 0xDC, 0xF8, 0xFF,
    0xE7, 0xDC, 0xDC, 0x03, 0xC4, 0xFF, 0xFF, 0xFF, 0xFF, 0xFF, 0xFF, 0x04, 0x00, 0x00, 0xCC, 0xFF,
    0x50, 0x00, 0x00, 0x00, 0x00, 0x00, 0xCC, 0xFF, 0x50, 0x00, 0x00, 0x00, 0x00, 0x00, 0xCC, 0xFF,
    0x50, 0x00, 0x00, 0x00, 0x00, 0x00, 0xC9, 0xFF, 0x53, 0x00, 0x00, 0x00, 0x00, 0x00, 0xA9, 0xFF,
    0x92, 0x00, 0x00, 0x00, 0x00, 0x00, 0x45, 0xFF, 0xFF, 0xE6, 0xE8, 0x10, 0x00, 0x00, 0x00, 0x51,
    0xCB, 0xF4, 0xF0, 0x3A, 0x00, 0x00, 0x00, 0x00, 0x01, 0x15, 0x00, 0x00, 0x03, 0x24, 0x0C, 0x00,
    0x00, 0x00, 0x00, 0x00, 0x00, 0x07, 0xCD, 0xFF, 0xDC, 0x66, 0x69, 0xFF, 0x43, 0x00, 0x00, 0x00,
    0x00, 0x00, 0x00, 0x52, 0xFF, 0x7E, 0xA3, 0xFC, 0xFF, 0xD7, 0x05, 0x00, 0x00, 0x00, 0x00, 0x00,
    0x00, 0x22, 0x50, 0x04, 0x00, 0x17, 0x42, 0x0E, 0x00, 0x00, 0x00, 0x00, 0x00, 0x00, 0x00, 0x00,
    0x00, 0x00, 0x00, 0x00, 0x00, 0x00, 0x00, 0x00, 0x00, 0x00, 0xE4, 0xFF, 0x58, 0x00, 0x00, 0x00,
    0x00, 0x00, 0x00, 0x00, 0x00, 0x78, 0xFF, 0xC0, 0xE4, 0xFF, 0x58, 0x00, 0x00, 0x00, 0x00, 0x00,
    0x00, 0x00, 0x00, 0x78, 0xFF, 0xC0, 0xE4, 0xFF, 0x58, 0x00, 0x00, 0x00, 0x00, 0x00, 0x00, 0x00,
    0x00, 0x78, 0xFF, 0xC0, 0xE4, 0xFF, 0x58, 0x00, 0x00, 0x00, 0x00, 0x00, 0x00, 0x00, 0x00, 0x78,
    0xFF, 0xC0, 0xE4, 0xFF, 0x58, 0x00, 0x00, 0x00, 0x00, 0x00, 0x00, 0x00, 0x00, 0x78, 0xFF, 0xC0,
    0xE4, 0xFF, 0x58, 0x00, 0x00, 0x00, 0x00, 0x00, 0x00, 0x00, 0x00, 0x78, 0xFF, 0xC0, 0xE4, 0xFF,
    0x58, 0x00, 0x00, 0x00, 0x00, 0x00, 0x00, 0x00, 0x00, 0x78, 0xFF, 0xC0, 0xE4, 0xFF, 0x58, 0x00,
    0x00, 0x00, 0x00, 0x00, 0x00, 0x00, 0x00, 0x78, 0xFF, 0xC0, 0xE4, 0xFF, 0x58, 0x00, 0x00, 0x00,
    0x00, 0x00, 0x00, 0x00, 0x00, 0x78, 0xFF, 0xC0, 0xE4, 0xFF, 0x58, 0x00, 0x00, 0x00, 0x00, 0x00,
    0x00, 0x00, 0x00, 0x78, 0xFF, 0xC0, 0xE4, 0xFF, 0x58, 0x00, 0x00, 0x00, 0x00, 0x00, 0x00, 0x00,
    0x00, 0x78, 0xFF, 0xC0, 0xD4, 0xFF, 0x68, 0x00, 0x00, 0x00, 0x00, 0x00, 0x00, 0x00, 0x00, 0x89,
    0xFF, 0xB0, 0xAE, 0xFF, 0xA4, 0x00, 0x00, 0x00, 0x00, 0x00, 0x00, 0x00, 0x00, 0xC7, 0xFF, 0x8A,
    0x51, 0xFF, 0xFA, 0x3B, 0x00, 0x00, 0x00, 0x00, 0x00, 0x00, 0x58, 0xFF, 0xFF, 0x2C, 0x02, 0xB5,
    0xFF, 0xF4, 0x70, 0x10, 0x00, 0x00, 0x18, 0x82, 0xFB, 0xFF, 0x92, 0x00, 0x00, 0x0D, 0xAC, 0xFF,
    0xFF, 0xFD, 0xE7, 0xEA, 0xFE, 0xFF, 0xFE, 0x93, 0x03, 0x00, 0x00, 0x00, 0x00, 0x46, 0xA3, 0xDB,
    0xF5, 0xF2, 0xD8, 0x97, 0x36, 0x00, 0x00, 0x00, 0x00, 0x00, 0x00, 0x00, 0x15, 0x01, 0x00, 0x00,
    0x22, 0x11, 0x00, 0x00, 0x00, 0x00, 0x00, 0xB1, 0xFF, 0xE8, 0x75, 0x4D, 0xFF, 0x67, 0x00, 0x00,
    0x00, 0x00, 0x2E, 0xFF, 0x94, 0x93, 0xF6, 0xFF, 0xEB, 0x16, 0x00, 0x00, 0x00, 0x00, 0x17, 0x50,
    0x0F, 0x00, 0x10, 0x41, 0x16, 0x00, 0x00, 0x00, 0x00, 0x00, 0x00, 0x00, 0x00, 0x00, 0x00, 0x00,
    0x00, 0x00, 0x00, 0x00, 0x24, 0xFF, 0xF8, 0x00, 0x00, 0x00, 0x00, 0x00, 0x00, 0xC8, 0xFF, 0x58,
    0x24, 0xFF, 0xF8, 0x00, 0x00, 0x00, 0x00, 0x00, 0x00, 0xC8, 0xFF, 0x58, 0x24, 0xFF, 0xF8, 0x00,
    0x00, 0x00, 0x00, 0x00, 0x00, 0xC8, 0xFF, 0x58, 0x24, 0xFF, 0xF8, 0x00, 0x00, 0x00, 0x00, 0x00,
    0x00, 0xC8, 0xFF, 0x58, 0x24, 0xFF, 0xF8, 0x00, 0x00, 0x00, 0x00, 0x00, 0x00, 0xC8, 0xFF, 0x58,
    0x24, 0xFF, 0xF8, 0x00, 0x00, 0x00, 0x00, 0x00, 0x00, 0xC8, 0xFF, 0x58, 0x24, 0xFF, 0xF8, 0x00,
    0x00, 0x00, 0x00, 0x00, 0x00, 0xC8, 0xFF, 0x58, 0x24, 0xFF, 0xF8, 0x00, 0x00, 0x00, 0x00, 0x00,
    0x00, 0xCA, 0xFF, 0x58, 0x1E, 0xFF, 0xFF, 0x0C, 0x00, 0x00, 0x00, 0x00, 0x00, 0xEA, 0xFF, 0x58,
    0x08, 0xFB, 0xFF, 0x4D, 0x00, 0x00, 0x00, 0x00, 0x40, 0xFF, 0xFF, 0x58, 0x00, 0xBB, 0xFF, 0xE1,
    0x38, 0x00, 0x01, 0x46, 0xE3, 0xE8, 0xFF, 0x58, 0x00, 0x30, 0xF4, 0xFF, 0xFF, 0xEE, 0xF3, 0xFF,
    0x9A, 0xB4, 0xFF, 0x58, 0x00, 0x00, 0x2A, 0xAC, 0xED, 0xF7, 0xD3, 0x6E, 0x01, 0xB4, 0xFF, 0x58,
    0x00, 0x00, 0x00, 0x41, 0xDC, 0xDC, 0xDC, 0xDC, 0xDC, 0xDC, 0x2C, 0x00, 0x00, 0x00, 0x00, 0x00,
    0x00, 0x4C, 0xFF, 0xFF, 0xFF, 0xFF, 0xFF, 0xFF, 0x34, 0x00, 0x00, 0x00, 0x00, 0x00, 0x00, 0x00,
    0x00, 0x00, 0x00, 0x00, 0x00, 0x00, 0x00, 0x00, 0x00, 0x00, 0x00, 0x00, 0x00, 0x00, 0x00, 0x00,
    0x00, 0x00, 0x00, 0x00, 0x00, 0x00, 0x00, 0x00, 0x00, 0x00, 0x00, 0x00, 0x00, 0x00, 0x00, 0x00,
    0x00, 0x00, 0x00, 0x00, 0x00, 0x00, 0xE4, 0xFF, 0x58, 0x00, 0x00, 0x00, 0x00, 0x00, 0x00, 0x00,
    0x00, 0x78, 0xFF, 0xC0, 0xE4, 0xFF, 0x58, 0x00, 0x00, 0x00, 0x00, 0x00, 0x00, 0x00, 0x00, 0x78,
    0xFF, 0xC0, 0xE4, 0xFF, 0x58, 0x00, 0x00, 0x00, 0x00, 0x00, 0x00, 0x00, 0x00, 0x78, 0xFF, 0xC0,
    0xE4, 0xFF, 0x58, 0x00, 0x00, 0x00, 0x00, 0x00, 0x00, 0x00, 0x00, 0x78, 0xFF, 0xC0, 0xE4, 0xFF,
    0x58, 0x00, 0x00, 0x00, 0x00, 0x00, 0x00, 0x00, 0x00, 0x78, 0xFF, 0xC0, 0xE4, 0xFF, 0x58, 0x00,
    0x00, 0x00, 0x00, 0x00, 0x00, 0x00, 0x00, 0x78, 0xFF, 0xC0, 0xE4, 0xFF, 0x58, 0x00, 0x00, 0x00,
    0x00, 0x00, 0x00, 0x00, 0x00, 0x78, 0xFF, 0xC0, 0xE4, 0xFF, 0x58, 0x00, 0x00, 0x00, 0x00, 0x00,
    0x00, 0x00, 0x00, 0x78, 0xFF, 0xC0, 0xE4, 0xFF, 0x58, 0x00, 0x00, 0x00, 0x00, 0x00, 0x00, 0x00,
    0x00, 0x78, 0xFF, 0xC0, 0xE4, 0xFF, 0x58, 0x00, 0x00, 0x00, 0x00, 0x00, 0x00, 0x00, 0x00, 0x78,
    0xFF, 0xC0, 0xE4, 0xFF, 0x58, 0x00, 0x00, 0x00, 0x00, 0x00, 0x00, 0x00, 0x00, 0x78, 0xFF, 0xC0,
    0xD4, 0xFF, 0x68, 0x00, 0x00, 0x00, 0x00, 0x00, 0x00, 0x00, 0x00, 0x89, 0xFF, 0xB0, 0xAE, 0xFF,
    0xA4, 0x00, 0x00, 0x00, 0x00, 0x00, 0x00, 0x00, 0x00, 0xC7, 0xFF, 0x8A, 0x51, 0xFF, 0xFA, 0x3B,
    0x00, 0x00, 0x00, 0x00, 0x00, 0x00, 0x58, 0xFF, 0xFF, 0x2C, 0x02, 0xB5, 0xFF, 0xF4, 0x70, 0x10,
    0x00, 0x00, 0x18, 0x82, 0xFB, 0xFF, 0x92, 0x00, 0x00, 0x0D, 0xAC, 0xFF, 0xFF, 0xFD, 0xE7, 0xEA,
    0xFE, 0xFF, 0xFE, 0x93, 0x03, 0x00, 0x00, 0x00, 0x00, 0x46, 0xA3, 0xDB, 0xF5, 0xF2, 0xD8, 0x97,
    0x36, 0x00, 0x00, 0x00, 0x00, 0x00, 0x22, 0xDC, 0xDC, 0xDC, 0xDC, 0xDC, 0xDC, 0x4B, 0x00, 0x00,
    0x00, 0x00, 0x28, 0xFF, 0xFF, 0xFF, 0xFF, 0xFF, 0xFF, 0x58, 0x00, 0x00, 0x00, 0x00, 0x00, 0x00,
    0x00, 0x00, 0x00, 0x00, 0x00, 0x00, 0x00, 0x00, 0x00, 0x00, 0x00, 0x00, 0x00, 0x00, 0x00, 0x00,
    0x00, 0x00, 0x00, 0x00, 0x00, 0x00, 0x00, 0x00, 0x00, 0x00, 0x00, 0x00, 0x00, 0x00, 0x00, 0x00,
    0x24, 0xFF, 0xF8, 0x00, 0x00, 0x00, 0x00, 0x00, 0x00, 0xC8, 0xFF, 0x58, 0x24, 0xFF, 0xF8, 0x00,
    0x00, 0x00, 0x00, 0x00, 0x00, 0xC8, 0xFF, 0x58, 0x24, 0xFF, 0xF8, 0x00, 0x00, 0x00, 0x00, 0x00,
    0x00, 0xC8, 0xFF, 0x58, 0x24, 0xFF, 0xF8, 0x00, 0x00, 0x00, 0x00, 0x00, 0x00, 0xC8, 0xFF, 0x58,
    0x24, 0xFF, 0xF8, 0x00, 0x00, 0x00, 0x00, 0x00, 0x00, 0xC8, 0xFF, 0x58, 0x24, 0xFF, 0xF8, 0x00,
    0x00, 0x00, 0x00, 0x00, 0x00, 0xC8, 0xFF, 0x58, 0x24, 0xFF, 0xF8, 0x00, 0x00, 0x00, 0x00, 0x00,
    0x00, 0xC8, 0xFF, 0x58, 0x24, 0xFF, 0xF8, 0x00, 0x00, 0x00, 0x00, 0x00, 0x00, 0xCA, 0xFF, 0x58,
    0x1E, 0xFF, 0xFF, 0x0C, 0x00, 0x00, 0x00, 0x00, 0x00, 0xEA, 0xFF, 0x58, 0x08, 0xFB, 0xFF, 0x4D,
    0x00, 0x00, 0x00, 0x00, 0x40, 0xFF, 0xFF, 0x58, 0x00, 0xBB, 0xFF, 0xE1, 0x38, 0x00, 0x01, 0x46,
    0xE3, 0xE8, 0xFF, 0x58, 0x00, 0x30, 0xF4, 0xFF, 0xFF, 0xEE, 0xF3, 0xFF, 0x9A, 0xB4, 0xFF, 0x58,
    0x00, 0x00, 0x2A, 0xAC, 0xED, 0xF7, 0xD3, 0x6E, 0x01, 0xB4, 0xFF, 0x58, 0x00, 0x00, 0x00, 0x36,
    0x80, 0x12, 0x00, 0x00, 0x20, 0x80, 0x28, 0x00, 0x00, 0x00, 0x00, 0x00, 0x00, 0x4A, 0xFF, 0x85,
    0x01, 0x04, 0x9E, 0xFF, 0x2D, 0x00, 0x00, 0x00, 0x00, 0x00, 0x00, 0x04, 0xCD, 0xFF, 0xEE, 0xF1,
    0xFF, 0xB6, 0x00, 0x00, 0x00, 0x00, 0x00, 0x00, 0x00, 0x00, 0x15, 0xA5, 0xF1, 0xED, 0x96, 0x0C,
    0x00, 0x00, 0x00, 0x00, 0x00, 0x00, 0x00, 0x00, 0x00, 0x00, 0x00, 0x00, 0x00, 0x00, 0x00, 0x00,
    0x00, 0x00, 0x00, 0x00, 0x00, 0x00, 0x00, 0x00, 0x00, 0x00, 0x00, 0x00, 0x00, 0x00, 0x00, 0x00,
    0xE4, 0xFF, 0x58, 0x00, 0x00, 0x00, 0x00, 0x00, 0x00, 0x00, 0x00, 0x78, 0xFF, 0xC0, 0xE4, 0xFF,
    0x58, 0x00, 0x00, 0x00, 0x00, 0x00, 0x00, 0x00, 0x00, 0x78, 0xFF, 0xC0, 0xE4, 0xFF, 0x58, 0x00,
    0x00, 0x00, 0x00, 0x00, 0x00, 0x00, 0x00, 0x78, 0xFF, 0xC0, 0xE4, 0xFF, 0x58, 0x00, 0x00, 0x00,
    0x00, 0x00, 0x00, 0x00, 0x00, 0x78, 0xFF, 0xC0, 0xE4, 0xFF, 0x58, 0x00, 0x00, 0x00, 0x00, 0x00,
    0x00, 0x00, 0x00, 0x78, 0xFF, 0xC0, 0xE4, 0xFF, 0x58, 0x00, 0x00, 0x00, 0x00, 0x00, 0x00, 0x00,
    0x00, 0x78, 0xFF, 0xC0, 0xE4, 0xFF, 0x58, 0x00, 0x00, 0x00, 0x00, 0x00, 0x00, 0x00, 0x00, 0x78,
    0xFF, 0xC0, 0xE4, 0xFF, 0x58, 0x00, 0x00, 0x00, 0x00, 0x00, 0x00, 0x00, 0x00, 0x78, 0xFF, 0xC0,
    0xE4, 0xFF, 0x58, 0x00, 0x00, 0x00, 0x00, 0x00, 0x00, 0x00, 0x00, 0x78, 0xFF, 0xC0, 0xE4, 0xFF,
    0x58, 0x00, 0x00, 0x00, 0x00, 0x00, 0x00, 0x00, 0x00, 0x78, 0xFF, 0xC0, 0xE4, 0xFF, 0x58, 0x00,
    0x00, 0x00, 0x00, 0x00, 0x00, 0x00, 0x00, 0x78, 0xFF, 0xC0, 0xD4, 0xFF, 0x68, 0x00, 0x00, 0x00,
    0x00, 0x00, 0x00, 0x00, 0x00, 0x89, 0xFF, 0xB0, 0xAE, 0xFF, 0xA4, 0x00, 0x00, 0x00, 0x00, 0x00,
    0x00, 0x00, 0x00, 0xC7, 0xFF, 0x8A, 0x51, 0xFF, 0xFA, 0x3B, 0x00, 0x00, 0x00, 0x00, 0x00, 0x00,
    0x58, 0xFF, 0xFF, 0x2C, 0x02, 0xB5, 0xFF, 0xF4, 0x70, 0x10, 0x00, 0x00, 0x18, 0x82, 0xFB, 0xFF,
    0x92, 0x00, 0x00, 0x0D, 0xAC, 0xFF, 0xFF, 0xFD, 0xE7, 0xEA, 0xFE, 0xFF, 0xFE, 0x93, 0x03, 0x00,
    0x00, 0x00, 0x00, 0x46, 0xA3, 0xDB, 0xF5, 0xF2, 0xD8, 0x97, 0x36, 0x00, 0x00, 0x00, 0x00, 0x00,
    0x24, 0x80, 0x24, 0x00, 0x00, 0x0E, 0x80, 0x3A, 0x00, 0x00, 0x00, 0x00, 0x26, 0xFF, 0xA4, 0x06,
    0x01, 0x7E, 0xFF, 0x51, 0x00, 0x00, 0x00, 0x00, 0x00, 0xAD, 0xFF, 0xF2, 0xEC, 0xFF, 0xD4, 0x06,
    0x00, 0x00, 0x00, 0x00, 0x00, 0x0A, 0x92, 0xEC, 0xF2, 0xA9, 0x17, 0x00, 0x00, 0x00, 0x00, 0x00,
    0x00, 0x00, 0x00, 0x00, 0x00, 0x00, 0x00, 0x00, 0x00, 0x00, 0x00, 0x00, 0x00, 0x00, 0x00, 0x00,
    0x00, 0x00, 0x00, 0x00, 0x00, 0x00, 0x24, 0xFF, 0xF8, 0x00, 0x00, 0x00, 0x00, 0x00, 0x00, 0xC8,
    0xFF, 0x58, 0x24, 0xFF, 0xF8, 0x00, 0x00, 0x00, 0x00, 0x00, 0x00, 0xC8, 0xFF, 0x58, 0x24, 0xFF,
    0xF8, 0x00, 0x00, 0x00, 0x00, 0x00, 0x00, 0xC8, 0xFF, 0x58, 0x24, 0xFF, 0xF8, 0x00, 0x00, 0x00,
    0x00, 0x00, 0x00, 0xC8, 0xFF, 0x58, 0x24, 0xFF, 0xF8, 0x00, 0x00, 0x00, 0x00, 0x00, 0x00, 0xC8,
    0xFF, 0x58, 0x24, 0xFF, 0xF8, 0x00, 0x00, 0x00, 0x00, 0x00, 0x00, 0xC8, 0xFF, 0x58, 0x24, 0xFF,
    0xF8, 0x00, 0x00, 0x00, 0x00, 0x00, 0x00, 0xC8, 0xFF, 0x58, 0x24, 0xFF, 0xF8, 0x00, 0x00, 0x00,
    0x00, 0x00, 0x00, 0xCA, 0xFF, 0x58, 0x1E, 0xFF, 0xFF, 0x0C, 0x00, 0x00, 0x00, 0x00, 0x00, 0xEA,
    0xFF, 0x58, 0x08, 0xFB, 0xFF, 0x4D, 0x00, 0x00, 0x00, 0x00, 0x40, 0xFF, 0xFF, 0x58, 0x00, 0xBB,
    0xFF, 0xE1, 0x38, 0x00, 0x01, 0x46, 0xE3, 0xE8, 0xFF, 0x58, 0x00, 0x30, 0xF4, 0xFF, 0xFF, 0xEE,
    0xF3, 0xFF, 0x9A, 0xB4, 0xFF, 0x58, 0x00, 0x00, 0x2A, 0xAC, 0xED, 0xF7, 0xD3, 0x6E, 0x01, 0xB4,
    0xFF, 0x58, 0x00, 0x00, 0x00, 0x00, 0x0E, 0x9C, 0xF0, 0xEC, 0x8D, 0x07, 0x00, 0x00, 0x00, 0x00,
    0x00, 0x00, 0x00, 0x00, 0xAE, 0xFF, 0xEF, 0xF2, 0xFF, 0x93, 0x00, 0x00, 0x00, 0x00, 0x00, 0x00,
    0x00, 0x0F, 0xFE, 0xB4, 0x05, 0x09, 0xC8, 0xF4, 0x00, 0x00, 0x00, 0x00, 0x00, 0x00, 0x00, 0x0F,
    0xFE, 0xB3, 0x04, 0x09, 0xC8, 0xF4, 0x00, 0x00, 0x00, 0x00, 0x00, 0x00, 0x00, 0x00, 0xAE, 0xFF,
    0xEF, 0xF2, 0xFF, 0x92, 0x00, 0x00, 0x00, 0x00, 0x00, 0x00, 0x00, 0x00, 0x0D, 0x9C, 0xF0, 0xEC,
    0x8D, 0x07, 0x00, 0x00, 0x00, 0x00, 0x00, 0x00, 0x00, 0x00, 0x00, 0x00, 0x00, 0x00, 0x00, 0x00,
    0x00, 0x00, 0x00, 0x00, 0xE4, 0xFF, 0x58, 0x00, 0x00, 0x00, 0x00, 0x00, 0x00, 0x00, 0x00, 0x78,
    0xFF, 0xC0, 0xE4, 0xFF, 0x58, 0x00, 0x00, 0x00, 0x00, 0x00, 0x00, 0x00, 0x00, 0x78, 0xFF, 0xC0,
    0xE4, 0xFF, 0x58, 0x00, 0x00, 0x00, 0x00, 0x00, 0x00, 0x00, 0x00, 0x78, 0xFF, 0xC0, 0xE4, 0xFF,
    0x58, 0x00, 0x00, 0x00, 0x00, 0x00, 0x00, 0x00, 0x00, 0x78, 0xFF, 0xC0, 0xE4, 0xFF, 0x58, 0x00,
    0x00, 0x00, 0x00, 0x00, 0x00, 0x00, 0x00, 0x78, 0xFF, 0xC0, 0xE4, 0xFF, 0x58, 0x00, 0x00, 0x00,
    0x00, 0x00, 0x00, 0x00, 0x00, 0x78, 0xFF, 0xC0, 0xE4, 0xFF, 0x58, 0x00, 0x00, 0x00, 0x00, 0x00,
    0x00, 0x00, 0x00, 0x78, 0xFF, 0xC0, 0xE4, 0xFF, 0x58, 0x00, 0x00, 0x00, 0x00, 0x00, 0x00, 0x00,
    0x00, 0x78, 0xFF, 0xC0, 0xE4, 0xFF, 0x58, 0x00, 0x00, 0x00, 0x00, 0x00, 0x00, 0x00, 0x00, 0x78,
    0xFF, 0xC0, 0xE4, 0xFF, 0x58, 0x00, 0x00, 0x00, 0x00, 0x00, 0x00, 0x00, 0x00, 0x78, 0xFF, 0xC0,
    0xE4, 0xFF, 0x58, 0x00, 0x00, 0x00, 0x00, 0x00, 0x00, 0x00, 0x00, 0x78, 0xFF, 0xC0, 0xD4, 0xFF,
    0x68, 0x00, 0x00, 0x00, 0x00, 0x00, 0x00, 0x00, 0x00, 0x89, 0xFF, 0xB0, 0xAE, 0xFF, 0xA4, 0x00,
    0x00, 0x00, 0x00, 0x00, 0x00, 0x00, 0x00, 0xC7, 0xFF, 0x8A, 0x51, 0xFF, 0xFA, 0x3B, 0x00, 0x00,
    0x00, 0x00, 0x00, 0x00, 0x58, 0xFF, 0xFF, 0x2C, 0x02, 0xB5, 0xFF, 0xF4, 0x70, 0x10, 0x00, 0x00,
    0x18, 0x82, 0xFB, 0xFF, 0x92, 0x00, 0x00, 0x0D, 0xAC, 0xFF, 0xFF, 0xFD, 0xE7, 0xEA, 0xFE, 0xFF,
    0xFE, 0x93, 0x03, 0x00, 0x00, 0x00, 0x00, 0x46, 0xA3, 0xDB, 0xF5, 0xF2, 0xD8, 0x97, 0x36, 0x00,
    0x00, 0x00, 0x00, 0x00, 0x00, 0x04, 0x85, 0xE9, 0xF2, 0xA1, 0x10, 0x00, 0x00, 0x00, 0x00, 0x00,
    0x00, 0x8A, 0xFF, 0xF4, 0xED, 0xFF, 0xB6, 0x00, 0x00, 0x00, 0x00, 0x00, 0x00, 0xEA, 0xD0, 0x0B,
    0x03, 0xA8, 0xFF, 0x19, 0x00, 0x00, 0x00, 0x00, 0x00, 0xEA, 0xD0, 0x0B, 0x03, 0xA9, 0xFF, 0x19,
    0x00, 0x00, 0x00, 0x00, 0x00, 0x8A, 0xFF, 0xF3, 0xED, 0xFF, 0xB6, 0x00, 0x00, 0x00, 0x00, 0x00,
    0x00, 0x04, 0x86, 0xE9, 0xF2, 0xA1, 0x10, 0x00, 0x00, 0x00, 0x00, 0x00, 0x00, 0x00, 0x00, 0x00,
    0x00, 0x00, 0x00, 0x00, 0x00, 0x00, 0x24, 0xFF, 0xF8, 0x00, 0x00, 0x00, 0x00, 0x00, 0x00, 0xC8,
    0xFF, 0x58, 0x24, 0xFF, 0xF8, 0x00, 0x00, 0x00, 0x00, 0x00, 0x00, 0xC8, 0xFF, 0x58, 0x24, 0xFF,
    0xF8, 0x00, 0x00, 0x00, 0x00, 0x00, 0x00, 0xC8, 0xFF, 0x58, 0x24, 0xFF, 0xF8, 0x00, 0x00, 0x00,
    0x00, 0x00, 0x00, 0xC8, 0xFF, 0x58, 0x24, 0xFF, 0xF8, 0x00, 0x00, 0x00, 0x00, 0x00, 0x00, 0xC8,
    0xFF, 0x58, 0x24, 0xFF, 0xF8, 0x00, 0x00, 0x00, 0x00, 0x00, 0x00, 0xC8, 0xFF, 0x58, 0x24, 0xFF,
    0xF8, 0x00, 0x00, 0x00, 0x00, 0x00, 0x00, 0xC8, 0xFF, 0x58, 0x24, 0xFF, 0xF8, 0x00, 0x00, 0x00,
    0x00, 0x00, 0x00, 0xCA, 0xFF, 0x58, 0x1E, 0xFF, 0xFF, 0x0C, 0x00, 0x00, 0x00, 0x00, 0x00, 0xEA,
    0xFF, 0x58, 0x08, 0xFB, 0xFF, 0x4D, 0x00, 0x00, 0x00, 0x00, 0x40, 0xFF, 0xFF, 0x58, 0x00, 0xBB,
    0xFF, 0xE1, 0x38, 0x00, 0x01, 0x46, 0xE3, 0xE8, 0xFF, 0x58, 0x00, 0x30, 0xF4, 0xFF, 0xFF, 0xEE,
    0xF3, 0xFF, 0x9A, 0xB4, 0xFF, 0x58, 0x00, 0x00, 0x2A, 0xAC, 0xED, 0xF7, 0xD3, 0x6E, 0x01, 0xB4,
    0xFF, 0x58, 0x00, 0x00, 0x00, 0x00, 0xA7, 0xFF, 0x96, 0x00, 0x50, 0xFF, 0xDC, 0x14, 0x00, 0x00,
    0x00, 0x00, 0x00, 0x1E, 0xFB, 0xE0, 0x0D, 0x11, 0xE6, 0xED, 0x26, 0x00, 0x00, 0x00, 0x00, 0x00,
    0x00, 0x8E, 0xFF, 0x45, 0x00, 0xA0, 0xF9, 0x3D, 0x00, 0x00, 0x00, 0x00, 0x00, 0x00, 0x00, 0x00,
    0x00, 0x00, 0x00, 0x00, 0x00, 0x00, 0x00, 0x00, 0x00, 0x00, 0x00, 0x00, 0x00, 0x00, 0x00, 0x00,
    0x00, 0x00, 0x00, 0x00, 0x00, 0x00, 0x00, 0x00, 0xE4, 0xFF, 0x58, 0x00, 0x00, 0x00, 0x00, 0x00,
    0x00, 0x00, 0x00, 0x78, 0xFF, 0xC0, 0xE4, 0xFF, 0x58, 0x00, 0x00, 0x00, 0x00, 0x00, 0x00, 0x00,
    0x00, 0x78, 0xFF, 0xC0, 0xE4, 0xFF, 0x58, 0x00, 0x00, 0x00, 0x00, 0x00, 0x00, 0x00, 0x00, 0x78,
    0xFF, 0xC0, 0xE4, 0xFF, 0x58, 0x00, 0x00, 0x00, 0x00, 0x00, 0x00, 0x00, 0x00, 0x78, 0xFF, 0xC0,
    0xE4, 0xFF, 0x58, 0x00, 0x00, 0x00, 0x00, 0x00, 0x00, 0x00, 0x00, 0x78, 0xFF, 0xC0, 0xE4, 0xFF,
    0x58, 0x00, 0x00, 0x00, 0x00, 0x00, 0x00, 0x00, 0x00, 0x78, 0xFF, 0xC0, 0xE4, 0xFF, 0x58, 0x00,
    0x00, 0x00, 0x00, 0x00, 0x00, 0x00, 0x00, 0x78, 0xFF, 0xC0, 0xE4, 0xFF, 0x58, 0x00, 0x00, 0x00,
    0x00, 0x00, 0x00, 0x00, 0x00, 0x78, 0xFF, 0xC0, 0xE4, 0xFF, 0x58, 0x00, 0x00, 0x00, 0x00, 0x00,
    0x00, 0x00, 0x00, 0x78, 0xFF, 0xC0, 0xE4, 0xFF, 0x58, 0x00, 0x00, 0x00, 0x00, 0x00, 0x00, 0x00,
    0x00, 0x78, 0xFF, 0xC0, 0xE4, 0xFF, 0x58, 0x00, 0x00, 0x00, 0x00, 0x00, 0x00, 0x00, 0x00, 0x78,
    0xFF, 0xC0, 0xD4, 0xFF, 0x68, 0x00, 0x00, 0x00, 0x00, 0x00, 0x00, 0x00, 0x00, 0x89, 0xFF, 0xB0,
    0xAE, 0xFF, 0xA4, 0x00, 0x00, 0x00, 0x00, 0x00, 0x00, 0x00, 0x00, 0xC7, 0xFF, 0x8A, 0x51, 0xFF,
    0xFA, 0x3B, 0x00, 0x00, 0x00, 0x00, 0x00, 0x00, 0x58, 0xFF, 0xFF, 0x2C, 0x02, 0xB5, 0xFF, 0xF4,
    0x70, 0x10, 0x00, 0x00, 0x18, 0x82, 0xFB, 0xFF, 0x92, 0x00, 0x00, 0x0D, 0xAC, 0xFF, 0xFF, 0xFD,
    0xE7, 0xEA, 0xFE, 0xFF, 0xFE, 0x93, 0x03, 0x00, 0x00, 0x00, 0x00, 0x46, 0xA3, 0xDB, 0xF5, 0xF2,
    0xD8, 0x97, 0x36, 0x00, 0x00, 0x00, 0x00, 0x00, 0x00, 0x7F, 0xFF, 0xBE, 0x01, 0x2D, 0xFA, 0xEF,
    0x29, 0x00, 0x00, 0x00, 0x08, 0xE9, 0xF4, 0x21, 0x03, 0xCC, 0xFA, 0x41, 0x00, 0x00, 0x00, 0x00,
    0x66, 0xFF, 0x6C, 0x00, 0x78, 0xFF, 0x5F, 0x00, 0x00, 0x00, 0x00, 0x00, 0x00, 0x00, 0x00, 0x00,
    0x00, 0x00, 0x00, 0x00, 0x00, 0x00, 0x00, 0x00, 0x00, 0x00, 0x00, 0x00, 0x00, 0x00, 0x00, 0x00,
    0x00, 0x00, 0x24, 0xFF, 0xF8, 0x00, 0x00, 0x00, 0x00, 0x00, 0x00, 0xC8, 0xFF, 0x58, 0x24, 0xFF,
    0xF8, 0x00, 0x00, 0x00, 0x00, 0x00, 0x00, 0xC8, 0xFF, 0x58, 0x24, 0xFF, 0xF8, 0x00, 0x00, 0x00,
    0x00, 0x00, 0x00, 0xC8, 0xFF, 0x58, 0x24, 0xFF, 0xF8, 0x00, 0x00, 0x00, 0x00, 0x00, 0x00, 0xC8,
    0xFF, 0x58, 0x24, 0xFF, 0xF8, 0x00, 0x00, 0x00, 0x00, 0x00, 0x00, 0xC8, 0xFF, 0x58, 0x24, 0xFF,
    0xF8, 0x00, 0x00, 0x00, 0x00, 0x00, 0x00, 0xC8, 0xFF, 0x58, 0x24, 0xFF, 0xF8, 0x00, 0x00, 0x00,
    0x00, 0x00, 0x00, 0xC8, 0xFF, 0x58, 0x24, 0xFF, 0xF8, 0x00, 0x00, 0x00, 0x00, 0x00, 0x00, 0xCA,
    0xFF, 0x58, 0x1E, 0xFF, 0xFF, 0x0C, 0x00, 0x00, 0x00, 0x00, 0x00, 0xEA, 0xFF, 0x58, 0x08, 0xFB,
    0xFF, 0x4D, 0x00, 0x00, 0x00, 0x00, 0x40, 0xFF, 0xFF, 0x58, 0x00, 0xBB, 0xFF, 0xE1, 0x38, 0x00,
    0x01, 0x46, 0xE3, 0xE8, 0xFF, 0x58, 0x00, 0x30, 0xF4, 0xFF, 0xFF, 0xEE, 0xF3, 0xFF, 0x9A, 0xB4,
    0xFF, 0x58, 0x00, 0x00, 0x2A, 0xAC, 0xED, 0xF7, 0xD3, 0x6E, 0x01, 0xB4, 0xFF, 0x58, 0xE4, 0xFF,
    0x58, 0x00, 0x00, 0x00, 0x00, 0x00, 0x00, 0x00, 0x00, 0x78, 0xFF, 0xC0, 0xE4, 0xFF, 0x58, 0x00,
    0x00, 0x00, 0x00, 0x00, 0x00, 0x00, 0x00, 0x78, 0xFF, 0xC0, 0xE4, 0xFF, 0x58, 0x00, 0x00, 0x00,
    0x00, 0x00, 0x00, 0x00, 0x00, 0x78, 0xFF, 0xC0, 0xE4, 0xFF, 0x58, 0x00, 0x00, 0x00, 0x00, 0x00,
    0x00, 0x00, 0x00, 0x78, 0xFF, 0xC0, 0xE4, 0xFF, 0x58, 0x00, 0x00, 0x00, 0x00, 0x00, 0x00, 0x00,
    0x00, 0x78, 0xFF, 0xC0, 0xE4, 0xFF, 0x58, 0x00, 0x00, 0x00, 0x00, 0x00, 0x00, 0x00, 0x00, 0x78,
    0xFF, 0xC0, 0xE4, 0xFF, 0x58, 0x00, 0x00, 0x00, 0x00, 0x00, 0x00, 0x00, 0x00, 0x78, 0xFF, 0xC0,
    0xE4, 0xFF, 0x58, 0x00, 0x00, 0x00, 0x00, 0x00, 0x00, 0x00, 0x00, 0x78, 0xFF, 0xC0, 0xE4, 0xFF,
    0x58, 0x00, 0x00, 0x00, 0x00, 0x00, 0x00, 0x00, 0x00, 0x78, 0xFF, 0xC0, 0xE4, 0xFF, 0x58, 0x00,
    0x00, 0x00, 0x00, 0x00, 0x00, 0x00, 0x00, 0x78, 0xFF, 0xC0, 0xE4, 0xFF, 0x58, 0x00, 0x00, 0x00,
    0x00, 0x00, 0x00, 0x00, 0x00, 0x78, 0xFF, 0xC0, 0xD4, 0xFF, 0x68, 0x00, 0x00, 0x00, 0x00, 0x00,
    0x00, 0x00, 0x00, 0x89, 0xFF, 0xFF, 0xAE, 0xFF, 0xA4, 0x00, 0x00, 0x00, 0x00, 0x00, 0x00, 0x00,
    0x00, 0xC7, 0xFF, 0xFF, 0x51, 0xFF, 0xFA, 0x3B, 0x00, 0x00, 0x00, 0x00, 0x00, 0x00, 0x58, 0xFF,
    0xFF, 0x6E, 0x02, 0xB5, 0xFF, 0xF4, 0x70, 0x10, 0x00, 0x00, 0x18, 0x82, 0xFF, 0xFF, 0xFF, 0x00,
    0x00, 0x0D, 0xAC, 0xFF, 0xFF, 0xFD, 0xE7, 0xEA, 0xFE, 0xFF, 0xFF, 0xFF, 0x0E, 0x00, 0x00, 0x00,
    0x00, 0x46, 0xA3, 0xDB, 0xF5, 0xFF, 0xFF, 0xFF, 0x9A, 0x00, 0x00, 0x00, 0x00, 0x00, 0x00, 0x00,
    0x00, 0x03, 0x80, 0xF2, 0x87, 0x0E, 0x00, 0x00, 0x00, 0x00, 0x00, 0x00, 0x00, 0x00, 0x00, 0xA3,
    0xFF, 0x53, 0x00, 0x00, 0x00, 0x00, 0x00, 0x00, 0x00, 0x00, 0x00, 0x00, 0x0A, 0xFE, 0xFF, 0x26,
    0x04, 0x04, 0x00, 0x00, 0x00, 0x00, 0x00, 0x00, 0x00, 0x00, 0x00, 0xE6, 0xFF, 0xF7, 0xF1, 0x60,
    0x00, 0x00, 0x00, 0x00, 0x00, 0x00, 0x00, 0x00, 0x00, 0x36, 0xC6, 0xF6, 0xDF, 0x6D, 0x00, 0x00,
    0x00, 0x00, 0x24, 0xFF, 0xF8, 0x00, 0x00, 0x00, 0x00, 0x00, 0x00, 0xC8, 0xFF, 0x58, 0x00, 0x24,
    0xFF, 0xF8, 0x00, 0x00, 0x00, 0x00, 0x00, 0x00, 0xC8, 0xFF, 0x58, 0x00, 0x24, 0xFF, 0xF8, 0x00,
    0x00, 0x00, 0x00, 0x00, 0x00, 0xC8, 0xFF, 0x58, 0x00, 0x24, 0xFF, 0xF8, 0x00, 0x00, 0x00, 0x00,
    0x00, 0x00, 0xC8, 0xFF, 0x58, 0x00, 0x24, 0xFF, 0xF8, 0x00, 0x00, 0x00, 0x00, 0x00, 0x00, 0xC8,
    0xFF, 0x58, 0x00, 0x24, 0xFF, 0xF8, 0x00, 0x00, 0x00, 0x00, 0x00, 0x00, 0xC8, 0xFF, 0x58, 0x00,
    0x24, 0xFF, 0xF8, 0x00, 0x00, 0x00, 0x00, 0x00, 0x00, 0xC8, 0xFF, 0x58, 0x00, 0x24, 0xFF, 0xF8,
    0x00, 0x00, 0x00, 0x00, 0x00, 0x00, 0xCA, 0xFF, 0x58, 0x00, 0x1E, 0xFF, 0xFF, 0x0C, 0x00, 0x00,
    0x00, 0x00, 0x00, 0xEA, 0xFF, 0x58, 0x00, 0x08, 0xFB, 0xFF, 0x4D, 0x00, 0x00, 0x00, 0x00, 0x40,
    0xFF, 0xFF, 0x58, 0x00, 0x00, 0xBB, 0xFF, 0xE1, 0x38, 0x00, 0x01, 0x46, 0xE3, 0xE8, 0xFF, 0x58,
    0x00, 0x00, 0x30, 0xF4, 0xFF, 0xFF, 0xEE, 0xF3, 0xFF, 0x9A, 0xB4, 0xFF, 0x58, 0x00, 0x00, 0x00,
    0x2A, 0xAC, 0xED, 0xF7, 0xD3, 0x6E, 0x03, 0xF6, 0xFF, 0x61, 0x00, 0x00, 0x00, 0x00, 0x00, 0x00,
    0x00, 0x00, 0x02, 0xAA, 0xFF, 0x8C, 0x03, 0x00, 0x00, 0x00, 0x00, 0x00, 0x00, 0x00, 0x00, 0x67,
    0xFF, 0x9E, 0x00, 0x00, 0x00, 0x00, 0x00, 0x00, 0x00, 0x00, 0x00, 0x00, 0xAF, 0xFF, 0x7F, 0x00,
    0x08, 0x00, 0x00, 0x00, 0x00, 0x00, 0x00, 0x00, 0x00, 0x8C, 0xFF, 0xFF, 0xE9, 0xB9, 0x00, 0x00,
    0x00, 0x00, 0x00, 0x00, 0x00, 0x00, 0x0C, 0xA1, 0xEE, 0xED, 0xB1, 0x06, 0x00, 0x00, 0x00, 0x00,
    0x00, 0x00, 0x00, 0x00, 0x00, 0x01, 0xA3, 0xFF, 0xFB, 0x4D, 0x00, 0x00, 0x00, 0x00, 0x00, 0x00,
    0x00, 0x00, 0x00, 0x00, 0x00, 0x00, 0x00, 0x00, 0x00, 0x00, 0x00, 0x00, 0x00, 0x96, 0xFF, 0x82,
    0xC9, 0xF7, 0x3E, 0x00, 0x00, 0x00, 0x00, 0x00, 0x00, 0x00, 0x00, 0x00, 0x00, 0x00, 0x00, 0x00,
    0x00, 0x00, 0x00, 0x00, 0x88, 0xFF, 0x96, 0x00, 0x15, 0xDC, 0xF0, 0x30, 0x00, 0x00, 0x00, 0x00,
    0x00, 0x00, 0x00, 0x00, 0x00, 0x00, 0x00, 0x00, 0x00, 0x00, 0x00, 0x00, 0x00, 0x00, 0x00, 0x00,
    0x00, 0x00, 0x00, 0x00, 0x00, 0x00, 0x00, 0x00, 0x00, 0x00, 0x00, 0x00, 0x00, 0x00, 0x00, 0x00,
    0x00, 0x00, 0x00, 0x00, 0x00, 0x00, 0x00, 0x00, 0x00, 0x00, 0x00, 0x00, 0x00, 0x00, 0x00, 0x00,
    0x00, 0x00, 0x00, 0x00, 0x41, 0xFF, 0xF9, 0x0B, 0x00, 0x00, 0x00, 0x00, 0x00, 0x00, 0x93, 0xFF,
    0xFF, 0x39, 0x00, 0x00, 0x00, 0x00, 0x00, 0x00, 0x62, 0xFF, 0xE6, 0x00, 0x05, 0xF2, 0xFF, 0x49,
    0x00, 0x00, 0x00, 0x00, 0x00, 0x00, 0xD8, 0xFF, 0xFF, 0x7E, 0x00, 0x00, 0x00, 0x00, 0x00, 0x00,
    0xA6, 0xFF, 0x9F, 0x00, 0x00, 0xB1, 0xFF, 0x8D, 0x00, 0x00, 0x00, 0x00, 0x00, 0x1D, 0xFF, 0xF7,
    0xFF, 0xC3, 0x00, 0x00, 0x00, 0x00, 0x00, 0x01, 0xE8, 0xFF, 0x57, 0x00, 0x00, 0x69, 0xFF, 0xD1,
    0x00, 0x00, 0x00, 0x00, 0x00, 0x63, 0xFF, 0xA5, 0xF9, 0xFA, 0x0C, 0x00, 0x00, 0x00, 0x00, 0x2E,
    0xFF, 0xFD, 0x12, 0x00, 0x00, 0x21, 0xFF, 0xFE, 0x16, 0x00, 0x00, 0x00, 0x00, 0xA8, 0xFF, 0x68,
    0xCA, 0xFF, 0x4C, 0x00, 0x00, 0x00, 0x00, 0x72, 0xFF, 0xC7, 0x00, 0x00, 0x00, 0x00, 0xDA, 0xFF,
    0x58, 0x00, 0x00, 0x00, 0x01, 0xEB, 0xFF, 0x29, 0x8B, 0xFF, 0x90, 0x00, 0x00, 0x00, 0x00, 0xB5,
    0xFF, 0x7F, 0x00, 0x00, 0x00, 0x00, 0x92, 0xFF, 0x9C, 0x00, 0x00, 0x00, 0x33, 0xFF, 0xE6, 0x00,
    0x47, 0xFF, 0xD5, 0x00, 0x00, 0x00, 0x05, 0xF3, 0xFF, 0x37, 0x00, 0x00, 0x00, 0x00, 0x4A, 0xFF,
    0xE0, 0x00, 0x00, 0x00, 0x78, 0xFF, 0x9F, 0x00, 0x08, 0xF6, 0xFF, 0x1A, 0x00, 0x00, 0x3D, 0xFF,
    0xEC, 0x02, 0x00, 0x00, 0x00, 0x00, 0x0A, 0xF8, 0xFF, 0x24, 0x00, 0x00, 0xBE, 0xFF, 0x58, 0x00,
    0x00, 0xB8, 0xFF, 0x5E, 0x00, 0x00, 0x81, 0xFF, 0xA7, 0x00, 0x00, 0x00, 0x00, 0x00, 0x00, 0xBB,
    0xFF, 0x68, 0x00, 0x0A, 0xF8, 0xFD, 0x13, 0x00, 0x00, 0x70, 0xFF, 0xA3, 0x00, 0x00, 0xC5, 0xFF,
    0x5F, 0x00, 0x00, 0x00, 0x00, 0x00, 0x00, 0x73, 0xFF, 0xAB, 0x00, 0x47, 0xFF, 0xC9, 0x00, 0x00,
    0x00, 0x28, 0xFF, 0xE6, 0x00, 0x0C, 0xFB, 0xFE, 0x18, 0x00, 0x00, 0x00, 0x00, 0x00, 0x00, 0x2B,
    0xFF, 0xE8, 0x00, 0x89, 0xFF, 0x81, 0x00, 0x00, 0x00, 0x00, 0xDF, 0xFF, 0x24, 0x48, 0xFF, 0xCF,
    0x00, 0x00, 0x00, 0x00, 0x00, 0x00, 0x00, 0x00, 0xE3, 0xFF, 0x25, 0xC9, 0xFF, 0x39, 0x00, 0x00,
    0x00, 0x00, 0x98, 0xFF, 0x60, 0x86, 0xFF, 0x87, 0x00, 0x00, 0x00, 0x00, 0x00, 0x00, 0x00, 0x00,
    0x9C, 0xFF, 0x64, 0xF9, 0xEE, 0x03, 0x00, 0x00, 0x00, 0x00, 0x50, 0xFF, 0x9D, 0xBF, 0xFF, 0x3F,
    0x00, 0x00, 0x00, 0x00, 0x00, 0x00, 0x00, 0x00, 0x54, 0xFF, 0xCB, 0xFF, 0xAA, 0x00, 0x00, 0x00,
    0x00, 0x00, 0x0D, 0xFA, 0xDC, 0xF2, 0xF2, 0x05, 0x00, 0x00, 0x00, 0x00, 0x00, 0x00, 0x00, 0x00,
    0x0F, 0xFB, 0xFF, 0xFF, 0x63, 0x00, 0x00, 0x00, 0x00, 0x00, 0x00, 0xC0, 0xFF, 0xFF, 0xAF, 0x00,
    0x00, 0x00, 0x00, 0x00, 0x00, 0x00, 0x00, 0x00, 0x00, 0xC4, 0xFF, 0xFF, 0x1C, 0x00, 0x00, 0x00,
    0x00, 0x00, 0x00, 0x78, 0xFF, 0xFF, 0x67, 0x00, 0x00, 0x00, 0x00, 0x00, 0x00, 0x00, 0x00, 0x00,
    0x00, 0x00, 0x00, 0x02, 0xA7, 0xFF, 0xFA, 0x4A, 0x00, 0x00, 0x00, 0x00, 0x00, 0x00, 0x00, 0x00,
    0x00, 0x00, 0x00, 0x00, 0x00, 0x00, 0x9A, 0xFF, 0x7F, 0xCC, 0xF6, 0x3B, 0x00, 0x00, 0x00, 0x00,
    0x00, 0x00, 0x00, 0x00, 0x00, 0x00, 0x00, 0x00, 0x8C, 0xFF, 0x92, 0x00, 0x17, 0xDE, 0xEF, 0x2E,
    0x00, 0x00, 0x00, 0x00, 0x00, 0x00, 0x00, 0x00, 0x00, 0x00, 0x00, 0x00, 0x00, 0x00, 0x00, 0x00,
    0x00, 0x00, 0x00, 0x00, 0x00, 0x00, 0x00, 0x00, 0x00, 0x00, 0x00, 0x00, 0x00, 0x00, 0x00, 0x00,
    0x00, 0x00, 0x00, 0x00, 0x00, 0x00, 0x00, 0x00, 0x00, 0x00, 0x00, 0x0C, 0xF8, 0xFF, 0x33, 0x00,
    0x00, 0x00, 0x00, 0x6C, 0xFF, 0xFF, 0x1A, 0x00, 0x00, 0x00, 0x00, 0x90, 0xFF, 0xAC, 0x00, 0xB7,
    0xFF, 0x7B, 0x00, 0x00, 0x00, 0x00, 0xB2, 0xFF, 0xFF, 0x60, 0x00, 0x00, 0x00, 0x00, 0xD8, 0xFF,
    0x5E, 0x00, 0x69, 0xFF, 0xC3, 0x00, 0x00, 0x00, 0x05, 0xF3, 0xF0, 0xFF, 0xA5, 0x00, 0x00, 0x00,
    0x1F, 0xFF, 0xFC, 0x13, 0x00, 0x1B, 0xFF, 0xFB, 0x0F, 0x00, 0x00, 0x3F, 0xFF, 0x94, 0xEB, 0xE9,
    0x01, 0x00, 0x00, 0x67, 0xFF, 0xC1, 0x00, 0x00, 0x00, 0xCD, 0xFF, 0x53, 0x00, 0x00, 0x86, 0xFF,
    0x52, 0xAE, 0xFF, 0x31, 0x00, 0x00, 0xAF, 0xFF, 0x72, 0x00, 0x00, 0x00, 0x7F, 0xFF, 0x9B, 0x00,
    0x00, 0xCB, 0xFD, 0x11, 0x6B, 0xFF, 0x76, 0x00, 0x04, 0xF1, 0xFF, 0x24, 0x00, 0x00, 0x00, 0x30,
    0xFF, 0xE0, 0x00, 0x12, 0xFD, 0xC8, 0x00, 0x25, 0xFF, 0xB9, 0x00, 0x3B, 0xFF, 0xD5, 0x00, 0x00,
    0x00, 0x00, 0x00, 0xE1, 0xFF, 0x24, 0x54, 0xFF, 0x80, 0x00, 0x00, 0xDC, 0xF5, 0x06, 0x7E, 0xFF,
    0x87, 0x00, 0x00, 0x00, 0x00, 0x00, 0x94, 0xFF, 0x65, 0x93, 0xFF, 0x35, 0x00, 0x00, 0x92, 0xFF,
    0x38, 0xBF, 0xFF, 0x38, 0x00, 0x00, 0x00, 0x00, 0x00, 0x46, 0xFF, 0xA1, 0xCE, 0xE8, 0x01, 0x00,
    0x00, 0x47, 0xFF, 0x77, 0xF6, 0xE8, 0x01, 0x00, 0x00, 0x00, 0x00, 0x00, 0x06, 0xF1, 0xE2, 0xFC,
    0x9F, 0x00, 0x00, 0x00, 0x07, 0xF4, 0xE0, 0xFF, 0x9B, 0x00, 0x00, 0x00, 0x00, 0x00, 0x00, 0x00,
    0xAA, 0xFF, 0xFF, 0x54, 0x00, 0x00, 0x00, 0x00, 0xB1, 0xFF, 0xFF, 0x4D, 0x00, 0x00, 0x00, 0x00,
    0x00, 0x00, 0x00, 0x5B, 0xFF, 0xFA, 0x0E, 0x00, 0x00, 0x00, 0x00, 0x66, 0xFF, 0xF5, 0x09, 0x00,
    0x00, 0x00, 0x00, 0x00, 0x00, 0x00, 0x00, 0x00, 0x57, 0xFD, 0xFF, 0x98, 0x00, 0x00, 0x00, 0x00,
    0x00, 0x00, 0x00, 0x00, 0x00, 0x00, 0x00, 0x4C, 0xFA, 0xC2, 0x89, 0xFF, 0x85, 0x00, 0x00, 0x00,
    0x00, 0x00, 0x00, 0x00, 0x00, 0x00, 0x40, 0xF7, 0xD5, 0x11, 0x00, 0xA0, 0xFF, 0x71, 0x00, 0x00,
    0x00, 0x00, 0x00, 0x00, 0x00, 0x00, 0x00, 0x00, 0x00, 0x00, 0x00, 0x00, 0x00, 0x00, 0x00, 0x00,
    0x00, 0x00, 0x00, 0x00, 0x00, 0x00, 0x00, 0x00, 0x00, 0x00, 0x00, 0x00, 0x00, 0x00, 0x00, 0x00,
    0x00, 0x00, 0x1F, 0xF4, 0xFF, 0x7F, 0x00, 0x00, 0x00, 0x00, 0x00, 0x00, 0x00, 0x00, 0x36, 0xFD,
    0xFF, 0x5E, 0x00, 0x70, 0xFF, 0xF8, 0x26, 0x00, 0x00, 0x00, 0x00, 0x00, 0x00, 0x03, 0xCF, 0xFF,
    0xBB, 0x00, 0x00, 0x02, 0xCA, 0xFF, 0xBE, 0x00, 0x00, 0x00, 0x00, 0x00, 0x00, 0x72, 0xFF, 0xF6,
    0x22, 0x00, 0x00, 0x00, 0x2E, 0xFB, 0xFF, 0x5F, 0x00, 0x00, 0x00, 0x00, 0x1D, 0xF3, 0xFF, 0x75,
    0x00, 0x00, 0x00, 0x00, 0x00, 0x87, 0xFF, 0xEB, 0x13, 0x00, 0x00, 0x00, 0xB0, 0xFF, 0xCE, 0x04,
    0x00, 0x00, 0x00, 0x00, 0x00, 0x08, 0xDB, 0xFF, 0x9E, 0x00, 0x00, 0x4E, 0xFF, 0xFC, 0x33, 0x00,
    0x00, 0x00, 0x00, 0x00, 0x00, 0x00, 0x42, 0xFF, 0xFE, 0x39, 0x09, 0xDF, 0xFF, 0x8C, 0x00, 0x00,
    0x00, 0x00, 0x00, 0x00, 0x00, 0x00, 0x00, 0x9F, 0xFF, 0xC1, 0x6F, 0xFF, 0xDF, 0x0A, 0x00, 0x00,
    0x00, 0x00, 0x00, 0x00, 0x00, 0x00, 0x00, 0x12, 0xE9, 0xFF, 0xF2, 0xFF, 0x48, 0x00, 0x00, 0x00,
    0x00, 0x00, 0x00, 0x00, 0x00, 0x00, 0x00, 0x00, 0x59, 0xFF, 0xFF, 0xA4, 0x00, 0x00, 0x00, 0x00,
    0x00, 0x00, 0x00, 0x00, 0x00, 0x00, 0x00, 0x00, 0x00, 0xF8, 0xFF, 0x44, 0x00, 0x00, 0x00, 0x00,
    0x00, 0x00, 0x00, 0x00, 0x00, 0x00, 0x00, 0x00, 0x00, 0xF8, 0xFF, 0x44, 0x00, 0x00, 0x00, 0x00,
    0x00, 0x00, 0x00, 0x00, 0x00, 0x00, 0x00, 0x00, 0x00, 0xF8, 0xFF, 0x44, 0x00, 0x00, 0x00, 0x00,
    0x00, 0x00, 0x00, 0x00, 0x00, 0x00, 0x00, 0x00, 0x00, 0xF8, 0xFF, 0x44, 0x00, 0x00, 0x00, 0x00,
    0x00, 0x00, 0x00, 0x00, 0x00, 0x00, 0x00, 0x00, 0x00, 0xF8, 0xFF, 0x44, 0x00, 0x00, 0x00, 0x00,
    0x00, 0x00, 0x00, 0x00, 0x00, 0x00, 0x00, 0x00, 0x00, 0xF8, 0xFF, 0x44, 0x00, 0x00, 0x00, 0x00,
    0x00, 0x00, 0x00, 0x00, 0x00, 0x00, 0x00, 0x00, 0x00, 0xF8, 0xFF, 0x44, 0x00, 0x00, 0x00, 0x00,
    0x00, 0x00, 0x00, 0x00, 0x00, 0x00, 0x05, 0xB4, 0xFF, 0xF7, 0x3E, 0x00, 0x00, 0x00, 0x00, 0x00,
    0x00, 0x00, 0x02, 0xA8, 0xFF, 0x76, 0xD6, 0xF0, 0x30, 0x00, 0x00, 0x00, 0x00, 0x00, 0x00, 0x9C,
    0xFF, 0x82, 0x00, 0x1F, 0xE6, 0xE8, 0x24, 0x00, 0x00, 0x00, 0x00, 0x00, 0x00, 0x00, 0x00, 0x00,
    0x00, 0x00, 0x00, 0x00, 0x00, 0x00, 0x00, 0x00, 0x00, 0x00, 0x00, 0x00, 0x00, 0x00, 0x00, 0x00,
    0x00, 0x00, 0x00, 0x2C, 0xFF, 0xFE, 0x1E, 0x00, 0x00, 0x00, 0x00, 0x00, 0x00, 0x9F, 0xFF, 0xAA,
    0x00, 0xCA, 0xFF, 0x79, 0x00, 0x00, 0x00, 0x00, 0x00, 0x08, 0xF1, 0xFF, 0x48, 0x00, 0x69, 0xFF,
    0xD5, 0x00, 0x00, 0x00, 0x00, 0x00, 0x57, 0xFF, 0xE3, 0x02, 0x00, 0x10, 0xF7, 0xFF, 0x31, 0x00,
    0x00, 0x00, 0x00, 0xB4, 0xFF, 0x84, 0x00, 0x00, 0x00, 0xA7, 0xFF, 0x8D, 0x00, 0x00, 0x00, 0x14,
    0xFB, 0xFE, 0x23, 0x00, 0x00, 0x00, 0x46, 0xFF, 0xE6, 0x02, 0x00, 0x00, 0x6C, 0xFF, 0xBF, 0x00,
    0x00, 0x00, 0x00, 0x02, 0xE2, 0xFF, 0x44, 0x00, 0x00, 0xC9, 0xFF, 0x5D, 0x00, 0x00, 0x00, 0x00,
    0x00, 0x84, 0xFF, 0xA0, 0x00, 0x24, 0xFF, 0xF1, 0x09, 0x00, 0x00, 0x00, 0x00, 0x00, 0x24, 0xFF,
    0xEF, 0x04, 0x7A, 0xFF, 0x98, 0x00, 0x00, 0x00, 0x00, 0x00, 0x00, 0x00, 0xC2, 0xFF, 0x42, 0xCA,
    0xFF, 0x36, 0x00, 0x00, 0x00, 0x00, 0x00, 0x00, 0x00, 0x61, 0xFF, 0xA0, 0xFE, 0xD4, 0x00, 0x00,
    0x00, 0x00, 0x00, 0x00, 0x00, 0x00, 0x0C, 0xF4, 0xFD, 0xFF, 0x72, 0x00, 0x00, 0x00, 0x00, 0x00,
    0x00, 0x00, 0x00, 0x00, 0x9F, 0xFF, 0xFA, 0x15, 0x00, 0x00, 0x00, 0x00, 0x00, 0x00, 0x00, 0x00,
    0x00, 0x7B, 0xFF, 0xAD, 0x00, 0x00, 0x00, 0x00, 0x00, 0x00, 0x00, 0x00, 0x00, 0x00, 0xD4, 0xFF,
    0x4B, 0x00, 0x00, 0x00, 0x00, 0x00, 0x00, 0x00, 0x00, 0x00, 0x6B, 0xFF, 0xD4, 0x02, 0x00, 0x00,
    0x00, 0x00, 0x00, 0x00, 0x06, 0xE4, 0xE8, 0xFF, 0xF9, 0x40, 0x00, 0x00, 0x00, 0x00, 0x00, 0x00,
    0x00, 0x33, 0xF1, 0xF3, 0xC2, 0x3F, 0x00, 0x00, 0x00, 0x00, 0x00, 0x00, 0x00, 0x00, 0x00, 0x00,
    0x00, 0x37, 0xC7, 0x7D, 0x00, 0x00, 0x41, 0xCA, 0x70, 0x00, 0x00, 0x00, 0x00, 0x00, 0x00, 0x00,
    0x00, 0xA7, 0xFF, 0xFF, 0x08, 0x00, 0xB7, 0xFF, 0xF7, 0x00, 0x00, 0x00, 0x00, 0x00, 0x00, 0x00,
    0x00, 0x4F, 0xEF, 0xA4, 0x00, 0x00, 0x5C, 0xF2, 0x95, 0x00, 0x00, 0x00, 0x00, 0x00, 0x00, 0x00,
    0x00, 0x00, 0x00, 0x00, 0x00, 0x00, 0x00, 0x00, 0x00, 0x00, 0x00, 0x00, 0x00, 0x00, 0x00, 0x00,
    0x00, 0x00, 0x00, 0x00, 0x00, 0x00, 0x00, 0x00, 0x00, 0x00, 0x00, 0x00, 0x00, 0x1F, 0xF4, 0xFF,
    0x7F, 0x00, 0x00, 0x00, 0x00, 0x00, 0x00, 0x00, 0x00, 0x36, 0xFD, 0xFF, 0x5E, 0x00, 0x70, 0xFF,
    0xF8, 0x26, 0x00, 0x00, 0x00, 0x00, 0x00, 0x00, 0x03, 0xCF, 0xFF, 0xBB, 0x00, 0x00, 0x02, 0xCA,
    0xFF, 0xBE, 0x00, 0x00, 0x00, 0x00, 0x00, 0x00, 0x72, 0xFF, 0xF6, 0x22, 0x00, 0x00, 0x00, 0x2E,
    0xFB, 0xFF, 0x5F, 0x00, 0x00, 0x00, 0x00, 0x1D, 0xF3, 0xFF, 0x75, 0x00, 0x00, 0x00, 0x00, 0x00,
    0x87, 0xFF, 0xEB, 0x13, 0x00, 0x00, 0x00, 0xB0, 0xFF, 0xCE, 0x04, 0x00, 0x00, 0x00, 0x00, 0x00,
    0x08, 0xDB, 0xFF, 0x9E, 0x00, 0x00, 0x4E, 0xFF, 0xFC, 0x33, 0x00, 0x00, 0x00, 0x00, 0x00, 0x00,
    0x00, 0x42, 0xFF, 0xFE, 0x39, 0x09, 0xDF, 0xFF, 0x8C, 0x00, 0x00, 0x00, 0x00, 0x00, 0x00, 0x00,
    0x00, 0x00, 0x9F, 0xFF, 0xC1, 0x6F, 0xFF, 0xDF, 0x0A, 0x00, 0x00, 0x00, 0x00, 0x00, 0x00, 0x00,
    0x00, 0x00, 0x12, 0xE9, 0xFF, 0xF2, 0xFF, 0x48, 0x00, 0x00, 0x00, 0x00, 0x00, 0x00, 0x00, 0x00,
    0x00, 0x00, 0x00, 0x59, 0xFF, 0xFF, 0xA4, 0x00, 0x00, 0x00, 0x00, 0x00, 0x00, 0x00, 0x00, 0x00,
    0x00, 0x00, 0x00, 0x00, 0xF8, 0xFF, 0x44, 0x00, 0x00, 0x00, 0x00, 0x00, 0x00, 0x00, 0x00, 0x00,
    0x00, 0x00, 0x00, 0x00, 0xF8, 0xFF, 0x44, 0x00, 0x00, 0x00, 0x00, 0x00, 0x00, 0x00, 0x00, 0x00,
    0x00, 0x00, 0x00, 0x00, 0xF8, 0xFF, 0x44, 0x00, 0x00, 0x00, 0x00, 0x00, 0x00, 0x00, 0x00, 0x00,
    0x00, 0x00, 0x00, 0x00, 0xF8, 0xFF, 0x44, 0x00, 0x00, 0x00, 0x00, 0x00, 0x00, 0x00, 0x00, 0x00,
    0x00, 0x00, 0x00, 0x00, 0xF8, 0xFF, 0x44, 0x00, 0x00, 0x00, 0x00, 0x00, 0x00, 0x00, 0x00, 0x00,
    0x00, 0x00, 0x00, 0x00, 0xF8, 0xFF, 0x44, 0x00, 0x00, 0x00, 0x00, 0x00, 0x00, 0x00, 0x00, 0x00,
    0x00, 0x00, 0x00, 0x00, 0xF8, 0xFF, 0x44, 0x00, 0x00, 0x00, 0x00, 0x00, 0x00, 0x00, 0x00, 0x00,
    0x00, 0x00, 0x00, 0x00, 0x6D, 0x80, 0x3B, 0x00, 0x00, 0x00, 0x00, 0x00, 0x00, 0x00, 0x00, 0x00,
    0x34, 0xFF, 0xE7, 0x11, 0x00, 0x00, 0x00, 0x00, 0x00, 0x00, 0x00, 0x00, 0x00, 0xAD, 0xFF, 0x52,
    0x00, 0x00, 0x00, 0x00, 0x00, 0x00, 0x00, 0x00, 0x00, 0x26, 0xFD, 0xAB, 0x00, 0x00, 0x00, 0x00,
    0x00, 0x00, 0x00, 0x00, 0x00, 0x00, 0x00, 0x00, 0x00, 0x00, 0x00, 0x00, 0x00, 0x00, 0x00, 0x00,
    0x00, 0x00, 0x00, 0x00, 0x00, 0x00, 0x00, 0x00, 0x00, 0x00, 0x00, 0x90, 0xFF, 0xFF, 0xFF, 0xFF,
    0xFF, 0xFF, 0xFF, 0xFF, 0xFF, 0xFF, 0xFF, 0x94, 0x7B, 0xDC, 0xDC, 0xDC, 0xDC, 0xDC, 0xDC, 0xDC,
    0xDC, 0xDC, 0xFF, 0xFF, 0x80, 0x00, 0x00, 0x00, 0x00, 0x00, 0x00, 0x00, 0x00, 0x00, 0x70, 0xFF,
    0xDC, 0x0C, 0x00, 0x00, 0x00, 0x00, 0x00, 0x00, 0x00, 0x00, 0x34, 0xFA, 0xFD, 0x3B, 0x00, 0x00,
    0x00, 0x00, 0x00, 0x00, 0x00, 0x00, 0x0A, 0xDA, 0xFF, 0x87, 0x00, 0x00, 0x00, 0x00, 0x00, 0x00,
    0x00, 0x00, 0x00, 0x96, 0xFF, 0xD0, 0x06, 0x00, 0x00, 0x00, 0x00, 0x00, 0x00, 0x00, 0x00, 0x47,
    0xFF, 0xF8, 0x2D, 0x00, 0x00, 0x00, 0x00, 0x00, 0x00, 0x00, 0x00, 0x11, 0xE5, 0xFF, 0x75, 0x00,
    0x00, 0x00, 0x00, 0x00, 0x00, 0x00, 0x00, 0x00, 0xA7, 0xFF, 0xC2, 0x02, 0x00, 0x00, 0x00, 0x00,
    0x00, 0x00, 0x00, 0x00, 0x56, 0xFF, 0xF2, 0x21, 0x00, 0x00, 0x00, 0x00, 0x00, 0x00, 0x00, 0x00,
    0x19, 0xED, 0xFF, 0x63, 0x00, 0x00, 0x00, 0x00, 0x00, 0x00, 0x00, 0x00, 0x00, 0xB6, 0xFF, 0xB2,
    0x00, 0x00, 0x00, 0x00, 0x00, 0x00, 0x00, 0x00, 0x00, 0x68, 0xFF, 0xEA, 0x17, 0x00, 0x00, 0x00,
    0x00, 0x00, 0x00, 0x00, 0x00, 0x23, 0xF4, 0xFF, 0x4B, 0x00, 0x00, 0x00, 0x00, 0x00, 0x00, 0x00,
    0x00, 0x02, 0xC4, 0xFF, 0x89, 0x00, 0x00, 0x00, 0x00, 0x00, 0x00, 0x00, 0x00, 0x00, 0x62, 0xFF,
    0xFF, 0xDF, 0xDC, 0xDC, 0xDC, 0xDC, 0xDC, 0xDC, 0xDC, 0xDC, 0x93, 0x78, 0xFF, 0xFF, 0xFF, 0xFF,
    0xFF, 0xFF, 0xFF, 0xFF, 0xFF, 0xFF, 0xFF, 0xAC, 0x00, 0x00, 0x00, 0x00, 0x00, 0x00, 0x72, 0x80,
    0x35, 0x00, 0x00, 0x00, 0x00, 0x00, 0x00, 0x00, 0x41, 0xFF, 0xE0, 0x0C, 0x00, 0x00, 0x00, 0x00,
    0x00, 0x00, 0x00, 0xB9, 0xFF, 0x46, 0x00, 0x00, 0x00, 0x00, 0x00, 0x00, 0x00, 0x30, 0xFF, 0x9F,
    0x00, 0x00, 0x00, 0x00, 0x00, 0x00, 0x00, 0x00, 0x00, 0x00, 0x00, 0x00, 0x00, 0x00, 0x00, 0x00,
    0x00, 0x00, 0x00, 0x00, 0x00, 0x00, 0x00, 0x00, 0x00, 0x00, 0x48, 0xFF, 0xFF, 0xFF, 0xFF, 0xFF,
    0xFF, 0xFF, 0xFF, 0xFF, 0x8C, 0x3D, 0xDC, 0xDC, 0xDC, 0xDC, 0xDC, 0xDC, 0xE4, 0xFF, 0xFF, 0x78,
    0x00, 0x00, 0x00, 0x00, 0x00, 0x00, 0x00, 0xA7, 0xFF, 0xCF, 0x07, 0x00, 0x00, 0x00, 0x00, 0x00,
    0x00, 0x6A, 0xFF, 0xF2, 0x25, 0x00, 0x00, 0x00, 0x00, 0x00, 0x00, 0x32, 0xF8, 0xFF, 0x59, 0x00,
    0x00, 0x00, 0x00, 0x00, 0x00, 0x0F, 0xDC, 0xFF, 0x9A, 0x00, 0x00, 0x00, 0x00, 0x00, 0x00, 0x00,
    0xAD, 0xFF, 0xD2, 0x09, 0x00, 0x00, 0x00, 0x00, 0x00, 0x00, 0x6F, 0xFF, 0xF4, 0x28, 0x00, 0x00,
    0x00, 0x00, 0x00, 0x00, 0x36, 0xFA, 0xFF, 0x5F, 0x00, 0x00, 0x00, 0x00, 0x00, 0x00, 0x11, 0xE0,
    0xFF, 0xA0, 0x00, 0x00, 0x00, 0x00, 0x00, 0x00, 0x01, 0xB2, 0xFF, 0xD6, 0x0B, 0x00, 0x00, 0x00,
    0x00, 0x00, 0x00, 0x63, 0xFF, 0xFF, 0xEC, 0xDC, 0xDC, 0xDC, 0xDC, 0xDC, 0xDC, 0xAB, 0x84, 0xFF,
    0xFF, 0xFF, 0xFF, 0xFF, 0xFF, 0xFF, 0xFF, 0xFF, 0xC8, 0x00, 0x00, 0x00, 0x00, 0x00, 0x58, 0xCB,
    0x6D, 0x00, 0x00, 0x00, 0x00, 0x00, 0x00, 0x00, 0x00, 0x00, 0x00, 0xDB, 0xFF, 0xF9, 0x01, 0x00,
    0x00, 0x00, 0x00, 0x00, 0x00, 0x00, 0x00, 0x00, 0x78, 0xF4, 0x92, 0x00, 0x00, 0x00, 0x00, 0x00,
    0x00, 0x00, 0x00, 0x00, 0x00, 0x00, 0x00, 0x00, 0x00, 0x00, 0x00, 0x00, 0x00, 0x00, 0x00, 0x00,
    0x00, 0x00, 0x00, 0x00, 0x00, 0x00, 0x00, 0x00, 0x00, 0x00, 0x90, 0xFF, 0xFF, 0xFF, 0xFF, 0xFF,
    0xFF, 0xFF, 0xFF, 0xFF, 0xFF, 0xFF, 0x94, 0x7B, 0xDC, 0xDC, 0xDC, 0xDC, 0xDC, 0xDC, 0xDC, 0xDC,
    0xDC, 0xFF, 0xFF, 0x80, 0x00, 0x00, 0x00, 0x00, 0x00, 0x00, 0x00, 0x00, 0x00, 0x70, 0xFF, 0xDC,
    0x0C, 0x00, 0x00, 0x00, 0x00, 0x00, 0x00, 0x00, 0x00, 0x34, 0xFA, 0xFD, 0x3B, 0x00, 0x00, 0x00,
    0x00, 0x00, 0x00, 0x00, 0x00, 0x0A, 0xDA, 0xFF, 0x87, 0x00, 0x00, 0x00, 0x00, 0x00, 0x00, 0x00,
    0x00, 0x00, 0x96, 0xFF, 0xD0, 0x06, 0x00, 0x00, 0x00, 0x00, 0x00, 0x00, 0x00, 0x00, 0x47, 0xFF,
    0xF8, 0x2D, 0x00, 0x00, 0x00, 0x00, 0x00, 0x00, 0x00, 0x00, 0x11, 0xE5, 0xFF, 0x75, 0x00, 0x00,
    0x00, 0x00, 0x00, 0x00, 0x00, 0x00, 0x00, 0xA7, 0xFF, 0xC2, 0x02, 0x00, 0x00, 0x00, 0x00, 0x00,
    0x00, 0x00, 0x00, 0x56, 0xFF, 0xF2, 0x21, 0x00, 0x00, 0x00, 0x00, 0x00, 0x00, 0x00, 0x00, 0x19,
    0xED, 0xFF, 0x63, 0x00, 0x00, 0x00, 0x00, 0x00, 0x00, 0x00, 0x00, 0x00, 0xB6, 0xFF, 0xB2, 0x00,
    0x00, 0x00, 0x00, 0x00, 0x00, 0x00, 0x00, 0x00, 0x68, 0xFF, 0xEA, 0x17, 0x00, 0x00, 0x00, 0x00,
    0x00, 0x00, 0x00, 0x00, 0x23, 0xF4, 0xFF, 0x4B, 0x00, 0x00, 0x00, 0x00, 0x00, 0x00, 0x00, 0x00,
    0x02, 0xC4, 0xFF, 0x89, 0x00, 0x00, 0x00, 0x00, 0x00, 0x00, 0x00, 0x00, 0x00, 0x62, 0xFF, 0xFF,
    0xDF, 0xDC, 0xDC, 0xDC, 0xDC, 0xDC, 0xDC, 0xDC, 0xDC, 0x93, 0x78, 0xFF, 0xFF, 0xFF, 0xFF, 0xFF,
    0xFF, 0xFF, 0xFF, 0xFF, 0xFF, 0xFF, 0xAC, 0x00, 0x00, 0x00, 0x00, 0x61, 0xCB, 0x64, 0x00, 0x00,
    0x00, 0x00, 0x00, 0x00, 0x00, 0x00, 0xE7, 0xFF, 0xEE, 0x00, 0x00, 0x00, 0x00, 0x00, 0x00, 0x00,
    0x00, 0x82, 0xF4, 0x87, 0x00, 0x00, 0x00, 0x00, 0x00, 0x00, 0x00, 0x00, 0x00, 0x00, 0x00, 0x00,
    0x00, 0x00, 0x00, 0x00, 0x00, 0x00, 0x00, 0x00, 0x00, 0x00, 0x00, 0x00, 0x00, 0x00, 0x48, 0xFF,
    0xFF, 0xFF, 0xFF, 0xFF, 0xFF, 0xFF, 0xFF, 0xFF, 0x8C, 0x3D, 0xDC, 0xDC, 0xDC, 0xDC, 0xDC, 0xDC,
    0xE4, 0xFF, 0xFF, 0x78, 0x00, 0x00, 0x00, 0x00, 0x00, 0x00, 0x00, 0xA7, 0xFF, 0xCF, 0x07, 0x00,
    0x00, 0x00, 0x00, 0x00, 0x00, 0x6A, 0xFF, 0xF2, 0x25, 0x00, 0x00, 0x00, 0x00, 0x00, 0x00, 0x32,
    0xF8, 0xFF, 0x59, 0x00, 0x00, 0x00, 0x00, 0x00, 0x00, 0x0F, 0xDC, 0xFF, 0x9A, 0x00, 0x00, 0x00,
    0x00, 0x00, 0x00, 0x00, 0xAD, 0xFF, 0xD2, 0x09, 0x00, 0x00, 0x00, 0x00, 0x00, 0x00, 0x6F, 0xFF,
    0xF4, 0x28, 0x00, 0x00, 0x00, 0x00, 0x00, 0x00, 0x36, 0xFA, 0xFF, 0x5F, 0x00, 0x00, 0x00, 0x00,
    0x00, 0x00, 0x11, 0xE0, 0xFF, 0xA0, 0x00, 0x00, 0x00, 0x00, 0x00, 0x00, 0x01, 0xB2, 0xFF, 0xD6,
    0x0B, 0x00, 0x00, 0x00, 0x00, 0x00, 0x00, 0x63, 0xFF, 0xFF, 0xEC, 0xDC, 0xDC, 0xDC, 0xDC, 0xDC,
    0xDC, 0xAB, 0x84, 0xFF, 0xFF, 0xFF, 0xFF, 0xFF, 0xFF, 0xFF, 0xFF, 0xFF, 0xC8, 0x00, 0x00, 0x05,
    0xB9, 0xFC, 0x4E, 0x00, 0x3E, 0xF9, 0xD7, 0x14, 0x00, 0x00, 0x00, 0x00, 0x00, 0x0B, 0xC8, 0xF5,
    0x5D, 0xEE, 0xDE, 0x1B, 0x00, 0x00, 0x00, 0x00, 0x00, 0x00, 0x00, 0x13, 0xD6, 0xFF, 0xE4, 0x21,
    0x00, 0x00, 0x00, 0x00, 0x00, 0x00, 0x00, 0x00, 0x00, 0x00, 0x00, 0x00, 0x00, 0x00, 0x00, 0x00,
    0x00, 0x00, 0x00, 0x00, 0x00, 0x00, 0x00, 0x00, 0x00, 0x00, 0x00, 0x00, 0x00, 0x00, 0x90, 0xFF,
    0xFF, 0xFF, 0xFF, 0xFF, 0xFF, 0xFF, 0xFF, 0xFF, 0xFF, 0xFF, 0x94, 0x7B, 0xDC, 0xDC, 0xDC, 0xDC,
    0xDC, 0xDC, 0xDC, 0xDC, 0xDC, 0xFF, 0xFF, 0x80, 0x00, 0x00, 0x00, 0x00, 0x00, 0x00, 0x00, 0x00,
    0x00, 0x70, 0xFF, 0xDC, 0x0C, 0x00, 0x00, 0x00, 0x00, 0x00, 0x00, 0x00, 0x00, 0x34, 0xFA, 0xFD,
    0x3B, 0x00, 0x00, 0x00, 0x00, 0x00, 0x00, 0x00, 0x00, 0x0A, 0xDA, 0xFF, 0x87, 0x00, 0x00, 0x00,
    0x00, 0x00, 0x00, 0x00, 0x00, 0x00, 0x96, 0xFF, 0xD0, 0x06, 0x00, 0x00, 0x00, 0x00, 0x00, 0x00,
    0x00, 0x00, 0x47, 0xFF, 0xF8, 0x2D, 0x00, 0x00, 0x00, 0x00, 0x00, 0x00, 0x00, 0x00, 0x11, 0xE5,
    0xFF, 0x75, 0x00, 0x00, 0x00, 0x00, 0x00, 0x00, 0x00, 0x00, 0x00, 0xA7, 0xFF, 0xC2, 0x02, 0x00,
    0x00, 0x00, 0x00, 0x00, 0x00, 0x00, 0x00, 0x56, 0xFF, 0xF2, 0x21, 0x00, 0x00, 0x00, 0x00, 0x00,
    0x00, 0x00, 0x00, 0x19, 0xED, 0xFF, 0x63, 0x00, 0x00, 0x00, 0x00, 0x00, 0x00, 0x00, 0x00, 0x00,
    0xB6, 0xFF, 0xB2, 0x00, 0x00, 0x00, 0x00, 0x00, 0x00, 0x00, 0x00, 0x00, 0x68, 0xFF, 0xEA, 0x17,
    0x00, 0x00, 0x00, 0x00, 0x00, 0x00, 0x00, 0x00, 0x23, 0xF4, 0xFF, 0x4B, 0x00, 0x00, 0x00, 0x00,
    0x00, 0x00, 0x00, 0x00, 0x02, 0xC4, 0xFF, 0x89, 0x00, 0x00, 0x00, 0x00, 0x00, 0x00, 0x00, 0x00,
    0x00, 0x62, 0xFF, 0xFF, 0xDF, 0xDC, 0xDC, 0xDC, 0xDC, 0xDC, 0xDC, 0xDC, 0xDC, 0x93, 0x78, 0xFF,
    0xFF, 0xFF, 0xFF, 0xFF, 0xFF, 0xFF, 0xFF, 0xFF, 0xFF, 0xFF, 0xAC, 0x00, 0x08, 0xC2, 0xFA, 0x45,
    0x00, 0x47, 0xFB, 0xD0, 0x0F, 0x00, 0x00, 0x00, 0x0F, 0xD0, 0xF1, 0x5D, 0xF2, 0xD7, 0x15, 0x00,
    0x00, 0x00, 0x00, 0x00, 0x18, 0xDD, 0xFF, 0xDE, 0x1B, 0x00, 0x00, 0x00, 0x00, 0x00, 0x00, 0x00,
    0x00, 0x00, 0x00, 0x00, 0x00, 0x00, 0x00, 0x00, 0x00, 0x00, 0x00, 0x00, 0x00, 0x00, 0x00, 0x00,
    0x00, 0x00, 0x48, 0xFF, 0xFF, 0xFF, 0xFF, 0xFF, 0xFF, 0xFF, 0xFF, 0xFF, 0x8C, 0x3D, 0xDC, 0xDC,
    0xDC, 0xDC, 0xDC, 0xDC, 0xE4, 0xFF, 0xFF, 0x78, 0x00, 0x00, 0x00, 0x00, 0x00, 0x00, 0x00, 0xA7,
    0xFF, 0xCF, 0x07, 0x00, 0x00, 0x00, 0x00, 0x00, 0x00, 0x6A, 0xFF, 0xF2, 0x25, 0x00, 0x00, 0x00,
    0x00, 0x00, 0x00, 0x32, 0xF8, 0xFF, 0x59, 0x00, 0x00, 0x00, 0x00, 0x00, 0x00, 0x0F, 0xDC, 0xFF,
    0x9A, 0x00, 0x00, 0x00, 0x00, 0x00, 0x00, 0x00, 0xAD, 0xFF, 0xD2, 0x09, 0x00, 0x00, 0x00, 0x00,
    0x00, 0x00, 0x6F, 0xFF, 0xF4, 0x28, 0x00, 0x00, 0x00, 0x00, 0x00, 0x00, 0x36, 0xFA, 0xFF, 0x5F,
    0x00, 0x00, 0x00, 0x00, 0x00, 0x00, 0x11, 0xE0, 0xFF, 0xA0, 0x00, 0x00, 0x00, 0x00, 0x00, 0x00,
    0x01, 0xB2, 0xFF, 0xD6, 0x0B, 0x00, 0x00, 0x00, 0x00, 0x00, 0x00, 0x63, 0xFF, 0xFF, 0xEC, 0xDC,
    0xDC, 0xDC, 0xDC, 0xDC, 0xDC, 0xAB, 0x84, 0xFF, 0xFF, 0xFF, 0xFF, 0xFF, 0xFF, 0xFF, 0xFF, 0xFF,
    0xC8, 0x00, 0x00, 0x0D, 0x58, 0x7A, 0x6C, 0x22, 0x00, 0x39, 0xE9, 0xFF, 0xFF, 0xFF, 0x54, 0x02,
    0xDD, 0xFF, 0xC8, 0x69, 0x82, 0x0B, 0x1D, 0xFF, 0xFF, 0x17, 0x00, 0x00, 0x00, 0x28, 0xFF, 0xF4,
    0x00, 0x00, 0x00, 0x00, 0x28, 0xFF, 0xF4, 0x00, 0x00, 0x00, 0x00, 0x28, 0xFF, 0xF4, 0x00, 0x00,
    0x00, 0x00, 0x28, 0xFF, 0xF4, 0x00, 0x00, 0x00, 0x00, 0x28, 0xFF, 0xF4, 0x00, 0x00, 0x00, 0x00,
    0x28, 0xFF, 0xF4, 0x00, 0x00, 0x00, 0x00, 0x28, 0xFF, 0xF4, 0x00, 0x00, 0x00, 0x00, 0x28, 0xFF,
    0xF4, 0x00, 0x00, 0x00, 0x00, 0x28, 0xFF, 0xF4, 0x00, 0x00, 0x00, 0x00, 0x28, 0xFF, 0xF4, 0x00,
    0x00, 0x00, 0x00, 0x28, 0xFF, 0xF4, 0x00, 0x00, 0x00, 0x00, 0x28, 0xFF, 0xF4, 0x00, 0x00, 0x00,
    0x00, 0x28, 0xFF, 0xF4, 0x00, 0x00, 0x00, 0x00, 0x28, 0xFF, 0xF4, 0x00, 0x00, 0x00, 0x00, 0x00,
    0x00, 0x00, 0x3D, 0xA0, 0xDE, 0xF7, 0xF0, 0xD2, 0x89, 0x1C, 0x00, 0x00, 0x00, 0x00, 0x02, 0x99,
    0xFF, 0xFF, 0xFE, 0xE6, 0xF1, 0xFF, 0xFF, 0xF5, 0x57, 0x00, 0x00, 0x00, 0x7D, 0xFF, 0xEF, 0x68,
    0x09, 0x00, 0x00, 0x25, 0xA5, 0xFF, 0xFC, 0x32, 0x00, 0x01, 0xF0, 0xFF, 0x4D, 0x00, 0x00, 0x00,
    0x00, 0x00, 0x00, 0xB8, 0xFF, 0xA2, 0x00, 0x1A, 0xFF, 0xFF, 0x0C, 0x00, 0x00, 0x00, 0x00, 0x00,
    0x00, 0x2A, 0x60, 0x4A, 0x00, 0x0B, 0xFB, 0xFF, 0x4E, 0x00, 0x00, 0x00, 0x00, 0x00, 0x00, 0x00,
    0x00, 0x00, 0x00, 0x00, 0xA1, 0xFF, 0xF8, 0x82, 0x14, 0x00, 0x00, 0x00, 0x00, 0x00, 0x00, 0x00,
    0x00, 0x00, 0x0B, 0xA7, 0xFF, 0xFF, 0xFC, 0xC2, 0x7F, 0x36, 0x01, 0x00, 0x00, 0x00, 0x00, 0x00,
    0x00, 0x00, 0x43, 0xA8, 0xF6, 0xFF, 0xFF, 0xFF, 0xDF, 0x69, 0x06, 0x00, 0x00, 0x00, 0x00, 0x00,
    0x00, 0x00, 0x09, 0x45, 0x8C, 0xE0, 0xFF, 0xFF, 0xCC, 0x11, 0x00, 0x00, 0x00, 0x00, 0x00, 0x00,
    0x00, 0x00, 0x00, 0x00, 0x48, 0xE5, 0xFF, 0xA0, 0x00, 0x00, 0x00, 0x00, 0x00, 0x00, 0x00, 0x00,
    0x00, 0x00, 0x00, 0x4C, 0xFF, 0xF4, 0x00, 0x5B, 0x9C, 0x6F, 0x00, 0x00, 0x00, 0x00, 0x00, 0x00,
    0x00, 0x2E, 0xFF, 0xFB, 0x03, 0x67, 0xFF, 0xF0, 0x18, 0x00, 0x00, 0x00, 0x00, 0x00, 0x00, 0x8E,
    0xFF, 0xD0, 0x00, 0x0C, 0xE1, 0xFF, 0xD9, 0x4A, 0x05, 0x00, 0x00, 0x22, 0x98, 0xFF, 0xFF, 0x58,
    0x00, 0x00, 0x2B, 0xE0, 0xFF, 0xFF, 0xF7, 0xE1, 0xEC, 0xFF, 0xFF, 0xFB, 0x76, 0x00, 0x00, 0x00,
    0x00, 0x0B, 0x70, 0xC0, 0xEC, 0xFB, 0xEF, 0xD4, 0x90, 0x2A, 0x00, 0x00, 0x00, 0x00, 0x00, 0x00,
    0x00, 0x00, 0x00, 0x00, 0x00, 0x00, 0x00, 0x00, 0x00, 0x00, 0x00, 0x00, 0x00, 0x00, 0x00, 0x00,
    0x00, 0x00, 0x00, 0x00, 0x00, 0x00, 0x00, 0x00, 0x00, 0x00, 0x00, 0x00, 0x00, 0x00, 0x83, 0xFF,
    0x93, 0x00, 0x00, 0x00, 0x00, 0x00, 0x00, 0x00, 0x00, 0x00, 0x00, 0x00, 0xBF, 0xFF, 0x34, 0x00,
    0x00, 0x00, 0x00, 0x00, 0x00, 0x00, 0x00, 0x00, 0x00, 0x04, 0xF5, 0xD5, 0x00, 0x00, 0x00, 0x00,
    0x00, 0x00, 0x00, 0x00, 0x00, 0x00, 0x00, 0x36, 0xFF, 0x77, 0x00, 0x00, 0x00, 0x00, 0x00, 0x00,
    0x00, 0x00, 0x00, 0x3C, 0xAB, 0xE7, 0xF9, 0xE0, 0xAA, 0x2F, 0x00, 0x00, 0x00, 0x6E, 0xFF, 0xFF,
    0xF9, 0xE4, 0xF8, 0xFF, 0xF8, 0x43, 0x00, 0x1A, 0xF9, 0xFF, 0x80, 0x0A, 0x00, 0x08, 0x8A, 0xFF,
    0xE2, 0x06, 0x49, 0xFF, 0xDE, 0x00, 0x00, 0x00, 0x00, 0x00, 0x7B, 0x56, 0x09, 0x2A, 0xFF, 0xF7,
    0x31, 0x00, 0x00, 0x00, 0x00, 0x00, 0x00, 0x00, 0x00, 0xA2, 0xFF, 0xFB, 0xB5, 0x73, 0x3B, 0x05,
    0x00, 0x00, 0x00, 0x00, 0x01, 0x6A, 0xD2, 0xFF, 0xFF, 0xFF, 0xEE, 0x94, 0x0F, 0x00, 0x00, 0x00,
    0x00, 0x00, 0x1D, 0x57, 0x95, 0xEC, 0xFF, 0xD3, 0x07, 0x00, 0x00, 0x00, 0x00, 0x00, 0x00, 0x00,
    0x16, 0xEA, 0xFF, 0x54, 0x4A, 0xA2, 0x5C, 0x00, 0x00, 0x00, 0x00, 0x00, 0xCD, 0xFF, 0x6A, 0x62,
    0xFF, 0xED, 0x49, 0x01, 0x00, 0x0C, 0x80, 0xFF, 0xFD, 0x2B, 0x06, 0xB2, 0xFF, 0xFF, 0xF1, 0xE4,
    0xFB, 0xFF, 0xFF, 0x78, 0x00, 0x00, 0x05, 0x63, 0xC2, 0xE8, 0xF9, 0xE5, 0xAA, 0x3C, 0x00, 0x00,
    0x00, 0x00, 0x00, 0x00, 0x00, 0x00, 0x00, 0x00, 0x00, 0x00, 0x00, 0x00, 0x00, 0x00, 0x00, 0x00,
    0x00, 0x00, 0x00, 0x00, 0x00, 0x00, 0x00, 0x00, 0x00, 0x00, 0xBF, 0xFF, 0x57, 0x00, 0x00, 0x00,
    0x00, 0x00, 0x00, 0x00, 0x04, 0xF5, 0xF0, 0x08, 0x00, 0x00, 0x00, 0x00, 0x00, 0x00, 0x00, 0x37,
    0xFF, 0x99, 0x00, 0x00, 0x00, 0x00, 0x00, 0x00, 0x00, 0x00, 0x72, 0xFF, 0x3B, 0x00, 0x00, 0x00,
    0x00, 0x00, 0xD8, 0xFF, 0xFF, 0xFF, 0xFF, 0xFF, 0xFF, 0xFF, 0xFF, 0xFF, 0xFF, 0xFF, 0xFF, 0x58,
    0xB9, 0xDC, 0xDC, 0xDC, 0xDC, 0xE8, 0xFF, 0xFB, 0xDC, 0xDC, 0xDC, 0xDC, 0xDC, 0x4B, 0x00, 0x00,
    0x00, 0x00, 0x00, 0x5C, 0xFF, 0xE0, 0x00, 0x00, 0x00, 0x00, 0x00, 0x00, 0x00, 0x00, 0x00, 0x00,
    0x00, 0x5C, 0xFF, 0xE0, 0x00, 0x00, 0x00, 0x00, 0x00, 0x00, 0x00, 0x00, 0x00, 0x00, 0x00, 0x5C,
    0xFF, 0xE0, 0x00, 0x00, 0x00, 0x00, 0x00, 0x00, 0x00, 0x00, 0x00, 0x00, 0x00, 0x5C, 0xFF, 0xE0,
    0x00, 0x00, 0x00, 0x00, 0x00, 0x00, 0x00, 0x00, 0x00, 0x00, 0x00, 0x5C, 0xFF, 0xE0, 0x00, 0x00,
    0x00, 0x00, 0x00, 0x00, 0x00, 0x00, 0x00, 0x00, 0x00, 0x5C, 0xFF, 0xE0, 0x00, 0x00, 0x00, 0x00,
    0x00, 0x00, 0x00, 0x00, 0x00, 0x00, 0x00, 0x5C, 0xFF, 0xE0, 0x00, 0x00, 0x00, 0x00, 0x00, 0x00,
    0x00, 0x00, 0x00, 0x00, 0x00, 0x5C, 0xFF, 0xE0, 0x00, 0x00, 0x00, 0x00, 0x00, 0x00, 0x00, 0x00,
    0x00, 0x00, 0x00, 0x5C, 0xFF, 0xE0, 0x00, 0x00, 0x00, 0x00, 0x00, 0x00, 0x00, 0x00, 0x00, 0x00,
    0x00, 0x5C, 0xFF, 0xE0, 0x00, 0x00, 0x00, 0x00, 0x00, 0x00, 0x00, 0x00, 0x00, 0x00, 0x00, 0x5C,
    0xFF, 0xE0, 0x00, 0x00, 0x00, 0x00, 0x00, 0x00, 0x00, 0x00, 0x00, 0x00, 0x00, 0x5C, 0xFF, 0xE0,
    0x00, 0x00, 0x00, 0x00, 0x00, 0x00, 0x00, 0x00, 0x00, 0x00, 0x00, 0x5C, 0xFF, 0xE0, 0x00, 0x00,
    0x00, 0x00, 0x00, 0x00, 0x00, 0x00, 0x00, 0x00, 0x00, 0x5C, 0xFF, 0xE0, 0x00, 0x00, 0x00, 0x00,
    0x00, 0x00, 0x00, 0x00, 0x00, 0x00, 0x00, 0x5C, 0xFF, 0xE0, 0x00, 0x00, 0x00, 0x00, 0x00, 0x00,
    0x00, 0x00, 0x00, 0x00, 0x00, 0x00, 0x00, 0x00, 0x00, 0x00, 0x00, 0x00, 0x00, 0x00, 0x00, 0x00,
    0x00, 0x00, 0x00, 0x00, 0x00, 0x00, 0x00, 0x00, 0x00, 0x00, 0x00, 0x00, 0x00, 0x00, 0x00, 0x00,
    0x00, 0x77, 0xFF, 0x9F, 0x00, 0x00, 0x00, 0x00, 0x00, 0x00, 0x00, 0x00, 0x00, 0x00, 0x00, 0xB3,
    0xFF, 0x40, 0x00, 0x00, 0x00, 0x00, 0x00, 0x00, 0x00, 0x00, 0x00, 0x00, 0x01, 0xED, 0xE0, 0x01,
    0x00, 0x00, 0x00, 0x00, 0x00, 0x00, 0x00, 0x00, 0x00, 0x00, 0x2A, 0xFF, 0x83, 0x00, 0x00, 0x00,
    0x00, 0x00, 0x00, 0x00, 0x00, 0x00, 0xCC, 0xFF, 0x50, 0x00, 0x00, 0x00, 0x00, 0x00, 0xCC, 0xFF,
    0x50, 0x00, 0x00, 0x00, 0x00, 0x00, 0xCC, 0xFF, 0x50, 0x00, 0x00, 0x00, 0xC4, 0xFF, 0xFF, 0xFF,
    0xFF, 0xFF, 0xFF, 0x04, 0xA8, 0xDC, 0xF8, 0xFF, 0xE7, 0xDC, 0xDC, 0x03, 0x00, 0x00, 0xCC, 0xFF,
    0x50, 0x00, 0x00, 0x00, 0x00, 0x00, 0xCC, 0xFF, 0x50, 0x00, 0x00, 0x00, 0x00, 0x00, 0xCC, 0xFF,
    0x50, 0x00, 0x00, 0x00, 0x00, 0x00, 0xCC, 0xFF, 0x50, 0x00, 0x00, 0x00, 0x00, 0x00, 0xCC, 0xFF,
    0x50, 0x00, 0x00, 0x00, 0x00, 0x00, 0xCC, 0xFF, 0x50, 0x00, 0x00, 0x00, 0x00, 0x00, 0xCC, 0xFF,
    0x50, 0x00, 0x00, 0x00, 0x00, 0x00, 0xCA, 0xFF, 0x53, 0x00, 0x00, 0x00, 0x00, 0x00, 0xA9, 0xFF,
    0x92, 0x00, 0x00, 0x00, 0x00, 0x00, 0x46, 0xFF, 0xFF, 0xE6, 0xE8, 0x10, 0x00, 0x00, 0x00, 0x51,
    0xCB, 0xF4, 0xF0, 0x3A, 0x00, 0x00, 0x00, 0x00, 0x00, 0x00, 0x00, 0x00, 0x00, 0x00, 0x00, 0x00,
    0x00, 0x00, 0x00, 0x00, 0x00, 0x00, 0x00, 0xCF, 0xFF, 0x47, 0x00, 0x00, 0x00, 0x00, 0x0D, 0xFC,
    0xE5, 0x03, 0x00, 0x00, 0x00, 0x00, 0x47, 0xFF, 0x89, 0x00, 0x00, 0x00, 0x00, 0x00, 0x82, 0xFF,
    0x2B, 0x00, 0x00, 0x00, 0x00, 0x00, 0x00, 0x00, 0x00, 0x00, 0x26, 0x94, 0xD9, 0xF7, 0xF4, 0xD3,
    0x8B, 0x1F, 0x00, 0x00, 0x00, 0x00, 0x00, 0x00, 0x6F, 0xF9, 0xFF, 0xFE, 0xE5, 0xEB, 0xFF, 0xFF,
    0xF6, 0x49, 0x00, 0x00, 0x00, 0x00, 0x6C, 0xFF, 0xFE, 0x8E, 0x19, 0x00, 0x00, 0x20, 0x9A, 0xFB,
    0x26, 0x00, 0x00, 0x00, 0x22, 0xF8, 0xFF, 0x78, 0x00, 0x00, 0x00, 0x00, 0x00, 0x00, 0x22, 0x00,
    0x00, 0x00, 0x00, 0x93, 0xFF, 0xC6, 0x00, 0x00, 0x00, 0x00, 0x00, 0x00, 0x00, 0x00, 0x00, 0x00,
    0x00, 0x00, 0xE4, 0xFF, 0x61, 0x00, 0x00, 0x00, 0x00, 0x00, 0x00, 0x00, 0x00, 0x00, 0x04, 0xEB,
    0xFF, 0xFF, 0xFF, 0xFF, 0xFF, 0xFF, 0xFF, 0xFF, 0xFF, 0xFF, 0x54, 0x00, 0x00, 0x36, 0xDC, 0xE5,
    0xFF, 0xFD, 0xDC, 0xDC, 0xDC, 0xDC, 0xDC, 0xDC, 0xC9, 0x04, 0x00, 0x00, 0x00, 0x00, 0x42, 0xFF,
    0xEB, 0x00, 0x00, 0x00, 0x00, 0x00, 0x00, 0x00, 0x00, 0x00, 0x00, 0x04, 0xEB, 0xFF, 0xFF, 0xFF,
    0xFF, 0xFF, 0xFF, 0xFF, 0xFF, 0xD5, 0x00, 0x00, 0x00, 0x00, 0x36, 0xDC, 0xDC, 0xFF, 0xFF, 0xE3,
    0xDC, 0xDC, 0xDC, 0xDC, 0x61, 0x00, 0x00, 0x00, 0x00, 0x00, 0x00, 0x00, 0xDC, 0xFF, 0x6D, 0x00,
    0x00, 0x00, 0x00, 0x00, 0x00, 0x00, 0x00, 0x00, 0x00, 0x00, 0x00, 0x8A, 0xFF, 0xCF, 0x02, 0x00,
    0x00, 0x00, 0x00, 0x00, 0x00, 0x00, 0x00, 0x00, 0x00, 0x00, 0x1C, 0xF4, 0xFF, 0x83, 0x00, 0x00,
    0x00, 0x00, 0x00, 0x00, 0x1A, 0x00, 0x00, 0x00, 0x00, 0x00, 0x63, 0xFF, 0xFE, 0x93, 0x1A, 0x00,
    0x00, 0x20, 0x99, 0xF3, 0x15, 0x00, 0x00, 0x00, 0x00, 0x00, 0x67, 0xF8, 0xFF, 0xFE, 0xE5, 0xE9,
    0xFF, 0xFF, 0xF9, 0x46, 0x00, 0x00, 0x00, 0x00, 0x00, 0x00, 0x23, 0x92, 0xD9, 0xF7, 0xF5, 0xD3,
    0x8F, 0x25, 0x00,
};
